t,semaforo_C1,semaforo_C2
1,0,0
2,0,0
3,0,0
4,0,0
5,0,0
6,0,0
7,0,0
8,0,0
9,0,0
10,0,0
11,1,0
12,1,0
13,1,0
14,2,0
15,2,0
16,2,1
17,2,1
18,2,1
19,2,2
20,2,2
21,2,2
22,2,2
23,2,2
24,2,2
25,2,2
26,2,2
27,2,2
28,2,2
29,2,2
30,2,2
31,2,2
32,2,2
33,2,2
34,2,2
35,2,2
36,2,2
37,2,2
38,2,2
39,2,2
40,2,2
41,2,2
42,2,2
43,2,2
44,2,2
45,2,2
46,2,2
47,2,2
48,2,2
49,2,2
50,2,2
51,2,2
52,2,2
53,2,2
54,2,2
55,2,2
56,2,2
57,2,2
58,2,2
59,2,2
60,2,2
61,2,2
62,2,2
63,2,2
64,2,2
65,2,2
66,2,2
67,2,2
68,2,2
69,2,3
70,2,3
71,2,3
72,2,0
73,2,0
74,3,0
75,3,0
76,3,0
77,0,0
78,0,0
79,0,0
80,0,0
81,0,0
82,0,0
83,0,0
84,0,0
85,0,0
86,0,0
87,0,0
88,0,0
89,0,0
90,0,0
91,0,0
92,0,1
93,0,1
94,0,1
95,0,2
96,0,2
97,1,2
98,1,2
99,1,2
100,2,2
101,2,2
102,2,2
103,2,2
104,2,2
105,2,2
106,2,2
107,2,2
108,2,2
109,2,2
110,2,2
111,2,2
112,2,2
113,2,2
114,2,2
115,2,2
116,2,2
117,2,2
118,2,2
119,2,2
120,2,2
121,2,2
122,2,2
123,2,2
124,2,2
125,2,2
126,2,2
127,2,2
128,2,2
129,2,2
130,2,2
131,2,2
132,2,2
133,2,2
134,2,2
135,2,2
136,2,2
137,2,2
138,2,2
139,2,2
140,2,2
141,2,2
142,2,2
143,2,2
144,2,2
145,2,3
146,2,3
147,2,3
148,2,0
149,2,0
150,3,0
151,3,0
152,3,0
153,0,0
154,0,0
155,0,0
156,0,0
157,0,0
158,0,0
159,0,0
160,0,0
161,0,0
162,0,0
163,0,0
164,0,0
165,0,0
166,0,0
167,0,0
168,0,1
169,0,1
170,0,1
171,0,2
172,0,2
173,0,2
174,0,2
175,0,2
176,0,2
177,0,2
178,1,2
179,1,2
180,1,2
181,2,2
182,2,2
183,2,2
184,2,2
185,2,2
186,2,2
187,2,2
188,2,2
189,2,2
190,2,2
191,2,2
192,2,2
193,2,2
194,2,2
195,2,2
196,2,2
197,2,2
198,2,2
199,2,2
200,2,2
201,2,2
202,2,2
203,2,2
204,2,2
205,2,2
206,2,2
207,2,2
208,2,2
209,2,2
210,2,2
211,2,2
212,2,2
213,2,2
214,2,2
215,2,2
216,2,2
217,2,2
218,2,2
219,2,2
220,2,2
221,2,3
222,2,3
223,2,3
224,2,0
225,2,0
226,3,0
227,3,0
228,3,0
229,0,0
230,0,0
231,0,0
232,0,0
233,0,0
234,0,0
235,0,0
236,0,0
237,0,0
238,0,0
239,0,0
240,0,0
241,0,0
242,0,0
243,0,0
244,0,0
245,0,0
246,0,0
247,0,0
248,0,0
249,1,1
250,1,1
251,1,1
252,2,2
253,2,2
254,2,2
255,2,2
256,2,2
257,2,2
258,2,2
259,2,2
260,2,2
261,2,2
262,2,2
263,2,2
264,2,2
265,2,2
266,2,2
267,2,2
268,2,2
269,2,2
270,2,2
271,2,2
272,2,2
273,2,2
274,2,2
275,2,2
276,2,2
277,2,2
278,2,2
279,2,2
280,2,2
281,2,2
282,2,2
283,2,2
284,2,2
285,2,2
286,2,2
287,2,2
288,2,2
289,2,2
290,2,2
291,2,2
292,2,2
293,2,2
294,2,2
295,2,2
296,2,2
297,2,2
298,2,2
299,2,2
300,2,2
301,2,2
302,3,3
303,3,3
304,3,3
305,0,0
306,0,0
307,0,0
308,0,0
309,0,0
310,0,0
311,0,0
312,0,0
313,0,0
314,0,0
315,0,0
316,0,0
317,0,0
318,0,0
319,0,0
320,0,0
321,0,0
322,0,0
323,0,0
324,0,0
325,0,0
326,0,0
327,0,0
328,0,0
329,0,0
330,1,1
331,1,1
332,1,1
333,2,2
334,2,2
335,2,2
336,2,2
337,2,2
338,2,2
339,2,2
340,2,2
341,2,2
342,2,2
343,2,2
344,2,2
345,2,2
346,2,2
347,2,2
348,2,2
349,2,2
350,2,2
351,2,2
352,2,2
353,2,2
354,2,2
355,2,2
356,2,2
357,2,2
358,2,2
359,2,2
360,2,2
361,2,2
362,2,2
363,2,2
364,2,2
365,2,2
366,2,2
367,2,2
368,2,2
369,2,2
370,2,2
371,2,2
372,2,2
373,2,2
374,2,2
375,2,2
376,2,2
377,2,2
378,2,2
379,2,2
380,2,2
381,2,2
382,2,2
383,3,3
384,3,3
385,3,3
386,0,0
387,0,0
388,0,0
389,0,0
390,0,0
391,0,0
392,0,0
393,0,0
394,0,0
395,0,0
396,0,0
397,0,0
398,0,0
399,0,0
400,0,0
401,0,0
402,0,0
403,0,0
404,0,0
405,0,0
406,0,0
407,0,0
408,0,0
409,0,0
410,0,0
411,1,1
412,1,1
413,1,1
414,2,2
415,2,2
416,2,2
417,2,2
418,2,2
419,2,2
420,2,2
421,2,2
422,2,2
423,2,2
424,2,2
425,2,2
426,2,2
427,2,2
428,2,2
429,2,2
430,2,2
431,2,2
432,2,2
433,2,2
434,2,2
435,2,2
436,2,2
437,2,2
438,2,2
439,2,2
440,2,2
441,2,2
442,2,2
443,2,2
444,2,2
445,2,2
446,2,2
447,2,2
448,2,2
449,2,2
450,2,2
451,2,2
452,2,2
453,2,2
454,2,2
455,2,2
456,2,2
457,2,2
458,2,2
459,3,2
460,3,2
461,3,2
462,0,2
463,0,2
464,0,3
465,0,3
466,0,3
467,0,0
468,0,0
469,0,0
470,0,0
471,0,0
472,0,0
473,0,0
474,0,0
475,0,0
476,0,0
477,0,0
478,0,0
479,0,0
480,0,0
481,0,0
482,0,0
483,0,0
484,0,0
485,0,0
486,0,0
487,1,0
488,1,0
489,1,0
490,2,0
491,2,0
492,2,1
493,2,1
494,2,1
495,2,2
496,2,2
497,2,2
498,2,2
499,2,2
500,2,2
501,2,2
502,2,2
503,2,2
504,2,2
505,2,2
506,2,2
507,2,2
508,2,2
509,2,2
510,2,2
511,2,2
512,2,2
513,2,2
514,2,2
515,2,2
516,2,2
517,2,2
518,2,2
519,2,2
520,2,2
521,2,2
522,2,2
523,2,2
524,2,2
525,2,2
526,2,2
527,2,2
528,2,2
529,2,2
530,2,2
531,2,2
532,2,2
533,2,2
534,2,2
535,3,2
536,3,2
537,3,2
538,0,2
539,0,2
540,0,2
541,0,2
542,0,2
543,0,2
544,0,2
545,0,3
546,0,3
547,0,3
548,0,0
549,0,0
550,0,0
551,0,0
552,0,0
553,0,0
554,0,0
555,0,0
556,0,0
557,0,0
558,1,0
559,1,0
560,1,0
561,2,0
562,2,0
563,2,0
564,2,0
565,2,0
566,2,0
567,2,0
568,2,0
569,2,0
570,2,0
571,2,0
572,2,0
573,2,1
574,2,1
575,2,1
576,2,2
577,2,2
578,2,2
579,2,2
580,2,2
581,2,2
582,2,2
583,2,2
584,2,2
585,2,2
586,2,2
587,2,2
588,2,2
589,2,2
590,2,2
591,2,2
592,2,2
593,2,2
594,2,2
595,2,2
596,2,2
597,2,2
598,2,2
599,2,2
600,2,2
601,2,2
602,2,2
603,2,2
604,2,2
605,2,2
606,3,2
607,3,2
608,3,2
609,0,2
610,0,2
611,0,2
612,0,2
613,0,2
614,0,2
615,0,2
616,0,2
617,0,2
618,0,2
619,0,2
620,0,2
621,0,2
622,0,2
623,0,2
624,0,2
625,0,2
626,0,3
627,0,3
628,0,3
629,0,0
630,0,0
631,0,0
632,0,0
633,0,0
634,0,0
635,0,0
636,0,0
637,0,0
638,0,0
639,1,0
640,1,0
641,1,0
642,2,0
643,2,0
644,2,0
645,2,0
646,2,0
647,2,0
648,2,0
649,2,0
650,2,0
651,2,0
652,2,0
653,2,0
654,2,1
655,2,1
656,2,1
657,2,2
658,2,2
659,2,2
660,2,2
661,2,2
662,2,2
663,2,2
664,2,2
665,2,2
666,2,2
667,2,2
668,2,2
669,2,2
670,2,2
671,2,2
672,3,2
673,3,2
674,3,2
675,0,2
676,0,2
677,0,2
678,0,2
679,0,2
680,0,2
681,0,2
682,0,2
683,0,2
684,0,2
685,0,2
686,0,2
687,0,2
688,0,2
689,0,2
690,0,2
691,0,2
692,0,2
693,0,2
694,0,2
695,0,2
696,0,2
697,0,2
698,0,2
699,0,2
700,1,2
701,1,2
702,1,3
703,2,3
704,2,3
705,2,0
706,2,0
707,2,0
708,2,0
709,2,0
710,2,0
711,2,0
712,2,0
713,2,0
714,2,0
715,2,0
716,2,0
717,2,0
718,2,0
719,2,0
720,2,0
721,2,0
722,2,0
723,2,0
724,2,0
725,2,0
726,2,0
727,2,0
728,2,0
729,2,0
730,2,1
731,2,1
732,2,1
733,2,2
734,2,2
735,2,2
736,2,2
737,2,2
738,2,2
739,2,2
740,2,2
741,2,2
742,2,2
743,3,2
744,3,2
745,3,2
746,0,2
747,0,2
748,0,2
749,0,2
750,0,2
751,0,2
752,0,2
753,0,2
754,0,2
755,0,2
756,0,2
757,0,2
758,0,2
759,0,2
760,0,2
761,0,2
762,0,2
763,0,2
764,0,2
765,0,2
766,1,2
767,1,2
768,1,2
769,2,2
770,2,2
771,2,2
772,2,2
773,2,2
774,2,2
775,2,2
776,2,2
777,2,2
778,2,2
779,2,2
780,2,2
781,2,2
782,2,2
783,2,2
784,2,2
785,2,2
786,2,2
787,2,2
788,2,3
789,2,3
790,2,3
791,2,0
792,2,0
793,2,0
794,2,0
795,2,0
796,2,0
797,2,0
798,2,0
799,2,0
800,2,0
801,2,0
802,2,0
803,2,0
804,2,0
805,2,0
806,2,0
807,2,0
808,2,0
809,2,0
810,2,0
811,2,0
812,2,0
813,2,0
814,3,0
815,3,0
816,3,1
817,0,1
818,0,1
819,0,2
820,0,2
821,0,2
822,0,2
823,0,2
824,0,2
825,0,2
826,0,2
827,0,2
828,0,2
829,0,2
830,0,2
831,0,2
832,0,2
833,0,2
834,0,2
835,0,2
836,0,2
837,0,2
838,0,2
839,0,2
840,0,2
841,0,2
842,1,2
843,1,2
844,1,2
845,2,2
846,2,2
847,2,2
848,2,2
849,2,2
850,2,2
851,2,2
852,2,2
853,2,2
854,2,2
855,2,2
856,2,2
857,2,2
858,2,2
859,2,2
860,2,2
861,2,2
862,2,2
863,2,2
864,2,2
865,2,2
866,2,2
867,2,2
868,2,2
869,2,3
870,2,3
871,2,3
872,2,0
873,2,0
874,2,0
875,2,0
876,2,0
877,2,0
878,2,0
879,2,0
880,2,0
881,2,0
882,2,0
883,2,0
884,2,0
885,3,0
886,3,0
887,3,0
888,0,0
889,0,0
890,0,0
891,0,0
892,0,0
893,0,0
894,0,0
895,0,0
896,0,0
897,0,1
898,0,1
899,0,1
900,0,2
901,0,2
902,0,2
903,0,2
904,0,2
905,0,2
906,0,2
907,0,2
908,0,2
909,0,2
910,0,2
911,0,2
912,0,2
913,0,2
914,0,2
915,0,2
916,0,2
917,0,2
918,1,2
919,1,2
920,1,2
921,2,2
922,2,2
923,2,2
924,2,2
925,2,2
926,2,2
927,2,2
928,2,2
929,2,2
930,2,2
931,2,2
932,2,2
933,2,2
934,2,2
935,2,2
936,2,2
937,2,2
938,2,2
939,2,2
940,2,2
941,2,2
942,2,2
943,2,2
944,2,2
945,2,3
946,2,3
947,2,3
948,2,0
949,2,0
950,2,0
951,2,0
952,2,0
953,2,0
954,2,0
955,2,0
956,2,0
957,2,0
958,2,0
959,2,0
960,2,0
961,2,0
962,2,0
963,2,0
964,2,0
965,2,0
966,3,0
967,3,0
968,3,1
969,0,1
970,0,1
971,0,2
972,0,2
973,0,2
974,0,2
975,0,2
976,0,2
977,0,2
978,0,2
979,0,2
980,0,2
981,0,2
982,0,2
983,0,2
984,0,2
985,0,2
986,0,2
987,0,2
988,0,2
989,1,2
990,1,2
991,1,2
992,2,2
993,2,2
994,2,2
995,2,2
996,2,2
997,2,2
998,2,2
999,2,2
1000,2,2
1001,2,2
1002,2,2
1003,2,2
1004,2,2
1005,2,2
1006,2,2
1007,2,2
1008,2,2
1009,2,2
1010,2,2
1011,2,2
1012,2,2
1013,2,2
1014,2,2
1015,2,2
1016,2,2
1017,2,2
1018,2,2
1019,2,2
1020,2,2
1021,2,2
1022,2,2
1023,2,2
1024,2,2
1025,2,2
1026,2,3
1027,2,3
1028,2,3
1029,2,0
1030,2,0
1031,2,0
1032,3,0
1033,3,0
1034,3,0
1035,0,0
1036,0,0
1037,0,0
1038,0,0
1039,0,0
1040,0,0
1041,0,0
1042,0,0
1043,0,0
1044,0,0
1045,0,0
1046,0,0
1047,0,0
1048,0,0
1049,0,1
1050,0,1
1051,0,1
1052,0,2
1053,0,2
1054,0,2
1055,0,2
1056,0,2
1057,0,2
1058,0,2
1059,0,2
1060,1,2
1061,1,2
1062,1,2
1063,2,2
1064,2,2
1065,2,2
1066,2,2
1067,2,2
1068,2,2
1069,2,2
1070,2,2
1071,2,2
1072,2,2
1073,2,2
1074,2,2
1075,2,2
1076,2,2
1077,2,2
1078,2,2
1079,2,2
1080,2,2
1081,2,2
1082,2,2
1083,2,2
1084,2,2
1085,2,2
1086,2,2
1087,2,2
1088,2,2
1089,2,2
1090,2,2
1091,2,2
1092,2,2
1093,2,2
1094,2,2
1095,2,2
1096,2,2
1097,2,2
1098,2,2
1099,2,2
1100,2,2
1101,2,2
1102,2,3
1103,2,3
1104,2,3
1105,2,0
1106,2,0
1107,2,0
1108,3,0
1109,3,0
1110,3,0
1111,0,0
1112,0,0
1113,0,0
1114,0,0
1115,0,0
1116,0,0
1117,0,0
1118,0,0
1119,0,0
1120,0,0
1121,0,0
1122,0,0
1123,0,0
1124,0,0
1125,0,0
1126,0,0
1127,0,0
1128,0,0
1129,0,0
1130,0,1
1131,0,1
1132,0,1
1133,0,2
1134,0,2
1135,0,2
1136,1,2
1137,1,2
1138,1,2
1139,2,2
1140,2,2
1141,2,2
1142,2,2
1143,2,2
1144,2,2
1145,2,2
1146,2,2
1147,2,2
1148,2,2
1149,2,2
1150,2,2
1151,2,2
1152,2,2
1153,2,2
1154,2,2
1155,2,2
1156,2,2
1157,2,2
1158,2,2
1159,2,2
1160,2,2
1161,2,2
1162,2,2
1163,2,2
1164,2,2
1165,2,2
1166,2,2
1167,2,2
1168,2,2
1169,2,2
1170,2,2
1171,2,2
1172,2,2
1173,2,2
1174,2,2
1175,2,2
1176,2,2
1177,2,2
1178,2,3
1179,2,3
1180,2,3
1181,2,0
1182,2,0
1183,2,0
1184,3,0
1185,3,0
1186,3,0
1187,0,0
1188,0,0
1189,0,0
1190,0,0
1191,0,0
1192,0,0
1193,0,0
1194,0,0
1195,0,0
1196,0,0
1197,0,0
1198,0,0
1199,0,0
1200,0,0
1201,0,0
1202,0,0
1203,0,0
1204,0,0
1205,0,0
1206,0,1
1207,0,1
1208,0,1
1209,0,2
1210,0,2
1211,0,2
1212,1,2
1213,1,2
1214,1,2
1215,2,2
1216,2,2
1217,2,2
1218,2,2
1219,2,2
1220,2,2
1221,2,2
1222,2,2
1223,2,2
1224,2,2
1225,2,2
1226,2,2
1227,2,2
1228,2,2
1229,2,2
1230,2,2
1231,2,2
1232,2,2
1233,2,2
1234,2,2
1235,2,2
1236,2,2
1237,2,2
1238,2,2
1239,2,2
1240,2,2
1241,2,2
1242,2,2
1243,2,2
1244,2,2
1245,2,2
1246,2,2
1247,2,2
1248,2,2
1249,2,2
1250,2,2
1251,2,2
1252,2,2
1253,2,2
1254,2,2
1255,2,2
1256,2,2
1257,2,2
1258,2,2
1259,2,3
1260,2,3
1261,2,3
1262,2,0
1263,2,0
1264,2,0
1265,3,0
1266,3,0
1267,3,0
1268,0,0
1269,0,0
1270,0,0
1271,0,0
1272,0,0
1273,0,0
1274,0,0
1275,0,0
1276,0,0
1277,0,0
1278,0,0
1279,0,0
1280,0,0
1281,0,0
1282,0,0
1283,0,0
1284,0,0
1285,0,0
1286,0,0
1287,0,1
1288,0,1
1289,0,1
1290,0,2
1291,0,2
1292,0,2
1293,0,2
1294,0,2
1295,0,2
1296,0,2
1297,0,2
1298,1,2
1299,1,2
1300,1,2
1301,2,2
1302,2,2
1303,2,2
1304,2,2
1305,2,2
1306,2,2
1307,2,2
1308,2,2
1309,2,2
1310,2,2
1311,2,2
1312,2,2
1313,2,2
1314,2,2
1315,2,2
1316,2,2
1317,2,2
1318,2,2
1319,2,2
1320,2,2
1321,2,2
1322,2,2
1323,2,2
1324,2,2
1325,2,2
1326,2,2
1327,2,2
1328,2,2
1329,2,2
1330,2,2
1331,2,2
1332,2,2
1333,2,2
1334,2,2
1335,2,3
1336,2,3
1337,2,3
1338,2,0
1339,2,0
1340,2,0
1341,2,0
1342,2,0
1343,2,0
1344,2,0
1345,2,0
1346,3,0
1347,3,0
1348,3,0
1349,0,0
1350,0,0
1351,0,0
1352,0,0
1353,0,0
1354,0,0
1355,0,0
1356,0,0
1357,0,0
1358,0,0
1359,0,0
1360,0,0
1361,0,0
1362,0,0
1363,0,1
1364,0,1
1365,0,1
1366,0,2
1367,0,2
1368,0,2
1369,0,2
1370,0,2
1371,0,2
1372,0,2
1373,0,2
1374,0,2
1375,0,2
1376,0,2
1377,0,2
1378,0,2
1379,1,2
1380,1,2
1381,1,2
1382,2,2
1383,2,2
1384,2,2
1385,2,2
1386,2,2
1387,2,2
1388,2,2
1389,2,2
1390,2,2
1391,2,2
1392,2,2
1393,2,2
1394,2,2
1395,2,2
1396,2,2
1397,2,2
1398,2,2
1399,2,2
1400,2,2
1401,2,2
1402,2,2
1403,2,2
1404,2,2
1405,2,2
1406,2,2
1407,2,2
1408,2,2
1409,2,2
1410,2,2
1411,2,3
1412,2,3
1413,2,3
1414,2,0
1415,2,0
1416,2,0
1417,2,0
1418,2,0
1419,2,0
1420,2,0
1421,2,0
1422,3,0
1423,3,0
1424,3,0
1425,0,0
1426,0,0
1427,0,0
1428,0,0
1429,0,0
1430,0,0
1431,0,0
1432,0,0
1433,0,0
1434,0,0
1435,0,0
1436,0,0
1437,0,0
1438,0,0
1439,0,1
1440,0,1
1441,0,1
1442,0,2
1443,0,2
1444,0,2
1445,0,2
1446,0,2
1447,0,2
1448,0,2
1449,0,2
1450,1,2
1451,1,2
1452,1,2
1453,2,2
1454,2,2
1455,2,2
1456,2,2
1457,2,2
1458,2,2
1459,2,2
1460,2,2
1461,2,2
1462,2,2
1463,2,2
1464,2,2
1465,2,2
1466,2,2
1467,2,2
1468,2,2
1469,2,2
1470,2,2
1471,2,2
1472,2,2
1473,2,2
1474,2,2
1475,2,2
1476,2,2
1477,2,2
1478,2,2
1479,2,2
1480,2,2
1481,2,2
1482,2,2
1483,2,2
1484,2,2
1485,2,2
1486,2,2
1487,2,2
1488,2,2
1489,2,2
1490,2,2
1491,2,2
1492,2,3
1493,2,3
1494,2,3
1495,2,0
1496,2,0
1497,2,0
1498,3,0
1499,3,0
1500,3,0
1501,0,0
1502,0,0
1503,0,0
1504,0,0
1505,0,0
1506,0,0
1507,0,0
1508,0,0
1509,0,0
1510,0,0
1511,0,0
1512,0,0
1513,0,0
1514,0,0
1515,0,1
1516,0,1
1517,0,1
1518,0,2
1519,0,2
1520,0,2
1521,1,2
1522,1,2
1523,1,2
1524,2,2
1525,2,2
1526,2,2
1527,2,2
1528,2,2
1529,2,2
1530,2,2
1531,2,2
1532,2,2
1533,2,2
1534,2,2
1535,2,2
1536,2,2
1537,2,2
1538,2,2
1539,2,2
1540,2,2
1541,2,2
1542,2,2
1543,2,2
1544,2,2
1545,2,2
1546,2,2
1547,2,2
1548,2,2
1549,2,2
1550,2,2
1551,2,2
1552,2,2
1553,2,2
1554,2,2
1555,2,2
1556,2,2
1557,2,2
1558,2,2
1559,2,2
1560,2,2
1561,2,2
1562,2,2
1563,2,2
1564,2,2
1565,2,2
1566,2,2
1567,2,2
1568,2,3
1569,2,3
1570,2,3
1571,2,0
1572,2,0
1573,2,0
1574,3,0
1575,3,0
1576,3,0
1577,0,0
1578,0,0
1579,0,0
1580,0,0
1581,0,0
1582,0,0
1583,0,0
1584,0,0
1585,0,0
1586,0,0
1587,0,0
1588,0,0
1589,0,0
1590,0,0
1591,0,0
1592,0,0
1593,0,0
1594,0,0
1595,0,0
1596,0,1
1597,0,1
1598,0,1
1599,0,2
1600,0,2
1601,0,2
1602,1,2
1603,1,2
1604,1,2
1605,2,2
1606,2,2
1607,2,2
1608,2,2
1609,2,2
1610,2,2
1611,2,2
1612,2,2
1613,2,2
1614,2,2
1615,2,2
1616,2,2
1617,2,2
1618,2,2
1619,2,2
1620,2,2
1621,2,2
1622,2,2
1623,2,2
1624,2,2
1625,2,2
1626,2,2
1627,2,2
1628,2,2
1629,2,2
1630,2,2
1631,2,2
1632,2,2
1633,2,2
1634,2,2
1635,2,2
1636,2,2
1637,2,2
1638,2,2
1639,2,2
1640,2,2
1641,2,2
1642,2,2
1643,2,2
1644,2,2
1645,2,2
1646,2,2
1647,2,2
1648,2,2
1649,2,3
1650,2,3
1651,2,3
1652,2,0
1653,2,0
1654,2,0
1655,3,0
1656,3,0
1657,3,0
1658,0,0
1659,0,0
1660,0,0
1661,0,0
1662,0,0
1663,0,0
1664,0,0
1665,0,0
1666,0,0
1667,0,0
1668,0,0
1669,0,0
1670,0,0
1671,0,0
1672,0,0
1673,0,0
1674,0,0
1675,0,0
1676,0,0
1677,0,1
1678,0,1
1679,0,1
1680,0,2
1681,0,2
1682,0,2
1683,0,2
1684,0,2
1685,0,2
1686,0,2
1687,0,2
1688,1,2
1689,1,2
1690,1,2
1691,2,2
1692,2,2
1693,2,2
1694,2,2
1695,2,2
1696,2,2
1697,2,2
1698,2,2
1699,2,2
1700,2,2
1701,2,2
1702,2,2
1703,2,2
1704,2,2
1705,2,2
1706,2,2
1707,2,2
1708,2,2
1709,2,2
1710,2,2
1711,2,2
1712,2,2
1713,2,2
1714,2,2
1715,2,2
1716,2,2
1717,2,2
1718,2,2
1719,2,2
1720,2,2
1721,2,2
1722,2,2
1723,2,2
1724,2,2
1725,2,3
1726,2,3
1727,2,3
1728,2,0
1729,2,0
1730,2,0
1731,2,0
1732,2,0
1733,2,0
1734,2,0
1735,2,0
1736,3,0
1737,3,0
1738,3,0
1739,0,0
1740,0,0
1741,0,0
1742,0,0
1743,0,0
1744,0,0
1745,0,0
1746,0,0
1747,0,0
1748,0,0
1749,0,0
1750,0,0
1751,0,0
1752,0,0
1753,0,1
1754,0,1
1755,0,1
1756,0,2
1757,0,2
1758,0,2
1759,0,2
1760,0,2
1761,0,2
1762,0,2
1763,0,2
1764,1,2
1765,1,2
1766,1,2
1767,2,2
1768,2,2
1769,2,2
1770,2,2
1771,2,2
1772,2,2
1773,2,2
1774,2,2
1775,2,2
1776,2,2
1777,2,2
1778,2,2
1779,2,2
1780,2,2
1781,2,2
1782,2,2
1783,2,2
1784,2,2
1785,2,2
1786,2,2
1787,2,2
1788,2,2
1789,2,2
1790,2,2
1791,2,2
1792,2,2
1793,2,2
1794,2,2
1795,2,2
1796,2,2
1797,2,2
1798,2,2
1799,2,2
1800,2,2
1801,2,2
1802,2,2
1803,2,2
1804,2,2
1805,2,2
1806,2,3
1807,2,3
1808,2,3
1809,2,0
1810,2,0
1811,2,0
1812,3,0
1813,3,0
1814,3,0
1815,0,0
1816,0,0
1817,0,0
1818,0,0
1819,0,0
1820,0,0
1821,0,0
1822,0,0
1823,0,0
1824,0,0
1825,0,0
1826,0,0
1827,0,0
1828,0,0
1829,0,1
1830,0,1
1831,0,1
1832,0,2
1833,0,2
1834,0,2
1835,0,2
1836,0,2
1837,0,2
1838,0,2
1839,0,2
1840,1,2
1841,1,2
1842,1,2
1843,2,2
1844,2,2
1845,2,2
1846,2,2
1847,2,2
1848,2,2
1849,2,2
1850,2,2
1851,2,2
1852,2,2
1853,2,2
1854,2,2
1855,2,2
1856,2,2
1857,2,2
1858,2,2
1859,2,2
1860,2,2
1861,2,2
1862,2,2
1863,2,2
1864,2,2
1865,2,2
1866,2,2
1867,2,2
1868,2,2
1869,2,2
1870,2,2
1871,2,2
1872,2,2
1873,2,2
1874,2,2
1875,2,2
1876,2,2
1877,2,2
1878,2,2
1879,2,2
1880,2,2
1881,2,2
1882,2,3
1883,2,3
1884,2,3
1885,2,0
1886,2,0
1887,2,0
1888,3,0
1889,3,0
1890,3,0
1891,0,0
1892,0,0
1893,0,0
1894,0,0
1895,0,0
1896,0,0
1897,0,0
1898,0,0
1899,0,0
1900,0,0
1901,0,0
1902,0,0
1903,0,0
1904,0,0
1905,0,1
1906,0,1
1907,0,1
1908,0,2
1909,0,2
1910,0,2
1911,0,2
1912,0,2
1913,0,2
1914,0,2
1915,0,2
1916,0,2
1917,0,2
1918,0,2
1919,0,2
1920,0,2
1921,1,2
1922,1,2
1923,1,2
1924,2,2
1925,2,2
1926,2,2
1927,2,2
1928,2,2
1929,2,2
1930,2,2
1931,2,2
1932,2,2
1933,2,2
1934,2,2
1935,2,2
1936,2,2
1937,2,2
1938,2,2
1939,2,2
1940,2,2
1941,2,2
1942,2,2
1943,2,2
1944,2,2
1945,2,2
1946,2,2
1947,2,2
1948,2,3
1949,2,3
1950,2,3
1951,2,0
1952,2,0
1953,2,0
1954,2,0
1955,2,0
1956,2,0
1957,2,0
1958,2,0
1959,3,0
1960,3,0
1961,3,0
1962,0,0
1963,0,0
1964,0,0
1965,0,0
1966,0,0
1967,0,0
1968,0,0
1969,0,0
1970,0,0
1971,0,0
1972,0,0
1973,0,0
1974,0,0
1975,0,0
1976,0,1
1977,0,1
1978,0,1
1979,0,2
1980,0,2
1981,0,2
1982,0,2
1983,0,2
1984,0,2
1985,0,2
1986,0,2
1987,0,2
1988,0,2
1989,0,2
1990,0,2
1991,0,2
1992,1,2
1993,1,2
1994,1,2
1995,2,2
1996,2,2
1997,2,2
1998,2,2
1999,2,2
2000,2,2
2001,2,2
2002,2,2
2003,2,2
2004,2,2
2005,2,2
2006,2,2
2007,2,2
2008,2,2
2009,2,2
2010,2,2
2011,2,2
2012,2,2
2013,2,2
2014,2,2
2015,2,2
2016,2,2
2017,2,2
2018,2,2
2019,2,2
2020,2,2
2021,2,2
2022,2,2
2023,2,2
2024,2,3
2025,2,3
2026,2,3
2027,2,0
2028,2,0
2029,2,0
2030,3,0
2031,3,0
2032,3,0
2033,0,0
2034,0,0
2035,0,0
2036,0,0
2037,0,0
2038,0,0
2039,0,0
2040,0,0
2041,0,0
2042,0,1
2043,0,1
2044,0,1
2045,0,2
2046,0,2
2047,0,2
2048,0,2
2049,0,2
2050,0,2
2051,0,2
2052,0,2
2053,0,2
2054,0,2
2055,0,2
2056,0,2
2057,0,2
2058,0,2
2059,0,2
2060,0,2
2061,0,2
2062,0,2
2063,0,2
2064,0,2
2065,0,2
2066,0,2
2067,0,2
2068,1,2
2069,1,2
2070,1,2
2071,2,2
2072,2,2
2073,2,2
2074,2,2
2075,2,3
2076,2,3
2077,2,3
2078,2,0
2079,2,0
2080,2,0
2081,2,0
2082,2,0
2083,2,0
2084,2,0
2085,2,0
2086,2,0
2087,2,0
2088,2,0
2089,2,0
2090,2,0
2091,2,0
2092,2,0
2093,2,1
2094,2,1
2095,2,1
2096,2,2
2097,2,2
2098,2,2
2099,2,2
2100,2,2
2101,2,2
2102,2,2
2103,2,2
2104,2,2
2105,2,2
2106,2,2
2107,2,2
2108,2,2
2109,2,2
2110,2,2
2111,3,2
2112,3,2
2113,3,2
2114,0,2
2115,0,2
2116,0,2
2117,0,2
2118,0,2
2119,0,2
2120,0,2
2121,0,2
2122,0,2
2123,0,2
2124,0,2
2125,0,2
2126,0,2
2127,0,2
2128,0,2
2129,0,2
2130,0,2
2131,0,2
2132,0,2
2133,0,2
2134,0,2
2135,0,2
2136,0,3
2137,0,3
2138,0,3
2139,0,0
2140,0,0
2141,0,0
2142,0,0
2143,0,0
2144,0,0
2145,0,0
2146,0,0
2147,0,0
2148,0,0
2149,1,0
2150,1,0
2151,1,0
2152,2,0
2153,2,0
2154,2,0
2155,2,0
2156,2,0
2157,2,0
2158,2,0
2159,2,1
2160,2,1
2161,2,1
2162,2,2
2163,2,2
2164,2,2
2165,2,2
2166,2,2
2167,2,2
2168,2,2
2169,2,2
2170,2,2
2171,2,2
2172,2,2
2173,2,2
2174,2,2
2175,2,2
2176,2,2
2177,2,2
2178,2,2
2179,2,2
2180,2,2
2181,2,2
2182,3,2
2183,3,2
2184,3,2
2185,0,2
2186,0,2
2187,0,2
2188,0,2
2189,0,2
2190,0,2
2191,0,2
2192,0,2
2193,0,2
2194,0,2
2195,0,2
2196,0,2
2197,0,2
2198,0,2
2199,0,2
2200,0,2
2201,0,2
2202,0,3
2203,0,3
2204,0,3
2205,0,0
2206,0,0
2207,0,0
2208,0,0
2209,0,0
2210,0,0
2211,0,0
2212,0,0
2213,0,0
2214,0,0
2215,1,0
2216,1,0
2217,1,0
2218,2,0
2219,2,0
2220,2,0
2221,2,0
2222,2,0
2223,2,0
2224,2,0
2225,2,1
2226,2,1
2227,2,1
2228,2,2
2229,2,2
2230,2,2
2231,2,2
2232,2,2
2233,2,2
2234,2,2
2235,2,2
2236,2,2
2237,2,2
2238,2,2
2239,2,2
2240,2,2
2241,2,2
2242,2,2
2243,2,2
2244,2,2
2245,2,2
2246,2,2
2247,2,2
2248,2,2
2249,2,2
2250,2,2
2251,2,2
2252,2,2
2253,2,2
2254,2,2
2255,2,2
2256,2,2
2257,2,2
2258,3,2
2259,3,2
2260,3,2
2261,0,2
2262,0,2
2263,0,2
2264,0,2
2265,0,2
2266,0,2
2267,0,2
2268,0,2
2269,0,2
2270,0,2
2271,0,2
2272,0,2
2273,0,2
2274,0,2
2275,0,2
2276,0,2
2277,0,2
2278,0,3
2279,0,3
2280,0,3
2281,0,0
2282,0,0
2283,0,0
2284,0,0
2285,0,0
2286,1,0
2287,1,0
2288,1,0
2289,2,0
2290,2,0
2291,2,0
2292,2,0
2293,2,0
2294,2,0
2295,2,0
2296,2,0
2297,2,0
2298,2,0
2299,2,0
2300,2,0
2301,2,0
2302,2,0
2303,2,0
2304,2,0
2305,2,0
2306,2,1
2307,2,1
2308,2,1
2309,2,2
2310,2,2
2311,2,2
2312,2,2
2313,2,2
2314,2,2
2315,2,2
2316,2,2
2317,2,2
2318,2,2
2319,2,2
2320,2,2
2321,2,2
2322,2,2
2323,2,2
2324,3,2
2325,3,2
2326,3,2
2327,0,2
2328,0,2
2329,0,2
2330,0,2
2331,0,2
2332,0,2
2333,0,2
2334,0,2
2335,0,2
2336,0,2
2337,0,2
2338,0,2
2339,0,2
2340,0,2
2341,0,2
2342,0,2
2343,0,2
2344,0,2
2345,0,2
2346,0,2
2347,0,2
2348,0,2
2349,0,2
2350,0,2
2351,0,2
2352,0,2
2353,0,2
2354,0,3
2355,0,3
2356,0,3
2357,1,0
2358,1,0
2359,1,0
2360,2,0
2361,2,0
2362,2,0
2363,2,0
2364,2,0
2365,2,0
2366,2,0
2367,2,0
2368,2,0
2369,2,0
2370,2,0
2371,2,0
2372,2,0
2373,2,0
2374,2,0
2375,2,0
2376,2,0
2377,2,0
2378,2,0
2379,2,0
2380,2,0
2381,2,0
2382,2,0
2383,2,0
2384,2,0
2385,2,0
2386,2,0
2387,2,0
2388,2,0
2389,2,0
2390,3,0
2391,3,0
2392,3,0
2393,0,0
2394,0,0
2395,0,0
2396,0,0
2397,0,1
2398,0,1
2399,0,1
2400,0,2
2401,0,2
2402,0,2
2403,0,2
2404,0,2
2405,0,2
2406,0,2
2407,0,2
2408,0,2
2409,0,2
2410,0,2
2411,0,2
2412,0,2
2413,0,2
2414,0,2
2415,0,2
2416,0,2
2417,0,2
2418,0,2
2419,0,2
2420,0,2
2421,0,2
2422,0,2
2423,0,2
2424,0,2
2425,0,2
2426,0,2
2427,0,2
2428,0,2
2429,0,2
2430,0,2
2431,0,2
2432,0,2
2433,1,2
2434,1,2
2435,1,3
2436,2,3
2437,2,3
2438,2,0
2439,2,0
2440,2,0
2441,2,0
2442,2,0
2443,2,0
2444,2,0
2445,2,0
2446,2,0
2447,2,0
2448,2,0
2449,2,0
2450,2,0
2451,2,0
2452,2,0
2453,2,0
2454,2,0
2455,2,0
2456,2,0
2457,2,0
2458,2,0
2459,2,0
2460,2,0
2461,2,0
2462,2,0
2463,2,0
2464,2,0
2465,2,0
2466,2,0
2467,2,0
2468,2,1
2469,2,1
2470,2,1
2471,2,2
2472,2,2
2473,2,2
2474,2,2
2475,2,2
2476,3,2
2477,3,2
2478,3,2
2479,0,2
2480,0,2
2481,0,2
2482,0,2
2483,0,2
2484,0,2
2485,0,2
2486,0,2
2487,0,2
2488,0,2
2489,0,2
2490,0,2
2491,0,2
2492,0,2
2493,0,2
2494,0,2
2495,0,2
2496,0,2
2497,0,2
2498,0,2
2499,0,2
2500,0,2
2501,0,2
2502,0,2
2503,0,2
2504,0,2
2505,0,2
2506,0,2
2507,0,2
2508,0,2
2509,0,2
2510,0,2
2511,0,2
2512,0,2
2513,0,2
2514,0,2
2515,0,2
2516,0,3
2517,0,3
2518,0,3
2519,1,0
2520,1,0
2521,1,0
2522,2,0
2523,2,0
2524,2,0
2525,2,0
2526,2,0
2527,2,0
2528,2,0
2529,2,0
2530,2,0
2531,2,0
2532,2,0
2533,2,0
2534,2,0
2535,2,0
2536,2,0
2537,2,0
2538,2,0
2539,2,0
2540,2,0
2541,2,0
2542,2,0
2543,2,0
2544,2,0
2545,2,0
2546,2,0
2547,2,0
2548,2,0
2549,2,0
2550,2,0
2551,2,0
2552,3,0
2553,3,0
2554,3,1
2555,0,1
2556,0,1
2557,0,2
2558,0,2
2559,0,2
2560,0,2
2561,0,2
2562,0,2
2563,0,2
2564,0,2
2565,0,2
2566,0,2
2567,0,2
2568,0,2
2569,0,2
2570,0,2
2571,0,2
2572,0,2
2573,0,2
2574,0,2
2575,0,2
2576,0,2
2577,0,2
2578,0,2
2579,0,2
2580,0,2
2581,0,2
2582,0,3
2583,0,3
2584,0,3
2585,0,0
2586,0,0
2587,0,0
2588,0,0
2589,0,0
2590,1,0
2591,1,0
2592,1,0
2593,2,0
2594,2,0
2595,2,0
2596,2,0
2597,2,0
2598,2,0
2599,2,0
2600,2,0
2601,2,0
2602,2,0
2603,2,0
2604,2,0
2605,2,0
2606,2,0
2607,2,0
2608,2,0
2609,2,0
2610,2,0
2611,2,0
2612,2,0
2613,2,0
2614,2,0
2615,2,0
2616,2,0
2617,2,0
2618,2,0
2619,2,0
2620,2,0
2621,2,0
2622,2,0
2623,3,0
2624,3,0
2625,3,0
2626,0,0
2627,0,0
2628,0,0
2629,0,0
2630,0,0
2631,0,0
2632,0,0
2633,0,0
2634,0,0
2635,0,1
2636,0,1
2637,0,1
2638,0,2
2639,0,2
2640,0,2
2641,0,2
2642,0,2
2643,0,2
2644,0,2
2645,0,2
2646,0,2
2647,0,2
2648,0,3
2649,0,3
2650,0,3
2651,0,0
2652,0,0
2653,0,0
2654,0,0
2655,0,0
2656,1,0
2657,1,0
2658,1,0
2659,2,0
2660,2,0
2661,2,0
2662,2,0
2663,2,0
2664,2,0
2665,2,0
2666,2,0
2667,2,0
2668,2,0
2669,2,0
2670,2,0
2671,2,0
2672,2,0
2673,2,0
2674,2,0
2675,2,0
2676,2,0
2677,2,0
2678,2,0
2679,2,0
2680,2,0
2681,2,0
2682,2,0
2683,2,0
2684,2,0
2685,2,0
2686,2,0
2687,2,0
2688,2,0
2689,3,0
2690,3,0
2691,3,0
2692,0,0
2693,0,0
2694,0,0
2695,0,0
2696,0,0
2697,0,0
2698,0,0
2699,0,0
2700,0,0
2701,0,1
2702,0,1
2703,0,1
2704,0,2
2705,0,2
2706,0,2
2707,0,2
2708,0,2
2709,0,2
2710,0,2
2711,0,2
2712,0,2
2713,0,2
2714,0,2
2715,0,2
2716,0,2
2717,0,2
2718,0,2
2719,0,3
2720,0,3
2721,0,3
2722,0,0
2723,0,0
2724,0,0
2725,0,0
2726,0,0
2727,1,0
2728,1,0
2729,1,0
2730,2,0
2731,2,0
2732,2,0
2733,2,0
2734,2,0
2735,2,0
2736,2,0
2737,2,0
2738,2,0
2739,2,0
2740,2,0
2741,2,0
2742,2,0
2743,2,0
2744,2,0
2745,2,0
2746,2,0
2747,2,0
2748,2,0
2749,2,0
2750,2,0
2751,2,0
2752,2,0
2753,2,0
2754,2,0
2755,2,0
2756,2,0
2757,2,0
2758,2,0
2759,2,0
2760,3,0
2761,3,0
2762,3,0
2763,0,0
2764,0,0
2765,0,0
2766,0,0
2767,0,0
2768,0,0
2769,0,0
2770,0,0
2771,0,0
2772,0,0
2773,0,0
2774,0,0
2775,0,0
2776,0,0
2777,0,0
2778,0,0
2779,0,0
2780,0,0
2781,0,0
2782,0,1
2783,0,1
2784,0,1
2785,0,2
2786,0,2
2787,0,2
2788,0,2
2789,0,2
2790,0,2
2791,0,2
2792,0,2
2793,0,2
2794,0,2
2795,0,2
2796,0,2
2797,0,2
2798,0,2
2799,0,2
2800,0,3
2801,0,3
2802,0,3
2803,1,0
2804,1,0
2805,1,0
2806,2,0
2807,2,0
2808,2,0
2809,2,0
2810,2,0
2811,2,0
2812,2,0
2813,2,0
2814,2,0
2815,2,0
2816,2,0
2817,2,0
2818,2,0
2819,2,0
2820,2,0
2821,2,0
2822,2,0
2823,2,0
2824,2,0
2825,2,0
2826,2,0
2827,2,0
2828,2,0
2829,2,0
2830,2,0
2831,2,0
2832,2,0
2833,2,0
2834,2,0
2835,2,0
2836,3,0
2837,3,0
2838,3,0
2839,0,0
2840,0,0
2841,0,0
2842,0,0
2843,0,0
2844,0,0
2845,0,0
2846,0,0
2847,0,0
2848,0,1
2849,0,1
2850,0,1
2851,0,2
2852,0,2
2853,0,2
2854,0,2
2855,0,2
2856,0,2
2857,0,2
2858,0,2
2859,0,2
2860,0,2
2861,0,2
2862,0,2
2863,0,2
2864,0,2
2865,0,2
2866,0,2
2867,0,2
2868,0,2
2869,0,2
2870,0,2
2871,0,2
2872,0,2
2873,0,2
2874,1,2
2875,1,2
2876,1,3
2877,2,3
2878,2,3
2879,2,0
2880,2,0
2881,2,0
2882,2,0
2883,2,0
2884,2,0
2885,2,0
2886,2,0
2887,2,0
2888,2,0
2889,2,0
2890,2,0
2891,2,0
2892,2,0
2893,2,0
2894,2,0
2895,2,0
2896,2,0
2897,2,0
2898,2,0
2899,2,0
2900,2,0
2901,2,0
2902,2,0
2903,2,0
2904,2,0
2905,2,0
2906,2,0
2907,3,0
2908,3,0
2909,3,0
2910,0,0
2911,0,0
2912,0,0
2913,0,0
2914,0,0
2915,0,0
2916,0,0
2917,0,0
2918,0,0
2919,0,0
2920,0,0
2921,0,0
2922,0,0
2923,0,0
2924,0,0
2925,0,0
2926,0,0
2927,0,0
2928,0,0
2929,0,1
2930,0,1
2931,0,1
2932,0,2
2933,0,2
2934,0,2
2935,0,2
2936,0,2
2937,0,2
2938,0,2
2939,0,2
2940,0,2
2941,0,2
2942,0,3
2943,0,3
2944,0,3
2945,0,0
2946,0,0
2947,0,0
2948,0,0
2949,0,0
2950,1,0
2951,1,0
2952,1,0
2953,2,0
2954,2,0
2955,2,0
2956,2,0
2957,2,0
2958,2,0
2959,2,0
2960,2,0
2961,2,0
2962,2,0
2963,2,0
2964,2,0
2965,2,0
2966,2,0
2967,2,0
2968,2,0
2969,2,0
2970,2,0
2971,2,0
2972,2,0
2973,2,0
2974,2,0
2975,2,0
2976,2,0
2977,2,0
2978,2,0
2979,2,0
2980,2,0
2981,2,0
2982,2,0
2983,3,0
2984,3,0
2985,3,1
2986,0,1
2987,0,1
2988,0,2
2989,0,2
2990,0,2
2991,0,2
2992,0,2
2993,0,2
2994,0,2
2995,0,2
2996,0,2
2997,0,2
2998,0,2
2999,0,2
3000,0,2
3001,0,2
3002,0,2
3003,0,2
3004,0,2
3005,0,2
3006,0,2
3007,0,2
3008,0,3
3009,0,3
3010,0,3
3011,1,0
3012,1,0
3013,1,0
3014,2,0
3015,2,0
3016,2,0
3017,2,0
3018,2,0
3019,2,0
3020,2,0
3021,2,0
3022,2,0
3023,2,0
3024,2,0
3025,2,0
3026,2,0
3027,2,0
3028,2,0
3029,2,0
3030,2,0
3031,2,0
3032,2,0
3033,2,0
3034,2,0
3035,2,0
3036,2,0
3037,2,0
3038,2,0
3039,2,0
3040,2,0
3041,2,0
3042,2,0
3043,2,0
3044,3,0
3045,3,0
3046,3,0
3047,0,0
3048,0,0
3049,0,0
3050,0,0
3051,0,1
3052,0,1
3053,0,1
3054,0,2
3055,0,2
3056,0,2
3057,0,2
3058,0,2
3059,0,2
3060,0,2
3061,0,2
3062,0,2
3063,0,2
3064,0,2
3065,0,2
3066,0,2
3067,0,2
3068,0,2
3069,0,3
3070,0,3
3071,0,3
3072,0,0
3073,0,0
3074,0,0
3075,0,0
3076,0,0
3077,1,0
3078,1,0
3079,1,0
3080,2,0
3081,2,0
3082,2,0
3083,2,0
3084,2,0
3085,2,0
3086,2,0
3087,2,0
3088,2,0
3089,2,0
3090,2,0
3091,2,0
3092,2,0
3093,2,0
3094,2,0
3095,2,0
3096,2,0
3097,2,0
3098,2,0
3099,2,0
3100,2,0
3101,2,0
3102,2,0
3103,2,0
3104,2,0
3105,2,0
3106,2,0
3107,2,0
3108,2,0
3109,2,0
3110,3,0
3111,3,0
3112,3,0
3113,0,0
3114,0,0
3115,0,0
3116,0,0
3117,0,1
3118,0,1
3119,0,1
3120,0,2
3121,0,2
3122,0,2
3123,0,2
3124,0,2
3125,0,2
3126,0,2
3127,0,2
3128,0,2
3129,0,2
3130,0,3
3131,0,3
3132,0,3
3133,0,0
3134,0,0
3135,0,0
3136,0,0
3137,0,0
3138,0,0
3139,0,0
3140,0,0
3141,0,0
3142,0,0
3143,0,0
3144,0,0
3145,0,0
3146,0,0
3147,0,0
3148,1,0
3149,1,0
3150,1,0
3151,2,0
3152,2,0
3153,2,1
3154,2,1
3155,2,1
3156,2,2
3157,2,2
3158,2,2
3159,2,2
3160,2,2
3161,2,2
3162,2,2
3163,2,2
3164,2,2
3165,2,2
3166,2,2
3167,2,2
3168,2,2
3169,2,2
3170,2,2
3171,2,2
3172,2,2
3173,2,2
3174,2,2
3175,2,2
3176,2,2
3177,2,2
3178,2,2
3179,2,2
3180,2,2
3181,2,2
3182,2,2
3183,2,2
3184,2,2
3185,2,2
3186,3,3
3187,3,3
3188,3,3
3189,0,0
3190,0,0
3191,0,0
3192,0,0
3193,0,0
3194,0,0
3195,0,0
3196,0,0
3197,0,0
3198,0,0
3199,1,0
3200,1,0
3201,1,0
3202,2,0
3203,2,0
3204,2,0
3205,2,0
3206,2,0
3207,2,0
3208,2,0
3209,2,1
3210,2,1
3211,2,1
3212,2,2
3213,2,2
3214,2,2
3215,2,2
3216,2,2
3217,2,2
3218,2,2
3219,2,2
3220,2,2
3221,2,2
3222,2,2
3223,2,2
3224,2,2
3225,2,2
3226,2,2
3227,2,2
3228,2,2
3229,2,2
3230,2,2
3231,2,2
3232,2,2
3233,2,2
3234,2,2
3235,2,2
3236,2,2
3237,2,3
3238,2,3
3239,2,3
3240,2,0
3241,2,0
3242,3,0
3243,3,0
3244,3,0
3245,0,0
3246,0,0
3247,0,0
3248,0,0
3249,0,0
3250,0,0
3251,0,0
3252,0,0
3253,0,0
3254,0,0
3255,0,0
3256,0,0
3257,0,0
3258,0,0
3259,0,0
3260,0,0
3261,0,0
3262,0,0
3263,0,0
3264,0,0
3265,0,0
3266,0,0
3267,0,0
3268,0,0
3269,0,0
3270,0,0
3271,0,0
3272,0,0
3273,0,0
3274,0,0
3275,0,0
3276,0,0
3277,0,0
3278,0,0
3279,0,0
3280,0,0
3281,0,0
3282,0,0
3283,0,0
3284,0,0
3285,1,0
3286,1,0
3287,1,0
3288,2,0
3289,2,0
3290,2,1
3291,2,1
3292,2,1
3293,2,2
3294,2,2
3295,2,2
3296,2,2
3297,2,2
3298,2,2
3299,2,2
3300,2,2
3301,2,2
3302,2,2
3303,2,2
3304,2,2
3305,2,2
3306,2,2
3307,2,2
3308,2,3
3309,2,3
3310,2,3
3311,2,0
3312,2,0
3313,2,0
3314,2,0
3315,2,0
3316,2,0
3317,2,0
3318,3,0
3319,3,0
3320,3,0
3321,0,0
3322,0,0
3323,0,0
3324,0,0
3325,0,0
3326,0,0
3327,0,0
3328,0,0
3329,0,0
3330,0,0
3331,0,0
3332,0,0
3333,0,0
3334,0,0
3335,0,0
3336,0,0
3337,0,0
3338,0,0
3339,0,0
3340,0,0
3341,0,0
3342,0,0
3343,0,0
3344,0,0
3345,0,0
3346,0,0
3347,0,0
3348,0,0
3349,0,0
3350,0,0
3351,1,1
3352,1,1
3353,1,1
3354,2,2
3355,2,2
3356,2,2
3357,2,2
3358,2,2
3359,2,2
3360,2,2
3361,2,2
3362,2,2
3363,2,2
3364,2,2
3365,2,2
3366,2,2
3367,2,2
3368,2,2
3369,2,2
3370,2,2
3371,2,2
3372,2,2
3373,2,2
3374,2,3
3375,2,3
3376,2,3
3377,2,0
3378,2,0
3379,3,0
3380,3,0
3381,3,0
3382,0,0
3383,0,0
3384,0,0
3385,0,0
3386,0,0
3387,0,0
3388,0,0
3389,0,0
3390,0,0
3391,0,0
3392,0,0
3393,0,0
3394,0,0
3395,0,0
3396,0,0
3397,0,0
3398,0,0
3399,0,0
3400,0,0
3401,0,0
3402,0,0
3403,0,0
3404,0,0
3405,0,0
3406,0,0
3407,0,0
3408,0,0
3409,0,0
3410,0,0
3411,0,0
3412,0,1
3413,0,1
3414,0,1
3415,0,2
3416,0,2
3417,1,2
3418,1,2
3419,1,2
3420,2,2
3421,2,2
3422,2,2
3423,2,2
3424,2,2
3425,2,2
3426,2,2
3427,2,2
3428,2,2
3429,2,2
3430,2,2
3431,2,2
3432,2,2
3433,2,2
3434,2,2
3435,2,2
3436,2,2
3437,2,2
3438,2,2
3439,2,2
3440,2,2
3441,2,2
3442,2,2
3443,2,2
3444,2,2
3445,2,2
3446,2,2
3447,2,2
3448,2,2
3449,2,2
3450,2,3
3451,2,3
3452,2,3
3453,2,0
3454,2,0
3455,3,0
3456,3,0
3457,3,0
3458,0,0
3459,0,0
3460,0,0
3461,0,0
3462,0,0
3463,0,0
3464,0,0
3465,0,0
3466,0,0
3467,0,0
3468,0,0
3469,0,0
3470,0,0
3471,0,0
3472,0,0
3473,0,0
3474,0,0
3475,0,0
3476,0,0
3477,0,0
3478,1,1
3479,1,1
3480,1,1
3481,2,2
3482,2,2
3483,2,2
3484,2,2
3485,2,2
3486,2,2
3487,2,2
3488,2,2
3489,2,2
3490,2,2
3491,2,2
3492,2,2
3493,2,2
3494,2,2
3495,2,2
3496,2,2
3497,2,2
3498,2,2
3499,2,2
3500,2,2
3501,2,2
3502,2,2
3503,2,2
3504,2,2
3505,2,2
3506,2,3
3507,2,3
3508,2,3
3509,2,0
3510,2,0
3511,2,0
3512,2,0
3513,2,0
3514,2,0
3515,2,0
3516,3,0
3517,3,0
3518,3,0
3519,0,1
3520,0,1
3521,0,1
3522,0,2
3523,0,2
3524,0,2
3525,0,2
3526,0,2
3527,0,2
3528,0,2
3529,0,2
3530,0,2
3531,0,2
3532,0,3
3533,0,3
3534,0,3
3535,0,0
3536,0,0
3537,0,0
3538,0,0
3539,0,0
3540,0,0
3541,0,0
3542,0,0
3543,0,0
3544,0,0
3545,0,0
3546,0,0
3547,0,0
3548,0,0
3549,0,0
3550,0,0
3551,0,0
3552,0,0
3553,0,0
3554,0,0
3555,0,0
3556,0,0
3557,0,0
3558,0,0
3559,1,0
3560,1,0
3561,1,0
3562,2,0
3563,2,0
3564,2,0
3565,2,0
3566,2,0
3567,2,0
3568,2,0
3569,2,0
3570,2,1
3571,2,1
3572,2,1
3573,2,2
3574,2,2
3575,2,2
3576,2,2
3577,2,2
3578,2,2
3579,2,2
3580,2,2
3581,2,2
3582,2,2
3583,2,2
3584,2,2
3585,2,2
3586,2,2
3587,2,2
3588,2,3
3589,2,3
3590,2,3
3591,2,0
3592,3,0
3593,3,0
3594,3,0
3595,0,0
3596,0,0
3597,0,0
3598,0,0
3599,0,0
3600,0,0
