variante,base,episodio,semilla,lr,segundos,vehiculos,espera_prom,timeloss_prom,cola_prom,cola_max,recompensa,recompensa_decision,recompensa_total_decision,decisiones,decisiones_libres,cambios_fase,paradas_prom,throughput,co2_prom,nox_prom,no_terminados,spillback_tasa,spillback_seg,spillback_eventos,cola_max_enlace,veh_max_enlace,viaje_corredor_prom,retraso_corredor_prom,retraso_corredor_punta,paradas_corredor,paradas_corredor_le1,spill_activaciones,spill_suma,perdida_politica,perdida_valor,entropia_libre,kl_aprox,clipfrac,eval_timeloss,eval_espera
vecinos,42,1,43,1.00e-03,26.2,3545,80.12,207.26,47.81,103,-62194.4,-25.936,-75.454,1997,1320,674,8.186,2616,495.0,174.1,130,0.0,1,1,34,37,410.86,332.15,362.67,13.108,0.008,0,0.0,-0.0038,23.7002,0.6811,0.008,0.0622,,
vecinos,42,2,44,9.95e-04,21.4,3531,84.21,192.11,50.0,147,-66580.8,-27.765,-69.733,2025,1391,628,7.338,2667,476.4,168.5,128,0.0081,29,2,38,38,394.55,315.73,367.7,11.998,0.037,0,0.0,-0.0154,4.1461,0.6647,0.01,0.1669,,
vecinos,42,3,45,9.90e-04,20.6,3620,75.52,186.6,46.02,129,-60545.7,-25.248,-68.142,2042,1433,599,6.991,2786,473.7,166.2,35,0.0,2,2,34,37,341.59,259.28,301.99,9.787,0.081,0,0.0,-0.0081,2.1049,0.6328,0.0049,0.0572,,
vecinos,42,4,46,9.85e-04,20.1,3620,78.2,180.84,47.62,142,-63095.6,-26.312,-66.093,2052,1463,583,6.669,2775,464.2,163.8,61,0.0033,12,1,38,38,323.28,242.04,277.7,9.181,0.071,0,0.0,-0.0065,1.6155,0.5894,0.008,0.1244,,
vecinos,42,5,47,9.80e-04,18.7,3620,95.34,205.09,60.6,180,-78564.5,-34.278,-78.293,1994,1477,500,7.319,2787,505.6,179.4,0,0.0069,27,5,37,38,297.5,214.85,240.18,8.146,0.121,0,0.0,-0.0103,2.489,0.5574,0.0081,0.0939,,
vecinos,42,6,48,9.75e-04,23.6,3620,84.42,187.28,56.25,158,-69363.6,-31.673,-73.637,1927,1456,442,6.552,2843,477.7,168.8,0,0.0,0,0,31,38,280.89,197.84,220.7,7.334,0.148,0,0.0,-0.0091,1.6703,0.462,0.0108,0.1089,,
vecinos,42,7,49,9.70e-04,20.5,3620,80.65,168.47,54.57,144,-66515.8,-30.851,-66.826,1919,1488,401,5.674,2867,453.1,160.2,0,0.0,10,1,36,37,264.3,181.43,197.89,6.483,0.136,0,0.0,-0.0091,1.2601,0.4259,0.0074,0.0999,,
vecinos,42,8,50,9.65e-04,16.8,3620,75.55,163.04,51.89,122,-62046.0,-29.184,-65.255,1894,1468,391,5.556,2867,443.4,156.5,0,0.0,0,0,32,38,268.48,185.6,207.47,6.788,0.165,0,0.0,-0.0054,1.1802,0.4389,0.0045,0.0617,,
vecinos,42,9,51,9.60e-04,16.8,3620,80.72,165.59,55.6,141,-66932.5,-31.602,-66.538,1902,1496,365,5.399,2855,448.1,158.3,0,0.0,0,0,32,37,268.8,185.67,206.76,6.425,0.15,0,0.0,-0.012,1.3042,0.4503,0.0067,0.0845,,
vecinos,42,10,52,9.55e-04,17.2,3620,78.4,155.95,52.41,152,-65366.2,-29.93,-60.955,1964,1550,369,5.038,2829,433.2,153.3,0,0.0006,2,1,34,37,272.05,188.93,213.8,6.236,0.199,0,0.0,-0.0062,1.3851,0.3802,0.0057,0.0781,153.87,94.62
vecinos,42,11,53,9.50e-04,16.8,3620,78.76,154.63,52.19,143,-66003.5,-29.974,-59.897,1988,1579,361,4.948,2824,432.9,153.2,0,0.0014,15,5,35,37,276.13,193.16,220.42,6.485,0.24,0,0.0,-0.005,1.2504,0.3709,0.005,0.0661,,
vecinos,42,12,54,9.45e-04,16.9,3620,80.11,155.29,54.42,160,-67082.9,-31.23,-61.751,1939,1527,351,4.89,2845,433.9,153.6,0,0.0031,11,1,37,37,261.62,178.85,198.89,5.934,0.229,0,0.0,-0.0055,1.1462,0.3674,0.0056,0.0662,,
vecinos,42,13,55,9.40e-04,17.1,3620,82.15,157.06,54.87,147,-69047.7,-31.615,-61.306,1981,1585,341,4.893,2819,437.3,155.0,0,0.0,0,0,33,38,277.59,194.73,217.43,6.327,0.202,0,0.0,-0.0031,1.0952,0.3188,0.0044,0.0575,,
vecinos,42,14,56,9.35e-04,16.5,3620,74.22,137.73,50.06,137,-62433.6,-28.851,-53.904,1980,1612,311,4.088,2893,409.4,144.7,0,0.0006,16,3,37,37,266.77,183.73,202.76,5.588,0.221,0,0.0,-0.0014,1.1189,0.3215,0.0037,0.0444,,
vecinos,42,15,57,9.30e-04,17.0,3620,75.31,143.08,50.42,137,-62771.8,-28.794,-55.189,1994,1629,313,4.418,2855,417.4,147.6,0,0.0,0,0,31,37,276.34,193.56,216.73,6.155,0.216,0,0.0,-0.0096,1.1074,0.2973,0.0055,0.0646,,
vecinos,42,16,58,9.25e-04,18.2,3620,75.56,142.07,49.82,144,-64022.3,-28.917,-54.374,2032,1661,307,4.215,2850,413.6,146.4,0,0.0022,8,1,34,37,272.12,189.0,210.27,5.785,0.235,0,0.0,-0.0042,0.9911,0.2862,0.0048,0.0539,,
vecinos,42,17,59,9.20e-04,18.0,3620,68.3,131.96,45.78,131,-57009.2,-26.151,-50.912,1993,1626,316,4.119,2885,399.7,141.0,0,0.0,3,1,34,37,268.75,185.91,209.67,5.914,0.232,0,0.0,0.0008,0.6965,0.2852,0.0049,0.0534,,
vecinos,42,18,60,9.15e-04,18.1,3620,67.75,132.12,45.8,122,-56397.2,-26.086,-51.361,1972,1605,320,4.102,2886,400.9,141.2,0,0.0,6,1,34,37,266.04,182.89,203.13,5.84,0.201,0,0.0,-0.002,0.8319,0.2998,0.0046,0.0511,,
vecinos,42,19,61,9.10e-04,19.1,3620,78.18,142.04,51.07,142,-66984.3,-29.984,-54.365,2050,1686,309,4.07,2829,416.1,147.3,0,0.0033,12,1,35,38,285.19,202.23,233.7,5.899,0.201,0,0.0,-0.0093,0.8983,0.2971,0.009,0.0934,,
vecinos,42,20,62,9.05e-04,16.7,3620,74.61,136.53,49.65,151,-63578.3,-28.978,-53.147,2006,1638,317,3.993,2875,407.5,144.1,0,0.0003,1,1,34,38,272.77,189.88,209.6,5.599,0.216,0,0.0,-0.0064,1.1138,0.2753,0.006,0.0684,131.56,75.91
vecinos,42,21,63,9.00e-04,17.0,3620,70.51,130.7,47.53,123,-59138.4,-27.303,-50.874,1984,1627,308,3.945,2890,398.9,141.0,0,0.0,0,0,33,38,264.19,181.36,197.43,5.645,0.234,0,0.0,-0.006,0.918,0.2961,0.0056,0.0718,,
vecinos,42,22,64,8.95e-04,17.8,3620,67.81,130.39,45.81,119,-56335.6,-26.057,-50.567,1976,1609,316,4.167,2908,398.5,140.6,0,0.0,0,0,30,37,263.18,180.32,196.7,6.006,0.229,0,0.0,-0.0042,0.7757,0.2848,0.0053,0.0548,,
vecinos,42,23,65,8.90e-04,17.1,3620,70.17,131.21,47.09,138,-58690.8,-26.972,-50.954,1986,1617,321,4.093,2875,399.6,141.2,0,0.0,0,0,32,37,268.93,186.18,209.34,5.993,0.231,0,0.0,0.0023,0.947,0.2715,0.0059,0.0594,,
vecinos,42,24,66,8.85e-04,16.7,3620,67.67,127.37,45.62,134,-57013.4,-26.298,-49.786,1978,1610,321,3.873,2905,394.4,139.1,0,0.0,11,3,37,37,265.11,182.04,203.31,5.596,0.212,0,0.0,-0.002,0.9019,0.2619,0.0056,0.0655,,
vecinos,42,25,67,8.80e-04,17.2,3620,73.68,133.5,49.49,146,-62825.6,-28.899,-52.359,1995,1640,301,3.998,2877,404.5,143.2,0,0.0,0,0,33,37,271.98,189.15,207.57,5.871,0.206,0,0.0,-0.0026,0.8158,0.2552,0.0049,0.0522,,
vecinos,42,26,68,8.75e-04,17.4,3620,69.71,129.63,46.67,137,-59521.7,-27.279,-50.68,1997,1627,313,3.935,2887,397.5,140.5,0,0.0039,14,3,37,37,266.71,183.71,205.42,5.656,0.265,0,0.0,-0.0021,0.752,0.246,0.0035,0.0406,,
vecinos,42,27,69,8.70e-04,17.9,3620,74.1,136.61,48.95,159,-62761.9,-28.399,-52.493,2024,1650,313,3.984,2841,406.4,143.9,0,0.0011,4,1,34,37,277.35,194.31,221.4,5.674,0.241,0,0.0,-0.0028,1.0376,0.2239,0.0076,0.0623,,
vecinos,42,28,70,8.65e-04,17.4,3620,70.17,130.33,46.81,142,-58887.9,-26.889,-50.153,2009,1648,305,3.909,2863,398.3,140.8,0,0.0,0,0,33,38,269.66,186.52,208.64,5.68,0.27,0,0.0,-0.0032,0.8299,0.2201,0.0047,0.0486,,
vecinos,42,29,71,8.60e-04,17.6,3620,71.37,132.48,47.57,137,-60264.6,-27.518,-51.166,2009,1641,308,3.942,2853,401.3,141.9,0,0.0044,16,2,37,38,273.6,190.71,217.87,5.726,0.236,0,0.0,-0.0028,0.8584,0.2351,0.0055,0.0618,,
vecinos,42,30,72,8.55e-04,17.4,3620,70.64,129.37,47.08,139,-59731.9,-27.25,-49.859,2014,1649,301,3.721,2857,396.9,140.3,0,0.0025,9,1,35,37,266.31,183.59,205.2,5.279,0.257,0,0.0,-0.0036,0.9112,0.2264,0.0062,0.0627,123.08,69.27
vecinos,42,31,73,8.50e-04,17.4,3620,65.61,126.11,44.25,142,-54948.0,-25.368,-48.861,1984,1621,309,3.908,2887,392.7,138.4,0,0.0,0,0,31,37,266.14,183.22,203.67,5.83,0.206,0,0.0,-0.0038,0.8621,0.2581,0.0065,0.063,,
vecinos,42,32,74,8.45e-04,16.3,3620,64.07,119.27,43.68,124,-54078.8,-25.223,-46.987,1964,1604,304,3.594,2914,382.3,134.8,0,0.0,0,0,32,37,254.14,171.22,190.03,5.299,0.235,0,0.0,-0.0049,0.8261,0.2363,0.0097,0.0814,,
vecinos,42,33,75,8.40e-04,17.1,3620,73.91,132.96,49.56,147,-62746.9,-28.836,-51.669,2008,1657,286,3.712,2878,402.8,142.4,0,0.0,0,0,32,37,278.92,196.01,224.53,5.442,0.232,0,0.0,-0.0043,0.7433,0.2189,0.0056,0.0537,,
vecinos,42,34,76,8.35e-04,16.9,3620,67.62,127.74,45.82,125,-56452.4,-26.184,-49.754,1974,1610,307,3.8,2890,393.6,138.8,0,0.0,0,0,31,37,266.32,183.36,205.04,5.527,0.23,0,0.0,-0.0054,0.6994,0.2313,0.0058,0.0598,,
vecinos,42,35,77,8.30e-04,17.6,3620,64.19,121.41,43.49,133,-54083.8,-25.062,-47.28,1983,1622,297,3.695,2918,384.8,135.7,0,0.0,0,0,32,37,259.02,176.25,195.39,5.478,0.284,0,0.0,-0.0057,0.6364,0.2509,0.0061,0.062,,
vecinos,42,36,78,8.25e-04,17.1,3620,65.66,128.43,44.15,136,-54460.4,-25.051,-49.538,1980,1598,327,4.11,2883,394.8,139.2,0,0.0,0,0,32,37,265.03,182.07,204.66,5.854,0.259,0,0.0,-0.0035,0.8236,0.2391,0.0058,0.0574,,
vecinos,42,37,79,8.20e-04,17.6,3620,71.12,139.13,48.41,132,-60074.0,-27.993,-55.102,1951,1569,330,4.351,2882,410.0,144.7,0,0.0,0,0,31,37,264.26,181.36,201.15,5.762,0.239,0,0.0,-0.0006,0.8751,0.2556,0.0043,0.0447,,
vecinos,42,38,80,8.15e-04,16.8,3620,65.43,128.09,44.38,130,-54228.4,-25.176,-49.546,1973,1609,307,3.966,2910,394.0,138.8,0,0.0014,5,1,34,37,259.91,176.98,193.09,5.581,0.271,0,0.0,-0.0033,0.6367,0.221,0.0055,0.054,,
vecinos,42,39,81,8.10e-04,16.7,3620,69.12,129.91,47.34,132,-58769.8,-27.54,-51.77,1950,1585,312,3.923,2893,396.5,139.9,0,0.0,0,0,32,37,251.2,168.45,183.43,5.214,0.278,0,0.0,-0.0052,0.8247,0.2275,0.0053,0.0537,,
vecinos,42,40,82,8.05e-04,17.0,3620,66.93,131.74,45.63,130,-55494.1,-25.908,-51.317,1961,1592,308,4.203,2925,398.6,140.6,0,0.0,0,0,33,37,257.66,174.7,187.83,5.788,0.259,0,0.0,-0.0075,0.624,0.2449,0.0084,0.0664,135.77,75.68
vecinos,42,41,83,8.00e-04,16.5,3620,63.38,123.37,43.72,127,-52943.6,-24.973,-48.919,1935,1568,312,3.951,2924,387.8,136.6,0,0.0,9,1,37,37,253.26,170.35,183.9,5.664,0.252,0,0.0,-0.0044,0.8577,0.2601,0.0039,0.049,,
vecinos,42,42,84,7.95e-04,17.2,3620,63.31,128.05,42.51,122,-52429.7,-24.072,-49.286,1979,1587,336,4.172,2901,393.1,138.3,0,0.0,0,0,33,37,261.65,178.65,197.37,5.942,0.23,0,0.0,-0.0046,0.6194,0.2502,0.0065,0.0555,,
vecinos,42,43,85,7.90e-04,17.4,3620,63.62,127.41,43.48,122,-52611.4,-24.585,-50.034,1940,1556,339,4.13,2923,393.6,138.4,0,0.0,8,1,36,37,257.58,174.71,194.77,5.805,0.246,0,0.0,-0.0042,0.5843,0.2331,0.0072,0.0656,,
vecinos,42,44,86,7.85e-04,17.0,3620,70.61,134.63,48.12,131,-59118.7,-27.574,-53.037,1955,1583,318,4.159,2912,404.9,142.9,0,0.0,16,1,37,37,264.88,181.74,198.43,5.812,0.218,0,0.0,-0.007,0.6809,0.2264,0.0063,0.0626,,
vecinos,42,45,87,7.80e-04,20.2,3620,71.01,135.32,47.67,127,-59119.8,-27.194,-52.288,1989,1617,314,4.134,2883,405.4,143.2,0,0.0,0,0,32,38,265.46,182.54,198.49,5.759,0.253,0,0.0,-0.0061,0.7124,0.2403,0.0052,0.0559,,
vecinos,42,46,88,7.75e-04,17.8,3620,71.9,140.01,48.17,129,-59858.5,-27.458,-54.035,1988,1605,323,4.38,2869,411.5,145.3,0,0.0,0,0,33,37,269.31,186.53,206.08,5.995,0.248,0,0.0,-0.0059,0.8101,0.2181,0.0041,0.0476,,
vecinos,42,47,89,7.70e-04,19.9,3620,75.06,137.62,50.53,146,-63386.2,-29.237,-54.038,1980,1610,317,4.117,2883,407.9,144.4,0,0.0,13,1,36,38,267.6,184.77,202.42,5.649,0.208,0,0.0,-0.0057,0.8045,0.2282,0.0038,0.0436,,
vecinos,42,48,90,7.65e-04,19.4,3620,67.63,132.0,46.13,138,-56403.4,-26.332,-51.845,1952,1581,320,4.164,2904,400.1,141.0,0,0.0,0,0,32,37,260.42,177.5,192.46,5.715,0.228,0,0.0,-0.0034,0.7361,0.227,0.0045,0.0526,,
vecinos,42,49,91,7.60e-04,19.9,3620,69.67,131.95,47.25,127,-57860.0,-26.862,-51.574,1964,1588,321,4.208,2888,400.4,141.5,0,0.0,0,0,33,38,258.64,175.88,190.98,5.831,0.231,0,0.0,-0.0023,0.7332,0.2148,0.0045,0.0477,,
vecinos,42,50,92,7.55e-04,16.6,3620,66.12,132.93,44.65,120,-54687.2,-25.271,-51.298,1974,1594,321,4.332,2896,401.1,141.3,0,0.0,0,0,33,37,263.94,181.01,195.24,5.965,0.208,0,0.0,-0.0052,0.5433,0.2205,0.0048,0.0515,130.36,70.64
vecinos,42,51,93,7.50e-04,17.6,3620,67.53,131.75,45.51,139,-56234.6,-25.938,-51.006,1978,1598,322,4.257,2901,399.7,141.1,0,0.0003,1,1,34,38,259.51,176.69,191.33,5.976,0.228,0,0.0,-0.0019,0.772,0.2075,0.0045,0.047,,
vecinos,42,52,94,7.45e-04,19.3,3620,69.19,139.38,46.59,128,-57032.7,-26.307,-53.759,1974,1590,328,4.448,2880,410.1,144.6,0,0.0,0,0,30,38,266.33,183.36,198.8,6.024,0.215,0,0.0,-0.0011,0.727,0.1914,0.0058,0.0525,,
vecinos,42,53,95,7.40e-04,19.3,3620,69.02,129.55,46.87,127,-57479.4,-26.735,-50.503,1973,1612,299,4.004,2902,397.7,140.5,0,0.0003,1,1,34,38,257.34,174.59,188.51,5.584,0.248,0,0.0,-0.0038,0.6349,0.1671,0.005,0.0455,,
vecinos,42,54,96,7.35e-04,19.2,3620,75.9,139.02,51.69,155,-64226.6,-29.956,-55.03,1966,1608,302,4.069,2880,411.3,145.7,0,0.0069,25,2,38,38,256.0,172.74,186.38,5.202,0.266,0,0.0,-0.0044,0.8416,0.2052,0.0052,0.0438,,
vecinos,42,55,97,7.30e-04,17.9,3620,67.99,132.44,45.47,128,-56571.3,-25.903,-50.682,2001,1625,309,4.096,2874,401.0,141.5,0,0.0,0,0,32,38,256.87,173.93,189.87,5.627,0.284,0,0.0,-0.0001,0.6923,0.19,0.0041,0.0451,,
vecinos,42,56,98,7.25e-04,16.8,3620,68.43,130.37,46.44,110,-56620.4,-26.311,-50.584,1972,1610,305,4.118,2901,398.5,140.7,0,0.0,0,0,31,37,256.4,173.46,190.91,5.702,0.25,0,0.0,-0.0022,0.6306,0.2044,0.004,0.0471,,
vecinos,42,57,99,7.20e-04,18.3,3620,77.36,143.73,52.44,124,-64463.4,-29.955,-56.278,1967,1602,313,4.352,2885,417.1,147.8,0,0.0,15,1,37,38,261.81,179.04,193.93,5.583,0.221,0,0.0,-0.0037,0.7576,0.2158,0.0053,0.0554,,
vecinos,42,58,100,7.15e-04,19.0,3620,73.76,139.88,49.79,134,-61689.6,-28.534,-54.368,1981,1618,305,4.253,2876,412.1,145.6,0,0.0,0,0,33,37,261.47,178.61,195.08,5.735,0.23,0,0.0,-0.0051,0.8063,0.202,0.0053,0.0595,,
vecinos,42,59,101,7.10e-04,18.9,3620,75.98,138.21,50.81,152,-63933.2,-29.3,-53.643,2000,1630,309,4.197,2860,410.1,145.5,0,0.0053,19,3,37,37,258.91,176.24,191.59,5.576,0.262,0,0.0,-0.0027,0.8752,0.1983,0.0045,0.0478,,
vecinos,42,60,102,7.05e-04,19.3,3620,76.75,140.27,50.94,154,-65102.5,-29.619,-54.082,2021,1661,300,3.972,2863,412.1,146.0,0,0.0003,8,2,35,37,260.03,176.92,195.52,5.122,0.268,0,0.0,-0.0031,0.6618,0.1997,0.0052,0.0492,142.05,81.87
vecinos,42,61,103,7.00e-04,19.5,3620,75.42,140.11,50.59,161,-63740.5,-29.293,-54.442,1996,1631,303,4.13,2856,411.7,145.8,0,0.0042,15,4,35,37,258.19,175.46,192.63,5.278,0.258,0,0.0,-0.0018,0.7134,0.1987,0.0046,0.0556,,
vecinos,42,62,104,6.95e-04,18.2,3620,72.41,136.7,49.59,114,-60212.6,-28.242,-53.818,1951,1592,305,4.107,2912,407.3,143.7,0,0.0,11,1,37,38,262.13,179.14,198.15,5.588,0.224,0,0.0,-0.0045,0.6872,0.2079,0.0075,0.0689,,
vecinos,42,63,105,6.90e-04,20.3,3620,69.97,131.85,47.9,120,-58072.1,-27.213,-51.803,1953,1595,305,4.117,2915,401.6,141.7,0,0.0003,1,1,34,37,257.42,174.67,192.62,5.701,0.225,0,0.0,-0.0046,0.5115,0.2003,0.0049,0.0438,,
vecinos,42,64,106,6.85e-04,19.3,3620,76.95,141.91,52.46,138,-64458.7,-30.121,-56.003,1958,1600,308,4.268,2898,416.1,147.2,0,0.0,0,0,33,37,264.04,181.1,199.79,5.62,0.224,0,0.0,-0.0039,0.5747,0.1993,0.005,0.0504,,
vecinos,42,65,107,6.80e-04,19.5,3620,73.99,136.92,51.35,131,-61886.3,-29.414,-54.829,1929,1584,295,4.031,2914,407.8,144.3,0,0.0,0,0,32,38,251.22,168.33,184.26,5.164,0.238,0,0.0,-0.0051,0.5236,0.2055,0.0043,0.0527,,
vecinos,42,66,108,6.75e-04,17.7,3620,71.92,134.88,48.66,147,-61014.1,-28.273,-53.047,1977,1611,305,3.999,2893,403.8,142.8,0,0.0,0,0,32,38,253.57,170.58,185.91,5.241,0.272,0,0.0,-0.0047,0.9419,0.1836,0.0038,0.0466,,
vecinos,42,67,109,6.70e-04,19.8,3620,70.65,132.67,48.22,130,-58954.4,-27.549,-52.112,1958,1595,308,4.041,2897,402.2,142.0,0,0.0,0,0,31,37,254.5,171.79,190.29,5.444,0.264,0,0.0,-0.0032,0.777,0.187,0.0037,0.0415,,
vecinos,42,68,110,6.65e-04,18.7,3620,76.4,138.28,51.13,135,-64303.5,-29.497,-53.795,1996,1632,310,4.07,2874,409.8,145.2,0,0.0003,1,1,34,37,260.91,177.98,197.67,5.266,0.246,0,0.0,-0.0069,0.5932,0.2111,0.0056,0.0545,,
vecinos,42,69,111,6.60e-04,17.0,3620,69.16,132.3,47.28,135,-57192.6,-26.776,-51.783,1952,1596,311,4.142,2926,402.0,141.8,0,0.0,0,0,33,38,260.25,177.33,190.62,5.775,0.22,0,0.0,-0.0019,0.6896,0.1889,0.0049,0.0491,,
vecinos,42,70,112,6.55e-04,15.1,3620,69.96,133.41,47.33,129,-58354.0,-27.041,-52.017,1972,1612,315,4.167,2890,402.9,142.4,0,0.0,0,0,32,37,255.69,172.65,187.33,5.674,0.269,0,0.0,-0.0022,0.6163,0.1914,0.0055,0.0547,131.59,70.83
vecinos,42,71,113,6.50e-04,17.2,3620,68.48,129.94,46.48,131,-57921.6,-26.915,-51.161,1967,1605,313,4.037,2904,397.8,140.4,0,0.0,11,1,36,37,256.92,174.07,188.56,5.634,0.228,0,0.0,-0.0035,0.8507,0.1847,0.0034,0.0343,,
vecinos,42,72,114,6.45e-04,20.5,3620,70.94,132.11,47.95,139,-59254.3,-27.407,-51.521,1975,1614,315,4.056,2893,400.2,141.5,0,0.0,0,0,33,37,254.49,171.8,188.67,5.452,0.272,0,0.0,-0.0043,0.7066,0.1902,0.0036,0.0392,,
vecinos,42,73,115,6.40e-04,16.1,3620,71.16,133.31,48.74,118,-60096.0,-28.188,-53.036,1949,1592,309,4.064,2921,402.3,142.0,0,0.0,0,0,32,37,258.81,175.88,191.77,5.619,0.215,0,0.0,-0.0037,0.6687,0.1868,0.0039,0.0449,,
vecinos,42,74,116,6.35e-04,20.9,3620,66.26,125.69,44.68,127,-55211.3,-25.466,-48.683,1981,1622,315,3.937,2914,392.0,138.2,0,0.0,0,0,31,37,255.81,172.84,188.7,5.571,0.241,0,0.0,-0.0038,0.5323,0.1879,0.007,0.0609,,
vecinos,42,75,117,6.30e-04,18.6,3620,66.22,125.48,45.45,124,-55172.8,-25.903,-49.503,1946,1596,310,3.836,2931,390.1,137.5,0,0.0,0,0,32,37,251.02,168.21,183.32,5.327,0.282,0,0.0,-0.0022,0.5221,0.1902,0.0039,0.0433,,
vecinos,42,76,118,6.25e-04,19.8,3620,68.76,130.29,46.76,120,-57707.0,-26.89,-51.081,1968,1616,303,3.957,2922,398.4,140.6,0,0.0,0,0,31,37,257.0,174.07,189.54,5.475,0.249,0,0.0,-0.0047,0.4959,0.2045,0.0065,0.053,,
vecinos,42,77,119,6.20e-04,19.3,3620,67.47,128.33,45.82,126,-56115.3,-26.1,-49.91,1973,1620,301,3.943,2914,395.2,139.4,0,0.0,0,0,32,37,260.05,176.84,192.47,5.638,0.218,0,0.0,-0.0032,0.5481,0.1974,0.0039,0.0437,,
vecinos,42,78,120,6.15e-04,17.8,3620,65.64,127.45,43.96,116,-54152.1,-24.818,-48.683,1993,1626,317,4.072,2892,393.7,138.8,0,0.0,0,0,33,37,262.32,179.51,197.51,5.898,0.214,0,0.0,-0.0047,0.5442,0.1909,0.0042,0.0471,,
vecinos,42,79,121,6.10e-04,23.0,3620,78.31,142.06,51.89,139,-67986.3,-30.875,-55.858,2012,1653,321,4.185,2841,414.9,147.1,0,0.0,0,0,33,38,265.99,183.11,202.9,5.733,0.233,0,0.0,-0.0048,1.2717,0.2106,0.0055,0.061,,
vecinos,42,80,122,6.05e-04,16.5,3620,69.26,131.02,46.59,127,-57196.2,-26.358,-50.541,1982,1620,318,4.131,2907,399.0,140.8,0,0.0,0,0,32,37,263.17,180.2,197.86,5.735,0.236,0,0.0,-0.0043,0.6307,0.1904,0.0049,0.0484,122.51,66.64
vecinos,42,81,123,6.00e-04,18.4,3620,67.81,124.34,46.34,160,-56796.0,-26.565,-49.028,1958,1607,305,3.763,2917,390.0,137.8,0,0.0,8,1,37,37,252.84,170.02,185.65,5.185,0.254,0,0.0,-0.0063,0.7856,0.205,0.0036,0.0424,,
vecinos,42,82,124,5.95e-04,15.5,3620,68.09,128.32,45.88,144,-56546.0,-26.082,-49.577,1984,1637,312,3.909,2899,395.7,139.5,0,0.0,0,0,33,38,267.1,184.08,204.73,5.661,0.212,0,0.0,-0.0032,0.6403,0.1837,0.0045,0.0467,,
vecinos,42,83,125,5.90e-04,17.1,3620,64.9,123.49,44.51,120,-53583.5,-25.133,-48.386,1947,1595,313,3.777,2914,388.1,136.6,0,0.0,0,0,32,37,255.56,172.8,190.31,5.349,0.237,0,0.0,-0.0064,0.5429,0.1867,0.0056,0.0501,,
vecinos,42,84,126,5.85e-04,16.8,3620,68.31,129.16,46.42,135,-56711.3,-26.377,-50.413,1965,1608,312,4.015,2915,396.8,140.1,0,0.0,0,0,32,37,261.33,178.63,192.36,5.744,0.215,0,0.0,-0.0051,0.5065,0.1787,0.0053,0.0519,,
vecinos,42,85,127,5.80e-04,15.8,3620,66.79,127.08,45.33,124,-55321.5,-25.707,-49.317,1971,1611,306,3.911,2903,393.0,138.6,0,0.0,0,0,31,37,260.85,177.86,192.45,5.605,0.249,0,0.0,-0.0033,0.4046,0.1654,0.0035,0.0357,,
vecinos,42,86,128,5.75e-04,16.0,3620,61.74,121.39,42.73,121,-51112.7,-24.178,-47.838,1934,1585,303,3.788,2942,384.6,135.1,0,0.0,0,0,32,37,253.0,170.19,184.58,5.459,0.279,0,0.0,-0.0035,0.5289,0.1707,0.0042,0.0466,,
vecinos,42,87,129,5.70e-04,16.0,3620,65.94,126.16,44.58,116,-54812.0,-25.352,-48.853,1980,1623,309,3.913,2897,392.3,138.3,0,0.0,0,0,32,37,255.6,172.7,189.29,5.55,0.276,0,0.0,-0.0014,0.6018,0.1907,0.0057,0.0577,,
vecinos,42,88,130,5.65e-04,13.4,3620,65.5,128.13,44.57,112,-53974.8,-25.128,-49.819,1960,1597,317,4.055,2914,393.8,138.6,0,0.0,0,0,32,37,259.89,176.64,193.69,5.805,0.239,0,0.0,-0.0061,0.4707,0.1888,0.0069,0.061,,
vecinos,42,89,131,5.60e-04,13.8,3620,66.01,128.03,45.27,122,-54180.0,-25.413,-50.097,1944,1576,317,4.137,2911,394.9,139.0,0,0.0,0,0,30,37,260.36,177.17,194.24,5.821,0.249,0,0.0,-0.0039,0.4238,0.1727,0.0042,0.0434,,
vecinos,42,90,132,5.55e-04,14.3,3620,69.01,128.98,46.15,131,-56987.2,-26.093,-49.577,1991,1618,326,3.985,2887,395.9,139.9,0,0.0,0,0,32,37,258.3,175.54,194.2,5.516,0.297,0,0.0,-0.0053,0.5371,0.1801,0.0029,0.0346,125.88,66.72
vecinos,42,91,133,5.50e-04,14.1,3620,65.96,127.76,44.2,138,-54369.3,-24.94,-48.854,1991,1626,319,4.118,2902,394.4,139.1,0,0.0,0,0,27,37,258.33,175.18,191.84,5.708,0.288,0,0.0,-0.0037,0.5685,0.1965,0.0042,0.0432,,
vecinos,42,92,134,5.45e-04,13.7,3620,65.63,127.73,44.5,119,-53973.9,-25.034,-49.259,1970,1609,313,4.112,2924,394.5,139.0,0,0.0,0,0,31,37,263.53,180.61,196.93,5.997,0.235,0,0.0,-0.0035,0.4751,0.1759,0.0033,0.0378,,
vecinos,42,93,135,5.40e-04,14.1,3620,72.23,133.63,48.46,167,-61253.9,-28.15,-52.177,1992,1635,311,3.953,2898,402.1,142.2,0,0.0,5,2,34,38,263.52,180.34,199.71,5.445,0.268,0,0.0,-0.0056,0.9316,0.167,0.005,0.0483,,
vecinos,42,94,136,5.35e-04,13.9,3620,67.61,128.9,45.56,142,-56428.5,-26.028,-49.845,1988,1632,303,3.905,2908,394.3,139.1,0,0.0,2,2,34,37,258.71,175.54,193.29,5.419,0.278,0,0.0,-0.0059,0.5951,0.1892,0.0055,0.0523,,
vecinos,42,95,137,5.30e-04,14.0,3620,72.75,134.7,47.87,137,-60830.3,-27.426,-51.314,2027,1656,321,4.058,2859,403.7,142.9,0,0.0,0,0,33,37,268.33,185.39,205.07,5.655,0.259,0,0.0,-0.0045,0.5583,0.1863,0.0049,0.0463,,
vecinos,42,96,138,5.25e-04,13.3,3620,66.45,126.59,45.26,120,-54786.2,-25.529,-49.228,1961,1608,313,3.915,2919,391.8,138.0,0,0.0,0,0,32,37,260.68,177.69,197.55,5.52,0.262,0,0.0,-0.003,0.5813,0.1765,0.0049,0.0438,,
vecinos,42,97,139,5.20e-04,12.8,3620,62.26,122.93,42.76,122,-51551.0,-24.202,-48.089,1948,1591,307,3.891,2933,386.8,136.1,0,0.0,0,0,32,37,255.32,172.49,189.31,5.622,0.259,0,0.0,-0.0031,0.4706,0.1877,0.0042,0.0414,,
vecinos,42,98,140,5.15e-04,12.9,3620,66.71,131.16,45.13,142,-55638.3,-25.758,-50.997,1970,1604,321,4.072,2899,398.6,140.4,0,0.0,0,0,32,38,260.03,177.13,194.66,5.615,0.274,0,0.0,-0.0039,0.704,0.1948,0.0044,0.0428,,
vecinos,42,99,141,5.10e-04,12.6,3620,65.66,126.21,44.59,122,-54463.7,-25.308,-49.14,1964,1602,318,3.886,2897,390.9,137.8,0,0.0,0,0,31,37,256.73,173.93,193.47,5.446,0.259,0,0.0,-0.004,0.5238,0.2021,0.0042,0.0518,,
vecinos,42,100,142,5.05e-04,12.8,3620,65.65,130.66,44.33,127,-54222.5,-25.057,-50.418,1974,1609,321,4.186,2892,397.3,140.0,0,0.0,0,0,32,37,261.42,178.68,196.69,5.828,0.252,0,0.0,-0.002,0.6453,0.1888,0.0032,0.0363,124.43,67.82
vecinos,42,101,143,5.00e-04,12.7,3620,68.06,127.86,46.36,130,-56837.6,-26.51,-50.082,1963,1608,307,3.897,2936,394.4,139.2,0,0.0,12,2,35,38,257.46,174.62,190.7,5.465,0.252,0,0.0,-0.0029,0.4942,0.1896,0.0038,0.0415,,
vecinos,42,102,144,4.95e-04,13.4,3620,66.53,130.28,44.81,136,-55462.8,-25.559,-50.251,1986,1625,311,4.094,2894,397.4,140.0,0,0.0,0,0,32,38,265.62,182.55,202.82,5.866,0.262,0,0.0,-0.0039,0.5234,0.1718,0.0044,0.0485,,
vecinos,42,103,145,4.90e-04,13.1,3620,69.4,133.48,47.19,132,-57998.6,-27.001,-52.132,1969,1625,302,4.067,2894,401.7,141.8,0,0.0,0,0,30,37,262.03,179.11,198.28,5.625,0.251,0,0.0,-0.0039,0.6522,0.1812,0.004,0.0433,,
vecinos,42,104,146,4.85e-04,12.4,3620,64.35,125.07,43.92,129,-53199.9,-24.837,-48.814,1956,1591,315,3.993,2932,389.1,137.1,0,0.0,0,0,32,37,258.11,175.19,190.14,5.684,0.254,0,0.0,-0.0015,0.5472,0.171,0.0036,0.0404,,
vecinos,42,105,147,4.80e-04,13.2,3620,67.84,130.58,45.27,141,-56089.5,-25.635,-49.903,1999,1632,321,4.07,2883,397.2,140.2,0,0.0,0,0,32,37,263.37,180.67,199.49,5.616,0.274,0,0.0,-0.0038,0.5157,0.1727,0.0033,0.0406,,
vecinos,42,106,148,4.75e-04,13.3,3620,62.2,125.42,42.86,120,-51204.6,-24.13,-49.014,1941,1595,305,3.991,2928,389.5,136.8,0,0.0,0,0,32,37,256.93,173.82,191.84,5.636,0.254,0,0.0,-0.0049,0.3902,0.1824,0.0034,0.0404,,
vecinos,42,107,149,4.70e-04,13.0,3620,63.62,123.6,43.49,116,-52428.4,-24.522,-48.126,1955,1601,309,3.871,2916,387.0,136.2,0,0.0,0,0,31,37,257.8,174.81,195.18,5.51,0.234,0,0.0,-0.0075,0.461,0.1833,0.0078,0.0543,,
vecinos,42,108,150,4.65e-04,13.5,3620,71.1,133.52,47.99,143,-60111.8,-27.804,-52.329,1977,1630,313,3.99,2886,402.4,142.2,0,0.0,0,0,33,38,263.78,180.85,199.5,5.492,0.235,0,0.0,-0.0054,0.8147,0.1784,0.0058,0.0608,,
vecinos,42,109,151,4.60e-04,12.7,3620,64.14,126.28,43.88,133,-53486.0,-25.04,-49.476,1953,1606,311,3.898,2917,390.6,137.4,0,0.0,0,0,30,37,257.71,174.64,193.4,5.587,0.241,0,0.0,-0.0048,0.67,0.1681,0.0049,0.0472,,
vecinos,42,110,152,4.55e-04,13.4,3620,66.17,133.6,45.15,127,-54547.8,-25.466,-52.18,1949,1587,325,4.26,2927,401.4,141.2,0,0.0,0,0,32,37,264.86,181.92,200.54,5.932,0.217,0,0.0,-0.0029,0.4578,0.161,0.0035,0.0334,123.65,63.96
vecinos,42,111,153,4.50e-04,13.5,3620,65.06,126.76,44.38,129,-53857.0,-25.12,-49.559,1952,1592,324,3.904,2917,392.2,138.0,0,0.0,0,0,31,37,256.31,173.46,193.16,5.415,0.264,0,0.0,-0.0018,0.4777,0.1686,0.004,0.0407,,
vecinos,42,112,154,4.45e-04,13.5,3620,66.99,130.06,45.63,137,-55528.8,-25.9,-50.919,1953,1593,324,4.107,2905,397.0,139.9,0,0.0,0,0,30,37,261.24,178.15,196.55,5.698,0.232,0,0.0,-0.0052,0.579,0.1753,0.004,0.0435,,
vecinos,42,113,155,4.40e-04,13.0,3620,62.59,123.05,42.49,120,-51722.7,-24.012,-47.64,1967,1612,317,3.861,2907,386.5,136.0,0,0.0,0,0,33,37,258.45,175.75,195.83,5.655,0.249,0,0.0,-0.0048,0.6075,0.169,0.0038,0.0437,,
vecinos,42,114,156,4.35e-04,13.3,3620,65.92,129.32,44.76,130,-55010.2,-25.562,-50.507,1963,1602,322,4.063,2912,395.4,139.4,0,0.0,0,0,31,38,257.74,174.75,194.65,5.659,0.264,0,0.0,-0.0037,0.5015,0.1712,0.0041,0.0433,,
vecinos,42,115,157,4.30e-04,13.7,3620,68.02,129.47,46.45,143,-57019.8,-26.645,-51.081,1953,1604,315,3.943,2909,395.9,139.7,0,0.0,0,0,32,38,259.97,177.09,198.37,5.44,0.229,0,0.0,-0.0033,0.5503,0.1687,0.0028,0.0269,,
vecinos,42,116,158,4.25e-04,13.0,3620,61.94,124.74,43.0,145,-50759.5,-24.102,-49.167,1921,1573,314,3.983,2949,389.1,136.7,0,0.0,0,0,32,37,257.75,174.92,190.5,5.712,0.236,0,0.0,-0.0007,0.4497,0.1603,0.0039,0.0333,,
vecinos,42,117,159,4.20e-04,13.1,3620,60.9,120.06,42.14,118,-50091.1,-23.695,-47.243,1929,1580,313,3.855,2945,382.2,134.3,0,0.0,0,0,30,37,257.86,174.91,191.31,5.691,0.22,0,0.0,-0.003,0.3635,0.1689,0.0037,0.04,,
vecinos,42,118,160,4.15e-04,13.4,3620,67.47,127.69,46.08,128,-56415.7,-26.362,-50.301,1954,1599,315,3.85,2914,393.7,138.9,0,0.0003,1,1,34,38,257.09,174.06,194.3,5.368,0.229,0,0.0,-0.0031,0.4738,0.1725,0.0034,0.0382,,
vecinos,42,119,161,4.10e-04,13.4,3620,66.42,129.32,45.13,126,-55032.0,-25.596,-50.282,1964,1612,315,3.93,2921,396.3,139.5,0,0.0,0,0,32,37,266.17,183.19,205.94,5.654,0.242,0,0.0,-0.0023,0.3964,0.1481,0.0033,0.0348,,
vecinos,42,120,162,4.05e-04,13.1,3620,62.5,122.32,42.44,142,-51812.2,-24.054,-47.505,1966,1606,317,3.829,2909,384.8,135.5,0,0.0,0,0,33,37,256.86,173.66,193.59,5.517,0.266,0,0.0,-0.003,0.6163,0.1637,0.0028,0.031,126.68,68.45
vecinos,42,121,163,4.00e-04,14.7,3620,67.46,129.56,45.22,117,-55785.9,-25.59,-49.788,1988,1627,323,4.077,2876,396.5,139.8,0,0.0,0,0,32,37,266.08,183.11,205.7,5.804,0.221,0,0.0,0.004,0.4798,0.1639,0.0024,0.0307,,
vecinos,42,122,164,3.95e-04,13.7,3620,63.03,122.31,43.05,125,-52777.0,-24.639,-48.096,1953,1601,319,3.711,2916,385.4,135.7,0,0.0,0,0,33,38,255.68,172.89,194.02,5.376,0.256,0,0.0,-0.0068,0.4747,0.1629,0.0038,0.0476,,
vecinos,42,123,165,3.90e-04,14.1,3620,60.23,123.32,41.5,128,-49421.6,-23.268,-48.322,1932,1570,323,4.008,2940,385.8,135.4,0,0.0,0,0,32,37,261.01,178.18,198.83,5.905,0.222,0,0.0,-0.0047,0.4378,0.1556,0.0034,0.0412,,
vecinos,42,124,166,3.85e-04,13.4,3620,69.59,132.47,46.69,132,-58019.1,-26.663,-51.308,1984,1619,325,4.102,2876,399.5,141.1,0,0.0,12,1,35,38,264.31,181.52,200.37,5.632,0.24,0,0.0,-0.0027,0.6172,0.1711,0.0035,0.0411,,
vecinos,42,125,167,3.80e-04,13.5,3620,65.1,125.48,44.43,133,-53885.1,-25.18,-49.083,1953,1594,316,3.848,2930,390.6,137.5,0,0.0025,9,2,37,37,258.81,175.91,194.57,5.426,0.212,0,0.0,-0.0052,0.5767,0.1745,0.003,0.0364,,
vecinos,42,126,168,3.75e-04,13.2,3620,64.54,125.85,44.01,127,-53008.9,-24.724,-49.02,1954,1591,321,3.906,2921,390.7,137.7,0,0.0,0,0,32,37,256.25,173.41,191.22,5.488,0.221,0,0.0,-0.0047,0.6415,0.1695,0.0031,0.0354,,
vecinos,42,127,169,3.70e-04,12.3,3620,63.7,123.92,43.7,124,-52585.8,-24.665,-48.747,1937,1575,329,3.893,2923,387.5,136.4,0,0.0,0,0,31,37,256.23,173.49,192.13,5.521,0.252,0,0.0,-0.0068,0.5153,0.1752,0.0031,0.0348,,
vecinos,42,128,170,3.65e-04,12.4,3620,61.0,119.14,41.67,119,-50198.1,-23.457,-46.375,1953,1599,317,3.75,2925,381.0,133.9,0,0.0,0,0,32,37,257.45,174.31,193.51,5.546,0.242,0,0.0,-0.0049,0.463,0.1673,0.0047,0.0445,,
vecinos,42,129,171,3.60e-04,12.9,3620,62.65,127.65,43.3,131,-51294.4,-24.241,-49.914,1935,1588,305,4.067,2933,392.7,138.0,0,0.0,0,0,31,37,261.68,178.89,193.53,5.827,0.236,0,0.0,-0.0069,0.5727,0.165,0.0031,0.0422,,
vecinos,42,130,172,3.55e-04,12.7,3620,66.7,124.59,44.94,160,-56387.2,-25.985,-48.655,1983,1626,315,3.679,2902,388.2,136.8,0,0.0,9,1,37,37,261.87,178.89,200.16,5.269,0.254,0,0.0,-0.0031,0.6744,0.1741,0.0029,0.0341,133.05,72.05
vecinos,42,131,173,3.50e-04,12.9,3620,64.64,125.31,44.49,118,-53421.6,-25.151,-49.223,1942,1595,307,3.835,2925,389.8,137.2,0,0.0,0,0,30,37,259.29,176.46,194.05,5.485,0.227,0,0.0,-0.0031,0.4744,0.1835,0.0029,0.033,,
vecinos,42,132,174,3.45e-04,13.3,3620,64.31,124.56,43.92,116,-53098.5,-24.812,-48.804,1947,1583,327,3.864,2906,388.7,136.8,0,0.0,0,0,32,37,260.96,178.24,197.7,5.555,0.248,0,0.0,-0.0047,0.4793,0.1804,0.0029,0.0381,,
vecinos,42,133,175,3.40e-04,13.0,3620,72.47,133.58,49.38,155,-62260.6,-29.067,-53.588,1955,1604,317,4.005,2890,402.1,142.3,0,0.0,0,0,33,37,256.93,173.82,191.99,5.359,0.254,0,0.0,-0.0138,0.7671,0.202,0.0077,0.0692,,
vecinos,42,134,176,3.35e-04,13.3,3620,68.16,131.09,45.71,138,-57243.5,-26.283,-50.953,1984,1621,328,4.098,2889,397.8,140.3,0,0.0,0,0,31,38,267.24,184.18,204.13,5.831,0.215,0,0.0,-0.0056,0.7805,0.1898,0.0047,0.0483,,
vecinos,42,135,177,3.30e-04,13.5,3620,64.68,125.97,43.51,122,-53222.1,-24.504,-48.291,1984,1624,319,3.966,2900,390.6,137.7,0,0.0,0,0,32,37,262.5,179.45,198.88,5.692,0.282,0,0.0,-0.0036,0.5287,0.1849,0.0029,0.0326,,
vecinos,42,136,178,3.25e-04,12.7,3620,60.28,118.24,41.23,110,-49597.0,-23.176,-46.134,1947,1592,325,3.739,2915,378.6,133.1,0,0.0,0,0,31,37,255.29,172.38,191.86,5.502,0.259,0,0.0,-0.0043,0.5089,0.1879,0.0033,0.0357,,
vecinos,42,137,179,3.20e-04,13.8,3620,73.77,137.99,48.93,143,-61949.7,-28.159,-53.429,1997,1620,342,4.337,2831,409.0,144.8,0,0.0,17,2,36,37,266.15,183.05,205.11,5.942,0.246,0,0.0,-0.0006,0.7569,0.1968,0.0025,0.0296,,
vecinos,42,138,180,3.15e-04,13.1,3620,67.56,130.32,46.13,132,-55831.3,-26.089,-51.145,1944,1578,332,4.109,2886,398.0,140.4,0,0.0,0,0,33,37,259.54,176.63,195.1,5.603,0.241,0,0.0,-0.0018,0.8025,0.1933,0.0033,0.0447,,
vecinos,42,139,181,3.10e-04,13.2,3620,62.17,124.07,42.31,120,-50914.2,-23.703,-48.35,1946,1572,343,4.084,2914,387.8,136.4,0,0.0,0,0,32,38,259.59,176.68,193.44,5.901,0.235,0,0.0,-0.006,0.6284,0.2005,0.0027,0.0338,,
vecinos,42,140,182,3.05e-04,12.7,3620,62.62,124.77,43.55,124,-51759.3,-24.6,-49.688,1912,1558,324,3.936,2941,390.0,137.0,0,0.0017,6,1,35,37,259.98,177.16,195.3,5.721,0.221,0,0.0,-0.0038,0.5658,0.198,0.0022,0.0251,122.2,63.1
vecinos,42,141,183,3.00e-04,13.0,3620,64.82,127.35,43.75,128,-53355.9,-24.633,-49.345,1963,1590,341,4.121,2884,393.7,138.5,0,0.0,0,0,33,37,266.66,183.68,206.17,5.948,0.222,0,0.0,-0.0039,0.6058,0.1925,0.0022,0.0276,,
vecinos,42,142,184,2.95e-04,12.2,3620,64.92,125.23,44.59,132,-53786.4,-25.276,-49.435,1937,1581,324,3.824,2919,390.2,137.3,0,0.0,0,0,32,37,257.06,174.06,193.62,5.365,0.247,0,0.0,-0.0031,0.5602,0.1929,0.0025,0.0308,,
vecinos,42,143,185,2.90e-04,13.5,3620,64.96,125.3,44.22,137,-53838.1,-25.064,-49.073,1953,1590,329,3.919,2923,390.0,137.3,0,0.0,0,0,31,37,260.89,177.97,197.36,5.673,0.236,0,0.0,-0.006,0.5225,0.1828,0.0031,0.0398,,
vecinos,42,144,186,2.85e-04,14.2,3620,63.86,126.99,43.93,124,-53143.6,-24.997,-50.092,1937,1577,319,3.942,2921,391.8,137.7,0,0.0,0,0,31,37,258.61,175.63,194.61,5.609,0.251,0,0.0,-0.0007,0.4452,0.1805,0.0025,0.0286,,
vecinos,42,145,187,2.80e-04,12.9,3620,67.34,131.8,46.47,128,-56259.6,-26.588,-52.397,1930,1572,315,4.085,2927,399.7,140.8,0,0.0,0,0,29,37,259.12,176.16,192.79,5.599,0.228,0,0.0,-0.0055,0.4303,0.1892,0.0033,0.0435,,
vecinos,42,146,188,2.75e-04,13.6,3620,63.35,125.61,43.48,142,-53606.4,-25.167,-49.754,1946,1584,313,3.889,2924,389.9,137.1,0,0.0,0,0,31,37,255.62,172.78,191.73,5.511,0.255,0,0.0,-0.0051,0.6849,0.1761,0.0025,0.0291,,
vecinos,42,147,189,2.70e-04,13.9,3620,66.52,128.75,44.95,136,-54951.0,-25.417,-49.93,1968,1599,327,4.07,2910,395.7,139.5,0,0.0,0,0,32,37,262.17,179.38,198.67,5.784,0.25,0,0.0,-0.0046,0.4673,0.1757,0.0023,0.0313,,
vecinos,42,148,190,2.65e-04,13.7,3620,64.43,125.68,44.18,129,-53896.9,-25.28,-49.611,1945,1587,317,3.895,2919,390.0,137.2,0,0.0,0,0,33,37,255.0,171.79,192.49,5.436,0.26,0,0.0,-0.0022,0.4777,0.166,0.002,0.0253,,
vecinos,42,149,191,2.60e-04,11.9,3620,66.48,130.01,45.57,135,-55513.9,-26.038,-51.121,1948,1591,311,3.913,2915,396.7,139.6,0,0.0022,8,2,37,37,257.71,174.43,192.24,5.392,0.256,0,0.0,-0.0033,0.5855,0.1709,0.0024,0.0248,,
vecinos,42,150,192,2.55e-04,11.4,3620,68.38,131.59,46.4,130,-56689.0,-26.342,-51.394,1961,1595,323,4.122,2919,399.5,140.8,0,0.0,0,0,32,37,261.71,178.87,197.78,5.678,0.239,0,0.0,-0.0048,0.4166,0.1851,0.0025,0.0375,124.14,64.64
vecinos,42,151,193,2.50e-04,11.2,3620,68.52,130.06,47.37,131,-59402.0,-28.099,-52.99,1928,1572,313,3.953,2932,398.0,140.3,0,0.0,0,0,33,37,257.86,175.03,192.5,5.502,0.242,0,0.0,-0.0039,1.0411,0.1877,0.004,0.0472,,
vecinos,42,152,194,2.45e-04,11.0,3620,65.14,125.34,44.58,137,-54250.8,-25.398,-49.379,1945,1580,323,3.872,2931,390.7,137.6,0,0.0,6,1,35,37,257.25,174.47,194.48,5.444,0.205,0,0.0,-0.0053,0.7368,0.1819,0.0026,0.0378,,
vecinos,42,153,195,2.40e-04,11.3,3620,64.92,128.39,43.86,125,-53513.2,-24.752,-49.672,1966,1592,331,4.086,2909,395.2,139.1,0,0.0,0,0,31,38,265.44,182.48,200.56,5.872,0.188,0,0.0,-0.0042,0.5048,0.1714,0.0022,0.0282,,
vecinos,42,154,196,2.35e-04,11.4,3620,68.27,129.47,45.49,135,-56878.2,-25.948,-49.816,1996,1617,332,4.081,2890,397.6,140.2,0,0.0,0,0,32,37,268.69,185.7,207.24,5.915,0.192,0,0.0,-0.0057,0.5452,0.1846,0.0029,0.0359,,
vecinos,42,155,197,2.30e-04,11.7,3620,68.24,131.61,46.56,136,-56733.6,-26.486,-51.753,1949,1581,325,4.149,2905,399.6,141.0,0,0.0,0,0,32,37,257.72,174.73,194.42,5.621,0.224,0,0.0,-0.0049,0.5374,0.1847,0.0025,0.0336,,
vecinos,42,156,198,2.25e-04,11.3,3620,68.14,130.3,46.54,128,-56661.0,-26.477,-51.284,1949,1584,321,4.05,2912,398.7,140.5,0,0.0,15,1,37,37,258.02,175.17,196.01,5.546,0.231,0,0.0,-0.0055,0.596,0.1845,0.0022,0.029,,
vecinos,42,157,199,2.20e-04,11.3,3620,70.3,132.33,47.77,143,-58395.9,-27.161,-51.914,1957,1590,325,4.131,2887,400.1,141.3,0,0.0006,14,3,37,38,261.86,178.97,199.59,5.609,0.201,0,0.0,-0.0039,0.7165,0.1831,0.0024,0.0293,,
vecinos,42,158,200,2.15e-04,11.5,3620,66.3,129.56,44.85,128,-54836.5,-25.387,-50.254,1969,1601,323,4.087,2898,395.7,139.5,0,0.0,0,0,33,37,261.28,178.47,198.35,5.761,0.212,0,0.0,-0.0047,0.4629,0.172,0.0021,0.024,,
vecinos,42,159,201,2.10e-04,11.2,3620,61.2,123.16,41.5,113,-50051.0,-23.215,-47.497,1963,1593,327,3.993,2905,386.0,135.7,0,0.0,0,0,31,37,260.92,178.02,197.2,5.823,0.272,0,0.0,-0.0014,0.5506,0.1735,0.0014,0.0177,,
vecinos,42,160,202,2.05e-04,11.2,3620,69.05,134.09,47.34,142,-57695.0,-27.087,-53.026,1941,1583,320,4.141,2900,403.2,142.2,0,0.0,0,0,33,37,258.17,175.06,195.92,5.538,0.26,0,0.0,-0.0023,0.6425,0.195,0.0023,0.0324,123.57,66.1
vecinos,42,161,203,2.00e-04,11.2,3620,67.2,130.03,45.78,127,-55880.4,-26.064,-50.96,1954,1587,323,3.969,2906,397.4,139.8,0,0.0,0,0,31,37,267.85,185.03,207.51,5.722,0.195,0,0.0,-0.005,0.6269,0.1755,0.0022,0.0291,,
vecinos,42,162,204,1.95e-04,11.1,3620,64.53,125.93,43.96,114,-53279.4,-24.827,-49.119,1953,1590,325,4.002,2918,392.4,138.0,0,0.0,12,1,37,37,264.74,181.77,206.42,5.812,0.208,0,0.0,-0.0016,0.5442,0.1714,0.0018,0.0248,,
vecinos,42,163,205,1.90e-04,11.1,3620,63.28,124.69,43.33,116,-51995.6,-24.342,-48.724,1943,1580,324,4.017,2940,390.1,137.3,0,0.0,0,0,30,37,259.05,176.4,194.59,5.794,0.219,0,0.0,-0.0056,0.4458,0.1734,0.002,0.0309,,
vecinos,42,164,206,1.85e-04,10.9,3620,62.59,121.63,42.79,130,-51669.4,-24.145,-47.509,1950,1583,321,3.843,2933,385.1,135.5,0,0.0,0,0,32,37,255.07,172.03,192.46,5.539,0.278,0,0.0,-0.0039,0.4366,0.1705,0.0022,0.0313,,
vecinos,42,165,207,1.80e-04,11.2,3620,64.06,123.53,43.25,123,-53058.3,-24.519,-47.806,1973,1608,324,3.894,2917,387.7,136.5,0,0.0,0,0,32,37,259.57,176.69,194.93,5.653,0.251,0,0.0,-0.0046,0.472,0.1714,0.0022,0.032,,
vecinos,42,166,208,1.75e-04,11.0,3620,61.33,119.03,42.21,111,-50750.7,-23.871,-46.778,1938,1577,317,3.704,2941,381.0,134.0,0,0.0,0,0,33,37,255.31,172.41,189.34,5.43,0.245,0,0.0,-0.0037,0.5387,0.1672,0.0017,0.0251,,
vecinos,42,167,209,1.70e-04,11.1,3620,63.04,123.37,43.16,123,-52059.5,-24.372,-48.256,1948,1586,317,3.895,2918,387.2,136.3,0,0.0,0,0,30,37,257.12,174.19,190.96,5.57,0.238,0,0.0,-0.0048,0.517,0.1641,0.0013,0.0177,,
vecinos,42,168,210,1.65e-04,11.1,3620,63.96,123.26,43.94,112,-52934.9,-24.875,-48.366,1946,1590,308,3.723,2928,387.5,136.4,0,0.0,0,0,33,37,254.19,171.57,189.81,5.276,0.241,0,0.0,-0.0052,0.5156,0.1789,0.0023,0.0275,,
vecinos,42,169,211,1.60e-04,11.2,3620,63.48,125.23,43.1,132,-52521.4,-24.383,-48.682,1961,1590,324,3.966,2902,389.5,137.2,0,0.0,0,0,31,37,255.83,173.08,191.56,5.526,0.259,0,0.0,-0.0032,0.5144,0.1755,0.0015,0.0232,,
vecinos,42,170,212,1.55e-04,11.5,3620,63.14,124.68,42.59,126,-52113.4,-24.06,-47.947,1978,1612,319,3.971,2902,388.4,136.7,0,0.0014,5,2,34,37,257.85,174.83,192.88,5.644,0.274,0,0.0,-0.0049,0.6003,0.1741,0.0015,0.0224,120.91,63.78
vecinos,42,171,213,1.50e-04,12.1,3620,63.07,125.87,42.97,132,-51958.2,-24.212,-48.909,1957,1590,319,4.078,2919,390.7,137.4,0,0.0,0,0,29,38,261.2,178.42,196.42,5.967,0.216,0,0.0,-0.0048,0.534,0.1601,0.0026,0.0362,,
vecinos,42,172,214,1.45e-04,12.3,3620,60.83,123.72,41.91,115,-50117.9,-23.618,-48.479,1937,1579,314,3.941,2926,386.7,135.8,0,0.0,0,0,30,37,254.28,171.09,187.85,5.608,0.257,0,0.0,-0.0045,0.515,0.1674,0.002,0.0298,,
vecinos,42,173,215,1.40e-04,12.9,3620,64.05,124.41,43.78,121,-52783.8,-24.688,-48.63,1949,1581,319,3.855,2915,388.6,136.8,0,0.0,0,0,32,37,258.53,175.71,193.4,5.494,0.229,0,0.0,-0.0032,0.5531,0.1613,0.0014,0.0183,,
vecinos,42,174,216,1.35e-04,12.1,3620,67.56,127.59,45.42,128,-56239.3,-25.893,-49.315,1984,1614,319,3.95,2901,394.1,139.0,0,0.0003,1,1,34,37,263.37,180.55,198.94,5.629,0.221,0,0.0,-0.0031,0.6263,0.1577,0.0012,0.0157,,
vecinos,42,175,217,1.30e-04,11.9,3620,60.57,120.29,42.19,106,-49771.6,-23.701,-47.661,1915,1552,311,3.846,2943,383.7,134.8,0,0.0,0,0,29,37,259.45,176.68,191.9,5.803,0.202,0,0.0,-0.0041,0.5656,0.1624,0.0013,0.0179,,
vecinos,42,176,218,1.25e-04,12.6,3620,62.88,121.45,43.38,118,-52062.8,-24.558,-47.89,1937,1587,309,3.755,2923,385.1,135.4,0,0.0003,1,1,34,37,257.35,174.35,192.79,5.521,0.227,0,0.0,-0.0036,0.3904,0.1597,0.0015,0.0224,,
vecinos,42,177,219,1.20e-04,12.2,3620,62.68,121.05,42.77,111,-51630.9,-24.104,-47.094,1957,1593,315,3.814,2923,384.3,135.2,0,0.0,0,0,30,37,261.06,178.26,196.09,5.723,0.227,0,0.0,-0.0036,0.4296,0.1536,0.0013,0.0178,,
vecinos,42,178,220,1.15e-04,11.8,3620,66.52,125.87,45.27,137,-56324.4,-26.222,-49.624,1966,1607,308,3.798,2911,391.8,138.1,0,0.0,0,0,31,38,259.34,176.73,193.85,5.448,0.231,0,0.0,-0.0047,0.6279,0.1617,0.0023,0.0308,,
vecinos,42,179,221,1.10e-04,12.1,3620,63.8,120.78,43.79,120,-53304.5,-25.026,-47.604,1951,1602,303,3.69,2927,383.9,135.2,0,0.0,0,0,33,37,261.22,178.29,196.31,5.581,0.215,0,0.0,-0.0037,0.5064,0.1718,0.0017,0.0221,,
vecinos,42,180,222,1.05e-04,12.4,3620,64.79,124.21,44.19,126,-53651.0,-25.047,-48.305,1961,1607,307,3.808,2924,389.5,137.1,0,0.0,0,0,31,37,262.17,179.29,199.2,5.6,0.205,0,0.0,-0.0035,0.5031,0.1611,0.0014,0.0183,118.24,63.47
vecinos,42,181,223,1.00e-04,12.1,3620,63.33,120.76,43.46,123,-52516.8,-24.656,-47.336,1952,1600,303,3.726,2933,384.0,135.3,0,0.0,0,0,29,37,257.66,174.67,192.65,5.494,0.241,0,0.0,-0.003,0.4197,0.1459,0.0009,0.0122,,
vecinos,42,182,224,9.50e-05,11.9,3620,61.0,116.63,41.73,109,-50443.4,-23.572,-45.384,1961,1609,302,3.636,2916,377.2,132.7,0,0.0,0,0,33,37,252.82,169.97,189.65,5.366,0.278,0,0.0,-0.0016,0.5169,0.1536,0.001,0.0136,,
vecinos,42,183,225,9.00e-05,11.0,3620,64.41,122.05,44.22,139,-54364.2,-25.523,-48.366,1951,1598,302,3.696,2942,385.4,135.9,0,0.0,0,0,32,37,254.29,171.34,186.48,5.318,0.254,0,0.0,-0.0037,0.7292,0.1486,0.0008,0.01,,
vecinos,42,184,226,8.50e-05,11.2,3620,63.51,120.57,43.36,130,-53103.2,-24.791,-47.233,1961,1600,307,3.685,2909,382.4,134.7,0,0.0,0,0,31,37,252.84,170.02,186.51,5.275,0.227,0,0.0,-0.0021,0.5192,0.149,0.001,0.0127,,
vecinos,42,185,227,8.00e-05,11.1,3620,67.16,123.95,45.06,131,-55845.0,-25.641,-47.634,1997,1645,306,3.731,2901,388.7,137.2,0,0.0,0,0,32,37,263.55,180.56,197.72,5.432,0.239,0,0.0,-0.0061,0.6278,0.1538,0.0013,0.0196,,
vecinos,42,186,228,7.50e-05,10.8,3620,62.68,120.36,43.29,121,-52043.6,-24.572,-47.364,1943,1598,296,3.824,2928,383.9,135.3,0,0.0,0,0,29,37,255.87,173.08,187.37,5.643,0.236,0,0.0,0.0004,0.4469,0.1599,0.0014,0.0202,,
vecinos,42,187,229,7.00e-05,10.8,3620,63.32,121.19,43.67,117,-52465.0,-24.748,-47.644,1944,1598,299,3.669,2941,383.5,135.0,0,0.0,0,0,33,38,257.48,174.53,191.11,5.344,0.243,0,0.0,-0.002,0.4311,0.158,0.0011,0.0146,,
vecinos,42,188,230,6.50e-05,10.8,3620,61.16,115.81,41.85,116,-50967.1,-23.839,-45.444,1955,1599,309,3.559,2931,375.6,132.3,0,0.0028,18,3,37,37,248.54,165.68,187.16,5.182,0.294,0,0.0,-0.0038,0.5801,0.1499,0.001,0.0149,,
vecinos,42,189,231,6.00e-05,11.2,3620,65.91,124.44,44.8,131,-55228.3,-25.688,-48.733,1966,1605,311,3.873,2907,389.7,137.6,0,0.0017,6,1,35,37,253.97,171.04,186.15,5.366,0.277,0,0.0,-0.0024,0.6046,0.1621,0.0006,0.0073,,
vecinos,42,190,232,5.50e-05,11.4,3620,66.41,125.87,44.81,139,-55806.3,-25.765,-48.873,1986,1626,304,3.774,2899,390.7,137.8,0,0.0,13,1,37,38,258.83,175.74,193.63,5.336,0.304,0,0.0,0.006,0.5609,0.1541,0.0007,0.0078,119.9,63.97
vecinos,42,191,233,5.00e-05,11.1,3620,67.43,126.16,45.48,133,-56018.8,-25.863,-48.815,1982,1622,311,3.833,2916,390.7,138.0,0,0.0,4,1,35,37,257.54,174.75,192.02,5.351,0.284,0,0.0,-0.0019,0.5974,0.1543,0.0007,0.0087,,
vecinos,42,192,234,4.50e-05,10.9,3620,63.51,120.82,43.67,114,-52600.3,-24.741,-47.404,1947,1598,305,3.731,2927,383.7,135.1,0,0.0036,13,1,37,37,258.06,175.0,194.77,5.455,0.251,0,0.0,-0.0034,0.5729,0.1596,0.0014,0.0192,,
vecinos,42,193,235,4.00e-05,11.3,3620,64.74,120.1,43.95,128,-54778.6,-25.431,-47.263,1969,1609,313,3.536,2905,382.2,134.7,0,0.0008,3,2,34,37,258.24,175.48,199.06,5.124,0.253,0,0.0,-0.0017,0.712,0.1512,0.0006,0.0084,,
vecinos,42,194,236,3.50e-05,11.4,3620,65.4,123.89,44.55,130,-54265.2,-25.31,-48.314,1965,1612,304,3.795,2918,389.0,137.3,0,0.0,0,0,31,38,258.78,175.93,191.28,5.446,0.233,0,0.0,-0.0033,0.6112,0.1544,0.0009,0.0101,,
vecinos,42,195,237,3.00e-05,11.3,3620,64.45,122.79,44.05,131,-53432.5,-24.992,-48.003,1955,1599,310,3.741,2923,386.7,136.1,0,0.0,0,0,32,38,261.58,178.72,197.1,5.509,0.206,0,0.0,-0.0027,0.6055,0.1546,0.0006,0.0058,,
vecinos,42,196,238,2.50e-05,11.3,3620,65.57,124.23,44.59,143,-54304.0,-25.281,-48.394,1964,1604,313,3.745,2920,388.8,137.0,0,0.0,0,0,33,37,260.56,177.54,196.91,5.4,0.258,0,0.0,-0.0028,0.4996,0.1481,0.0007,0.0089,,
vecinos,42,197,239,2.00e-05,11.4,3620,64.5,122.18,44.12,115,-53547.8,-25.046,-47.825,1954,1596,311,3.699,2927,385.9,135.8,0,0.0017,6,2,35,37,256.85,174.04,192.23,5.314,0.223,0,0.0,-0.0022,0.5915,0.16,0.0004,0.005,,
vecinos,42,198,240,1.50e-05,11.2,3620,63.54,122.28,43.56,130,-53079.0,-24.896,-48.214,1948,1592,311,3.78,2915,386.2,136.0,0,0.0,0,0,33,37,252.89,170.13,187.78,5.43,0.277,0,0.0,0.0009,0.6499,0.1583,0.0001,0.0001,,
vecinos,42,199,241,1.00e-05,10.9,3620,63.34,119.89,43.19,113,-52479.8,-24.478,-46.814,1959,1600,314,3.628,2936,382.7,134.7,0,0.0,0,0,33,37,256.51,173.74,193.02,5.311,0.236,0,0.0,-0.0004,0.4878,0.1591,0.0003,0.0013,,
vecinos,42,200,242,5.00e-06,11.4,3620,65.61,125.6,45.02,133,-55857.6,-26.224,-50.128,1944,1588,315,3.843,2927,391.1,137.7,0,0.0,0,0,32,38,256.86,173.81,192.86,5.433,0.221,0,0.0,-0.0021,0.7147,0.1534,0.0001,0.0,121.57,64.65
