verde,izquierda,verde_transversal,offsets,timeloss_prom,espera_prom,paradas_prom,throughput,co2_prom,timeloss_sd,semillas
30,,10,0/20/0,28.02,12.23,0.77,2502.67,260.3,3.03,2001-2003
25,,15,0/20/0,28.07,11.78,0.79,2509.67,261.13,3.49,2001-2003
25,,15,0/23/0,28.2,11.91,0.79,2510.33,260.77,2.67,2001-2003
25,,15,0/25/4,28.45,11.89,0.79,2509.33,262.4,3.91,2001-2003
25,,15,0/25/0,28.57,12.12,0.79,2510.67,261.97,3.57,2001-2003
25,,10,0/20/0,28.71,12.37,0.84,2505.0,261.73,3.09,2001-2003
30,,10,0/23/0,28.79,12.8,0.79,2502.67,260.93,2.71,2001-2003
25,,10,0/20/40,28.84,12.5,0.84,2505.0,262.07,3.36,2001-2003
25,,15,0/20/40,28.92,11.97,0.8,2510.33,264.53,2.79,2001-2003
20,,10,0/15/0,29.02,12.25,0.93,2505.67,263.83,2.81,2001-2003
20,,10,0/20/4,29.07,12.25,0.95,2503.0,263.67,2.9,2001-2003
30,,15,0/25/50,29.09,12.22,0.76,2505.33,265.0,2.59,2001-2003
20,,10,0/15/30,29.14,12.18,0.96,2507.33,264.5,2.99,2001-2003
35,,10,0/25/50,29.25,12.95,0.75,2506.67,264.43,2.5,2001-2003
25,,10,0/25/0,29.33,12.84,0.86,2506.0,263.47,1.54,2001-2003
35,,10,0/23/46,29.36,12.54,0.76,2507.0,265.2,1.75,2001-2003
30,,10,0/25/4,29.44,13.07,0.8,2504.0,262.77,2.93,2001-2003
25,,10,0/23/0,29.45,12.85,0.88,2505.33,263.1,3.09,2001-2003
20,,20,0/25/0,29.5,12.36,0.82,2509.67,264.7,2.9,2001-2003
25,,20,0/25/50,29.52,12.03,0.77,2504.33,266.7,3.11,2001-2003
20,,15,0/20/0,29.62,12.45,0.88,2506.33,264.33,2.85,2001-2003
25,,10,0/23/5,29.76,13.14,0.89,2506.0,263.33,3.17,2001-2003
20,,15,0/23/0,29.78,12.57,0.9,2504.0,265.03,1.51,2001-2003
30,,10,0/15/0,29.79,12.69,0.9,2502.67,266.4,3.23,2001-2003
25,,20,0/25/0,29.8,12.3,0.79,2505.33,267.1,2.47,2001-2003
20,,20,0/23/0,29.81,12.57,0.82,2510.0,264.73,3.94,2001-2003
30,,10,0/20/40,29.85,13.21,0.81,2507.67,264.77,3.84,2001-2003
20,,10,0/25/0,29.88,12.64,0.98,2505.33,266.17,2.4,2001-2003
20,,10,0/20/0,29.89,12.89,0.97,2505.67,265.13,1.84,2001-2003
20,,15,0/15/0,30.06,13.05,0.88,2505.33,265.67,3.4,2001-2003
20,,10,0/23/10,30.08,12.83,1.0,2506.0,266.57,2.11,2001-2003
30,,10,0/25/0,30.1,13.73,0.82,2503.67,263.27,1.65,2001-2003
15,,10,0/15/15,30.11,11.49,1.07,2507.33,271.57,2.23,2001-2003
20,,10,0/15/15,30.21,11.7,1.08,2507.67,270.93,2.13,2001-2003
20,,15,0/23/5,30.3,13.08,0.91,2503.0,265.53,3.59,2001-2003
20,,15,0/25/0,30.31,13.04,0.9,2505.67,266.1,3.6,2001-2003
25,,10,0/10/0,30.35,12.64,1.01,2507.0,268.13,2.65,2001-2003
25,,10,0/15/30,30.36,13.06,0.92,2508.67,267.17,3.29,2001-2003
20,,20,0/25/4,30.38,12.88,0.84,2509.67,266.77,2.99,2001-2003
25,,15,0/30/0,30.4,12.32,0.91,2512.67,269.13,3.33,2001-2003
15,,10,0/5/0,30.41,11.61,1.16,2505.33,273.43,2.33,2001-2003
25,,20,0/23/46,30.41,12.21,0.8,2506.0,269.57,3.37,2001-2003
25,,20,0/23/0,30.44,12.58,0.81,2507.0,268.1,2.92,2001-2003
20,,10,0/10/0,30.47,13.23,1.0,2505.67,267.6,3.16,2001-2003
25,,10,0/25/9,30.51,13.56,0.91,2506.67,265.83,3.12,2001-2003
30,,15,0/25/0,30.51,13.27,0.8,2506.33,266.93,4.07,2001-2003
20,,10,0/23/0,30.52,13.16,0.99,2505.33,266.63,3.36,2001-2003
20,,10,0/25/14,30.57,12.86,1.03,2507.33,268.23,4.08,2001-2003
20,,10,0/10/20,30.59,12.46,1.03,2510.67,270.53,1.89,2001-2003
25,,15,0/15/0,30.62,12.88,0.93,2509.0,268.7,3.47,2001-2003
20,,15,0/20/40,30.63,13.28,0.91,2505.67,265.73,2.55,2001-2003
35,,10,0/23/0,30.64,13.82,0.81,2506.67,266.43,3.34,2001-2003
30,,15,0/23/0,30.74,13.28,0.82,2506.0,267.53,3.89,2001-2003
35,,15,0/30/0,30.76,12.95,0.83,2508.67,269.67,3.08,2001-2003
30,,10,0/30/0,30.85,13.28,0.9,2505.67,268.07,2.87,2001-2003
15,,10,0/23/23,30.94,11.4,1.17,2502.33,275.37,1.7,2001-2003
20,,20,0/20/0,30.97,13.57,0.86,2509.33,266.63,2.88,2001-2003
20,,10,0/20/20,31.08,12.46,1.12,2506.0,272.23,1.8,2001-2003
35,,10,0/30/0,31.1,13.82,0.86,2507.33,268.13,2.43,2001-2003
15,,10,0/30/0,31.12,10.44,1.23,2503.33,278.67,2.24,2001-2003
35,,10,0/25/0,31.15,14.34,0.82,2507.33,267.17,2.09,2001-2003
15,,10,0/10/10,31.17,11.64,1.16,2509.0,274.9,4.12,2001-2003
30,,15,0/20/40,31.2,12.59,0.94,2504.33,270.77,2.3,2001-2003
20,,15,0/25/9,31.22,13.53,0.95,2504.33,268.6,2.34,2001-2003
15,,10,0/25/19,31.25,12.28,1.18,2503.67,274.33,1.82,2001-2003
35,,10,0/30/30,31.27,14.06,0.93,2504.33,269.17,3.87,2001-2003
15,,10,0/5/5,31.33,11.41,1.2,2506.67,277.17,2.59,2001-2003
15,,10,0/5/10,31.34,11.83,1.2,2507.33,275.97,4.09,2001-2003
15,,10,0/20/20,31.36,12.18,1.12,2505.0,274.37,2.76,2001-2003
25,,10,0/30/0,31.36,13.38,1.01,2504.67,270.7,3.35,2001-2003
25,,10,0/15/0,31.43,14.53,0.92,2505.0,266.4,4.43,2001-2003
20,,15,0/15/30,31.48,13.46,0.96,2507.67,271.03,3.87,2001-2003
20,,20,0/20/40,31.51,13.35,0.88,2509.33,270.07,4.06,2001-2003
30,,15,0/30/0,31.51,13.34,0.88,2505.67,270.03,4.19,2001-2003
15,,10,0/10/0,31.54,13.2,1.18,2505.0,272.77,2.04,2001-2003
25,,20,0/30/0,31.67,12.92,0.9,2505.33,271.63,2.38,2001-2003
35,,10,0/20/0,31.67,14.12,0.88,2505.67,269.07,3.65,2001-2003
15,,10,0/0/0,31.73,10.81,1.22,2504.0,279.7,3.89,2001-2003
15,,10,0/23/15,31.73,12.95,1.19,2502.0,274.13,1.92,2001-2003
20,,10,0/23/23,31.78,12.94,1.18,2506.0,273.93,2.54,2001-2003
15,,10,0/30/29,31.81,10.87,1.22,2503.33,279.63,4.2,2001-2003
30,,10,0/35/0,31.84,13.81,1.04,2505.0,271.33,3.83,2001-2003
35,,10,0/30/9,31.85,14.26,0.89,2509.0,270.03,3.7,2001-2003
15,,15,0/23/10,31.86,13.55,1.06,2503.33,271.6,2.26,2001-2003
15,,10,0/25/25,31.9,11.97,1.23,2502.33,277.47,2.82,2001-2003
25,,20,0/20/0,31.97,13.3,0.9,2507.67,271.93,2.15,2001-2003
35,,15,0/25/50,31.99,13.34,0.89,2507.0,272.23,2.91,2001-2003
15,,10,0/15/30,32.02,13.53,1.22,2505.33,273.47,3.02,2001-2003
30,,10,0/20/20,32.03,14.64,1.01,2503.67,270.5,1.67,2001-2003
30,,20,0/30/0,32.03,13.37,0.87,2506.0,273.0,3.79,2001-2003
30,,15,0/20/0,32.04,13.73,0.9,2506.67,270.8,3.77,2001-2003
25,,15,0/30/14,32.07,13.31,1.0,2510.67,273.1,2.17,2001-2003
30,,10,0/25/25,32.07,14.56,0.98,2503.33,270.3,3.54,2001-2003
20,,10,0/10/10,32.13,12.83,1.18,2506.33,276.0,4.22,2001-2003
30,,15,0/30/9,32.14,13.67,0.91,2506.67,272.1,2.93,2001-2003
30,,15,0/23/46,32.25,13.98,0.85,2505.67,270.87,2.99,2001-2003
30,,10,0/15/30,32.26,13.67,1.02,2505.67,272.5,3.66,2001-2003
15,,10,0/23/0,32.32,13.13,1.25,2504.0,275.03,3.05,2001-2003
35,,10,0/25/25,32.38,15.42,0.93,2504.0,269.73,2.47,2001-2003
25,,10,0/20/20,32.39,13.87,1.14,2500.0,273.83,0.97,2001-2003
30,,10,0/23/23,32.41,14.8,1.0,2503.33,270.5,3.0,2001-2003
25,,20,0/30/9,32.45,13.27,0.94,2504.33,273.77,3.15,2001-2003
15,,10,0/25/0,32.53,13.27,1.24,2503.67,276.03,1.7,2001-2003
35,,10,0/5/0,32.55,14.73,0.98,2509.67,272.2,3.42,2001-2003
35,,10,0/20/40,32.59,14.31,0.95,2505.33,271.63,1.78,2001-2003
20,,10,0/25/25,32.63,13.63,1.22,2503.0,275.17,4.41,2001-2003
15,,15,0/15/0,32.66,14.63,1.07,2502.0,272.47,1.89,2001-2003
35,,15,0/25/0,32.7,14.1,0.93,2508.0,273.07,2.64,2001-2003
30,,10,0/30/14,32.79,14.72,0.98,2504.67,272.63,1.98,2001-2003
35,,10,0/0/0,32.81,15.26,0.98,2506.33,272.33,3.73,2001-2003
25,,10,0/15/15,32.82,13.95,1.13,2506.0,275.13,2.33,2001-2003
25,,10,0/30/19,32.85,13.64,1.12,2503.33,275.7,3.76,2001-2003
25,,15,0/15/30,32.85,13.54,1.06,2507.33,275.23,2.95,2001-2003
20,,20,0/30/0,32.87,13.7,0.99,2510.67,274.93,3.52,2001-2003
30,,20,0/30/4,32.89,13.49,0.89,2507.0,275.7,2.64,2001-2003
30,,15,0/35/0,32.91,14.05,1.06,2504.67,273.6,3.92,2001-2003
15,,15,0/25/0,32.95,14.28,1.11,2503.0,274.27,3.95,2001-2003
30,,10,0/10/0,32.95,14.47,1.04,2501.67,273.47,2.95,2001-2003
30,,15,0/25/25,32.97,15.26,1.01,2502.67,272.7,2.81,2001-2003
35,,15,0/30/30,33.01,15.39,0.98,2508.0,272.7,2.38,2001-2003
35,,10,0/15/15,33.04,15.07,1.04,2507.0,272.9,2.66,2001-2003
35,,15,0/23/0,33.05,14.26,0.98,2506.33,273.33,3.51,2001-2003
35,,10,0/20/20,33.13,15.46,1.01,2504.33,271.83,3.14,2001-2003
35,,10,0/35/0,33.14,15.05,1.01,2506.33,272.5,4.07,2001-2003
35,,15,0/25/25,33.17,15.37,1.0,2504.67,272.27,3.5,2001-2003
20,,15,0/30/0,33.19,14.03,1.1,2503.67,276.37,4.06,2001-2003
25,,10,0/10/20,33.19,13.62,1.17,2505.0,276.77,3.67,2001-2003
30,,10,0/0/0,33.19,14.79,1.06,2498.67,273.9,2.21,2001-2003
15,,10,0/30/30,33.22,11.94,1.26,2504.67,281.93,2.04,2001-2003
35,,15,0/30/4,33.22,14.4,0.91,2509.67,274.57,3.46,2001-2003
15,,20,0/23/5,33.23,15.02,0.98,2504.0,272.87,3.26,2001-2003
15,,10,0/20/0,33.26,14.14,1.27,2504.0,276.03,2.65,2001-2003
30,,10,0/30/30,33.27,14.76,1.11,2507.33,274.83,3.89,2001-2003
35,,10,0/5/5,33.33,15.45,1.02,2509.0,272.93,2.66,2001-2003
20,,10,0/30/24,33.35,12.99,1.21,2501.0,279.7,3.44,2001-2003
15,,10,0/20/9,33.36,14.41,1.21,2503.33,275.13,3.78,2001-2003
15,,15,0/23/0,33.38,14.63,1.12,2502.67,274.2,3.02,2001-2003
15,,15,0/20/20,33.39,13.62,1.26,2503.33,277.0,2.81,2001-2003
25,,20,0/20/40,33.4,13.75,0.99,2506.33,275.53,3.46,2001-2003
25,,15,0/10/0,33.41,14.29,1.09,2507.67,275.67,3.24,2001-2003
30,,20,0/25/0,33.41,13.9,0.97,2505.33,275.6,3.72,2001-2003
30,,20,0/25/50,33.41,13.77,0.94,2504.0,275.7,3.31,2001-2003
15,,20,0/20/0,33.42,15.1,0.97,2502.33,273.13,3.38,2001-2003
15,,10,0/15/0,33.43,14.57,1.25,2505.67,275.63,2.81,2001-2003
20,,15,0/10/0,33.43,14.11,1.13,2504.33,276.47,3.46,2001-2003
25,,10,0/10/10,33.44,13.62,1.16,2507.67,277.9,3.6,2001-2003
35,,10,0/15/0,33.44,14.94,1.0,2506.67,274.17,2.66,2001-2003
30,,10,0/5/0,33.5,14.68,1.06,2498.33,275.47,4.35,2001-2003
15,,15,0/20/0,33.54,15.03,1.1,2503.0,273.77,4.14,2001-2003
15,,15,0/20/4,33.54,15.16,1.13,2502.33,274.27,2.5,2001-2003
15,,10,0/10/20,33.66,14.45,1.25,2507.33,276.53,2.28,2001-2003
30,,10,0/10/10,33.67,14.66,1.14,2501.67,275.33,2.26,2001-2003
15,,15,0/10/0,33.7,15.04,1.12,2501.67,276.47,4.44,2001-2003
20,,20,0/15/0,33.7,14.77,1.01,2508.67,275.07,2.21,2001-2003
20,,15,0/30/19,33.71,13.86,1.14,2503.33,279.0,1.65,2001-2003
30,,10,0/15/15,33.71,15.06,1.12,2503.0,275.2,2.81,2001-2003
15,,15,0/15/15,33.78,13.79,1.29,2505.33,278.6,2.93,2001-2003
20,,10,0/30/0,33.79,13.81,1.25,2501.67,279.87,4.14,2001-2003
25,,20,0/35/0,33.79,14.3,1.13,2504.67,276.07,4.09,2001-2003
20,,10,0/5/0,33.82,13.14,1.27,2503.67,281.07,3.14,2001-2003
15,,20,0/23/0,33.85,15.29,0.98,2502.0,274.1,4.96,2001-2003
35,,10,0/23/23,33.87,16.28,0.97,2504.33,272.6,1.79,2001-2003
35,,15,0/23/23,33.88,15.79,1.05,2503.67,273.53,2.27,2001-2003
35,,15,0/23/46,33.93,14.75,1.03,2506.0,274.8,2.77,2001-2003
35,,10,0/35/35,33.96,15.78,1.09,2506.33,274.4,3.19,2001-2003
35,,15,0/35/0,33.96,15.1,1.04,2506.67,274.1,5.1,2001-2003
25,,15,0/35/0,33.98,14.86,1.19,2510.67,276.5,2.91,2001-2003
15,,15,0/23/23,34.06,14.1,1.31,2504.67,279.23,2.93,2001-2003
15,,15,0/25/14,34.08,14.97,1.13,2501.33,277.3,2.55,2001-2003
25,,10,0/30/30,34.08,14.65,1.22,2503.67,278.13,3.21,2001-2003
30,,15,0/15/0,34.12,14.81,1.04,2506.0,276.5,4.09,2001-2003
15,,20,0/25/9,34.15,15.53,1.03,2502.0,276.3,1.63,2001-2003
20,,15,0/25/25,34.22,14.9,1.23,2502.0,278.03,4.1,2001-2003
35,,15,0/20/0,34.28,15.01,1.06,2504.33,275.97,3.57,2001-2003
25,,10,0/23/23,34.37,15.42,1.17,2500.67,276.57,2.24,2001-2003
30,,20,0/35/0,34.4,14.84,1.08,2506.0,276.23,3.65,2001-2003
30,,10,0/40/0,34.47,15.78,1.15,2503.0,277.0,2.9,2001-2003
25,,10,0/5/0,34.49,14.88,1.23,2504.33,277.93,3.17,2001-2003
15,,15,0/25/25,34.52,14.41,1.35,2503.33,280.87,2.46,2001-2003
15,,15,0/15/30,34.53,15.73,1.14,2505.33,275.77,4.23,2001-2003
25,,10,0/35/29,34.53,14.52,1.32,2503.33,279.7,3.15,2001-2003
20,,20,0/30/14,34.54,14.46,1.08,2504.33,279.23,2.9,2001-2003
35,,15,0/0/0,34.54,15.9,1.12,2509.67,276.47,2.99,2001-2003
15,,20,0/15/0,34.62,16.18,1.01,2502.67,275.9,3.37,2001-2003
30,,20,0/23/0,34.62,14.78,1.03,2505.67,277.07,4.47,2001-2003
20,,10,0/5/5,34.68,13.48,1.42,2502.0,283.8,3.12,2001-2003
35,,15,0/5/0,34.71,15.72,1.13,2507.33,277.3,3.21,2001-2003
20,,10,0/30/30,34.76,14.24,1.38,2501.0,282.57,3.03,2001-2003
25,,10,0/25/25,34.81,15.8,1.17,2503.67,276.87,3.69,2001-2003
25,,10,0/35/0,34.85,15.56,1.27,2501.33,278.57,2.97,2001-2003
35,,15,0/35/14,34.85,15.63,1.12,2504.33,276.77,3.13,2001-2003
30,,15,0/23/23,34.9,16.27,1.07,2503.67,276.3,3.32,2001-2003
30,,20,0/20/0,34.9,14.91,1.08,2503.33,278.13,3.76,2001-2003
20,,15,0/15/15,34.91,15.1,1.25,2503.67,280.47,3.19,2001-2003
25,,10,0/5/10,35.01,14.72,1.31,2505.0,281.0,3.44,2001-2003
30,,15,0/35/19,35.01,15.52,1.21,2506.67,278.17,3.37,2001-2003
20,,10,0/5/10,35.03,13.93,1.35,2506.0,283.8,4.25,2001-2003
35,,15,0/15/0,35.04,15.33,1.13,2503.33,279.0,2.68,2001-2003
30,,20,0/23/46,35.11,14.95,1.07,2503.33,277.7,3.31,2001-2003
15,,20,0/20/40,35.13,16.37,1.03,2503.33,275.67,3.65,2001-2003
35,,10,0/5/10,35.15,16.67,1.12,2508.33,276.33,3.49,2001-2003
35,,10,0/40/0,35.16,16.38,1.09,2505.67,276.9,2.13,2001-2003
35,,10,0/40/40,35.18,16.5,1.15,2506.33,277.37,2.25,2001-2003
35,,20,0/30/60,35.21,14.17,1.0,2499.67,282.17,4.06,2001-2003
15,,20,0/25/0,35.27,16.15,1.04,2502.67,276.97,4.44,2001-2003
35,,20,0/25/50,35.27,15.22,1.1,2499.33,278.7,3.92,2001-2003
20,,15,0/23/23,35.29,15.57,1.26,2502.33,279.37,2.96,2001-2003
20,,15,0/20/20,35.34,15.66,1.26,2505.67,279.57,3.35,2001-2003
25,,20,0/15/0,35.34,15.33,1.09,2506.67,279.1,2.4,2001-2003
35,,10,0/35/19,35.34,16.49,1.16,2503.0,277.4,2.87,2001-2003
25,,10,0/35/35,35.36,15.5,1.34,2503.67,281.2,3.95,2001-2003
35,,10,0/10/0,35.36,16.21,1.08,2508.0,277.83,3.19,2001-2003
30,,20,0/20/40,35.41,15.33,1.16,2499.67,278.4,3.63,2001-2003
35,,20,0/35/0,35.46,15.78,1.06,2500.0,278.73,2.84,2001-2003
20,,15,0/10/20,35.51,14.91,1.27,2506.33,282.6,3.5,2001-2003
25,,15,0/23/23,35.51,16.41,1.17,2505.0,278.27,3.73,2001-2003
15,,15,0/10/20,35.53,15.88,1.19,2508.33,281.5,2.81,2001-2003
35,,20,0/30/0,35.54,14.47,1.02,2499.0,282.57,2.37,2001-2003
30,,10,0/5/5,35.56,16.16,1.14,2497.0,278.13,3.81,2001-2003
35,,15,0/5/5,35.69,16.59,1.15,2505.67,278.4,3.32,2001-2003
35,,20,0/23/23,35.69,16.89,1.07,2499.0,277.3,3.49,2001-2003
30,,10,0/35/24,35.72,16.17,1.27,2504.0,279.4,3.66,2001-2003
35,,10,0/10/10,35.75,16.85,1.13,2509.0,277.63,3.0,2001-2003
20,,20,0/15/30,35.77,15.39,1.15,2505.67,281.87,3.4,2001-2003
25,,15,0/20/20,35.77,16.44,1.2,2503.67,279.8,2.51,2001-2003
30,,10,0/10/20,35.77,15.82,1.28,2501.33,280.23,3.54,2001-2003
30,,10,0/40/34,35.78,16.2,1.32,2503.33,281.6,3.14,2001-2003
15,,15,0/5/0,35.79,14.11,1.42,2502.33,286.93,2.74,2001-2003
30,,15,0/10/0,35.8,15.67,1.16,2507.0,280.8,3.51,2001-2003
15,,15,0/10/10,35.81,15.17,1.39,2504.0,283.9,2.62,2001-2003
25,,15,0/35/24,35.82,15.34,1.35,2505.33,282.43,3.47,2001-2003
15,,15,0/35/35,35.83,13.95,1.6,2500.0,287.33,2.56,2001-2003
30,,10,0/35/35,35.84,16.62,1.25,2505.33,278.83,3.68,2001-2003
35,,15,0/20/20,35.84,17.08,1.11,2501.33,276.73,3.04,2001-2003
15,,15,0/30/24,35.89,14.53,1.34,2500.33,286.6,2.78,2001-2003
35,,15,0/35/35,35.96,17.24,1.13,2504.33,277.6,4.26,2001-2003
35,,15,0/40/0,35.96,16.68,1.1,2506.33,278.33,2.75,2001-2003
30,,10,0/5/10,35.97,15.99,1.24,2496.67,280.43,3.65,2001-2003
30,,15,0/20/20,35.97,16.77,1.15,2506.0,278.93,3.38,2001-2003
25,,20,0/35/19,36.0,15.59,1.28,2506.0,280.9,2.86,2001-2003
35,,20,0/23/46,36.0,15.89,1.13,2498.67,279.37,3.53,2001-2003
30,,15,0/30/30,36.06,16.84,1.13,2502.33,279.27,2.93,2001-2003
35,,10,0/15/30,36.07,16.56,1.17,2503.67,278.73,2.95,2001-2003
30,,10,0/40/40,36.08,16.94,1.23,2504.67,279.97,4.14,2001-2003
35,,20,0/30/30,36.09,17.08,1.08,2502.33,279.1,2.58,2001-2003
35,,20,0/25/25,36.18,17.34,1.08,2500.33,277.97,2.99,2001-2003
30,,15,0/40/0,36.24,16.73,1.17,2504.0,279.6,2.82,2001-2003
35,,20,0/25/0,36.26,16.02,1.13,2498.0,280.57,2.87,2001-2003
25,,15,0/25/25,36.29,16.99,1.19,2504.33,279.93,3.54,2001-2003
35,,20,0/35/9,36.3,16.0,1.11,2503.0,281.37,2.44,2001-2003
25,,10,0/5/5,36.38,15.8,1.33,2504.67,283.2,3.89,2001-2003
35,,15,0/20/40,36.38,16.53,1.15,2500.67,279.07,3.55,2001-2003
20,,10,0/35/34,36.41,14.57,1.57,2500.0,287.47,3.2,2001-2003
30,,15,0/15/30,36.41,16.21,1.24,2506.33,280.33,1.6,2001-2003
20,,10,0/35/0,36.43,14.7,1.57,2502.0,287.5,2.95,2001-2003
15,,15,0/30/0,36.55,15.19,1.38,2499.67,287.53,2.84,2001-2003
30,,20,0/35/14,36.55,16.29,1.19,2502.0,280.43,2.92,2001-2003
20,,10,0/35/35,36.58,14.76,1.57,2500.33,287.83,3.5,2001-2003
20,,10,0/0/0,36.63,14.72,1.58,2501.33,287.83,3.15,2001-2003
15,,20,0/15/30,36.64,17.08,1.09,2506.33,282.0,2.81,2001-2003
35,,20,0/40/0,36.66,17.0,1.1,2500.0,279.93,3.68,2001-2003
35,,20,0/35/35,36.67,17.83,1.13,2504.67,279.5,3.1,2001-2003
30,,20,0/40/0,36.71,16.7,1.16,2505.33,280.2,3.27,2001-2003
35,,15,0/40/24,36.78,17.34,1.22,2507.33,280.8,4.03,2001-2003
30,,15,0/35/35,36.82,17.22,1.26,2503.0,281.83,2.7,2001-2003
25,,20,0/15/30,36.87,16.4,1.28,2504.67,282.63,3.73,2001-2003
15,,15,0/0/0,36.88,14.75,1.64,2500.0,288.67,3.03,2001-2003
30,,15,0/15/15,36.9,17.06,1.26,2507.0,281.47,2.55,2001-2003
15,,15,0/5/5,36.99,14.83,1.55,2499.67,288.87,4.05,2001-2003
35,,15,0/10/0,37.02,16.96,1.2,2502.33,282.27,2.54,2001-2003
15,,15,0/35/0,37.03,14.82,1.63,2499.67,288.83,2.3,2001-2003
15,,20,0/20/20,37.04,16.72,1.3,2503.0,283.47,3.27,2001-2003
20,,15,0/30/30,37.08,16.41,1.38,2500.33,285.5,3.57,2001-2003
30,,15,0/40/40,37.08,17.63,1.28,2502.67,282.43,2.96,2001-2003
35,,15,0/15/15,37.14,17.83,1.15,2500.0,280.3,2.24,2001-2003
35,,20,0/23/0,37.15,16.73,1.15,2498.0,281.67,3.68,2001-2003
15,,20,0/25/25,37.18,16.94,1.32,2502.33,284.37,2.35,2001-2003
15,,20,0/23/23,37.2,16.76,1.32,2502.33,283.6,2.76,2001-2003
30,,15,0/5/5,37.22,16.82,1.25,2506.33,283.0,3.21,2001-2003
15,,15,0/5/10,37.23,15.23,1.46,2502.0,288.87,2.01,2001-2003
15,,15,0/35/34,37.28,14.91,1.64,2499.33,289.3,3.49,2001-2003
30,,15,0/5/0,37.32,16.86,1.23,2506.0,283.73,3.71,2001-2003
15,,15,0/30/30,37.34,15.35,1.51,2498.67,288.93,3.09,2001-2003
35,,15,0/10/10,37.45,17.68,1.18,2498.67,281.9,1.92,2001-2003
30,,20,0/15/0,37.5,16.82,1.22,2502.0,283.6,3.57,2001-2003
25,,15,0/15/15,37.53,16.71,1.3,2503.33,285.1,2.84,2001-2003
30,,20,0/25/25,37.55,18.0,1.13,2501.33,281.43,3.01,2001-2003
20,,20,0/20/20,37.56,17.47,1.26,2502.67,284.37,1.61,2001-2003
25,,15,0/10/20,37.56,16.78,1.39,2503.0,284.8,2.76,2001-2003
25,,20,0/40/0,37.56,17.62,1.28,2501.67,283.2,2.64,2001-2003
35,,15,0/5/10,37.6,18.14,1.19,2502.0,281.73,2.83,2001-2003
35,,20,0/20/0,37.64,17.1,1.18,2497.33,282.9,4.1,2001-2003
25,,10,0/0/0,37.65,16.64,1.42,2499.0,286.7,2.28,2001-2003
25,,15,0/5/0,37.69,16.74,1.32,2500.67,285.77,2.92,2001-2003
30,,15,0/0/0,37.74,17.78,1.25,2506.0,283.43,4.41,2001-2003
20,,20,0/25/25,37.75,17.86,1.24,2500.33,283.57,1.8,2001-2003
35,,10,0/10/20,37.8,17.97,1.23,2505.33,281.53,3.24,2001-2003
35,,20,0/20/40,37.82,17.5,1.17,2497.0,282.43,2.43,2001-2003
20,,20,0/23/23,37.87,17.86,1.25,2502.0,283.63,2.97,2001-2003
35,,20,0/40/19,37.96,17.72,1.22,2505.33,282.93,2.24,2001-2003
25,,15,0/30/30,37.97,17.77,1.28,2506.0,284.53,2.99,2001-2003
15,,20,0/15/15,38.01,17.27,1.35,2504.0,286.83,4.38,2001-2003
35,,15,0/40/40,38.05,18.65,1.2,2504.67,281.47,3.75,2001-2003
25,,20,0/10/0,38.06,17.07,1.27,2503.67,285.33,1.98,2001-2003
30,,20,0/30/30,38.12,18.53,1.14,2502.67,282.83,5.07,2001-2003
30,,20,0/23/23,38.13,18.32,1.19,2501.0,282.73,2.52,2001-2003
30,,15,0/10/10,38.33,17.8,1.29,2506.0,284.3,1.52,2001-2003
35,,20,0/20/20,38.34,18.62,1.14,2499.33,281.83,4.42,2001-2003
25,,20,0/25/25,38.39,18.67,1.17,2502.33,283.7,3.6,2001-2003
25,,10,0/40/40,38.41,17.27,1.46,2498.67,287.8,2.62,2001-2003
20,,20,0/35/0,38.44,17.61,1.38,2507.0,285.93,3.4,2001-2003
25,,15,0/40/34,38.45,17.67,1.46,2505.67,287.1,4.42,2001-2003
35,,15,0/15/30,38.55,18.2,1.23,2498.67,283.67,4.21,2001-2003
35,,20,0/40/40,38.56,19.08,1.19,2503.33,282.8,3.13,2001-2003
35,,20,0/0/0,38.62,19.13,1.26,2495.33,283.57,3.78,2001-2003
20,,15,0/10/10,38.65,16.78,1.44,2503.33,289.47,3.47,2001-2003
25,,10,0/40/39,38.7,17.49,1.47,2499.0,288.47,3.07,2001-2003
20,,15,0/35/29,38.71,16.7,1.56,2499.67,289.67,2.4,2001-2003
35,,10,0/40/29,38.72,19.03,1.32,2505.0,283.97,4.62,2001-2003
25,,20,0/23/23,38.86,18.59,1.18,2503.67,285.87,4.58,2001-2003
25,,15,0/35/35,38.97,18.46,1.4,2507.0,287.17,2.22,2001-2003
20,,20,0/10/0,39.01,17.65,1.32,2503.67,287.83,4.1,2001-2003
30,,15,0/40/29,39.05,18.49,1.39,2503.33,286.17,3.56,2001-2003
35,,15,0/10/20,39.05,18.9,1.25,2497.0,284.57,2.8,2001-2003
35,,20,0/5/0,39.13,18.92,1.27,2495.0,284.93,3.13,2001-2003
30,,20,0/40/24,39.24,18.68,1.33,2505.33,285.43,4.06,2001-2003
35,,20,0/5/5,39.29,19.2,1.27,2494.33,284.77,1.93,2001-2003
20,,15,0/35/35,39.4,17.69,1.57,2498.67,291.23,2.93,2001-2003
15,,20,0/30/19,39.42,17.74,1.29,2496.33,290.9,2.33,2001-2003
20,,15,0/35/0,39.59,17.98,1.51,2498.0,290.3,3.4,2001-2003
20,,20,0/35/24,39.61,17.82,1.49,2502.33,289.37,2.82,2001-2003
25,,15,0/40/0,39.66,19.15,1.41,2507.0,287.3,3.22,2001-2003
30,,20,0/15/30,39.82,18.85,1.31,2497.67,286.5,4.32,2001-2003
30,,20,0/35/35,39.84,19.61,1.27,2500.67,285.97,3.02,2001-2003
15,,20,0/30/0,39.85,18.44,1.3,2498.33,291.13,3.56,2001-2003
30,,15,0/10/20,39.86,18.82,1.37,2506.0,287.87,3.41,2001-2003
20,,20,0/10/20,39.9,18.3,1.47,2502.33,290.53,2.65,2001-2003
25,,10,0/40/0,39.9,18.61,1.51,2499.33,290.17,2.87,2001-2003
30,,20,0/10/0,39.95,18.6,1.34,2502.33,288.5,3.8,2001-2003
30,,20,0/20/20,39.99,19.46,1.28,2498.67,285.6,4.0,2001-2003
15,,20,0/30/30,40.06,18.21,1.48,2498.33,292.63,3.29,2001-2003
35,,20,0/15/15,40.13,19.6,1.2,2497.0,286.27,3.04,2001-2003
25,,15,0/10/10,40.24,18.51,1.47,2501.0,290.07,3.28,2001-2003
20,,15,0/5/0,40.33,18.09,1.58,2500.33,292.33,3.25,2001-2003
30,,15,0/5/10,40.4,19.35,1.38,2502.67,288.53,2.74,2001-2003
35,,20,0/15/0,40.46,19.18,1.29,2494.67,288.37,2.6,2001-2003
25,,20,0/30/30,40.54,19.79,1.28,2498.67,289.43,2.95,2001-2003
20,,20,0/15/15,40.67,18.77,1.42,2501.33,292.17,3.02,2001-2003
25,,15,0/5/10,40.71,18.96,1.5,2497.67,291.27,2.05,2001-2003
30,,20,0/10/10,40.78,19.72,1.33,2498.67,289.37,1.34,2001-2003
20,,15,0/5/10,40.81,18.48,1.61,2503.0,293.8,4.18,2001-2003
35,,20,0/5/10,40.88,20.78,1.28,2492.0,288.1,2.58,2001-2003
20,,20,0/30/30,40.91,19.61,1.37,2502.67,291.2,4.5,2001-2003
25,,15,0/5/5,40.98,19.14,1.49,2495.67,292.13,2.81,2001-2003
25,,20,0/40/29,41.5,19.75,1.51,2500.33,291.83,4.09,2001-2003
35,,20,0/10/10,41.53,20.57,1.3,2493.67,289.17,4.22,2001-2003
15,,20,0/10/20,41.55,19.37,1.41,2502.33,295.3,1.41,2001-2003
20,,15,0/5/5,41.56,18.96,1.65,2501.33,295.5,3.38,2001-2003
25,,15,0/40/40,41.61,20.4,1.52,2505.33,292.03,2.59,2001-2003
30,,20,0/15/15,41.64,20.62,1.33,2496.0,289.8,2.91,2001-2003
20,,15,0/0/0,41.69,19.11,1.68,2497.0,296.27,2.37,2001-2003
35,,20,0/10/0,41.73,20.34,1.33,2492.0,290.1,2.38,2001-2003
15,,20,0/10/0,41.77,19.47,1.37,2497.0,294.7,4.16,2001-2003
25,,20,0/20/20,41.79,20.22,1.34,2503.67,291.57,1.46,2001-2003
30,,20,0/40/40,41.85,21.18,1.35,2502.33,290.0,3.63,2001-2003
15,,20,0/35/29,41.86,19.05,1.66,2494.0,296.9,2.35,2001-2003
15,,20,0/10/10,41.99,19.25,1.56,2499.0,296.63,3.37,2001-2003
30,,20,0/5/0,42.05,20.43,1.41,2503.67,291.67,3.66,2001-2003
35,,20,0/15/30,42.05,20.94,1.3,2493.0,289.6,1.62,2001-2003
20,,15,0/40/0,42.17,19.44,1.68,2496.33,297.13,3.51,2001-2003
25,,20,0/35/35,42.21,20.96,1.4,2499.67,292.3,4.29,2001-2003
25,,20,0/15/15,42.26,20.51,1.45,2503.0,292.97,4.01,2001-2003
15,,20,0/5/5,42.34,19.56,1.69,2498.67,297.63,3.54,2001-2003
15,,20,0/35/35,42.37,19.53,1.69,2495.67,297.5,3.38,2001-2003
20,,20,0/35/35,42.44,20.73,1.54,2499.0,294.6,3.69,2001-2003
20,,15,0/40/40,42.48,19.69,1.7,2496.67,297.4,2.43,2001-2003
25,,20,0/10/20,42.5,20.83,1.47,2502.33,293.0,3.39,2001-2003
20,,15,0/40/39,42.62,19.75,1.71,2497.33,297.8,3.08,2001-2003
15,,20,0/40/40,42.81,19.87,1.72,2494.67,298.4,2.69,2001-2003
30,,20,0/0/0,43.0,21.99,1.41,2504.67,292.33,4.4,2001-2003
30,,20,0/5/5,43.03,21.45,1.42,2502.0,292.7,1.26,2001-2003
15,,20,0/0/0,43.28,20.11,1.72,2494.0,299.13,4.63,2001-2003
35,,20,0/10/20,43.28,22.24,1.32,2489.33,291.67,4.42,2001-2003
15,,20,0/40/0,43.49,20.43,1.72,2494.33,299.5,1.88,2001-2003
25,,20,0/40/40,43.55,22.22,1.47,2499.0,294.97,5.51,2001-2003
30,,20,0/10/20,43.62,22.03,1.43,2497.0,294.03,2.73,2001-2003
15,,20,0/5/0,43.63,20.42,1.71,2496.0,299.67,3.51,2001-2003
15,,20,0/40/39,43.74,20.46,1.75,2495.33,299.6,2.36,2001-2003
25,,20,0/5/0,43.75,21.57,1.5,2499.67,296.5,3.08,2001-2003
15,,20,0/35/0,44.06,20.85,1.71,2495.33,300.1,3.61,2001-2003
15,,20,0/5/10,44.14,20.95,1.71,2499.33,300.2,3.27,2001-2003
25,,15,0/0/0,44.21,21.7,1.6,2501.33,297.83,3.81,2001-2003
20,,20,0/10/10,44.45,21.58,1.63,2500.0,299.17,1.74,2001-2003
25,,20,0/10/10,44.59,22.21,1.54,2500.67,297.4,2.61,2001-2003
30,,20,0/5/10,44.96,23.16,1.46,2498.0,296.17,3.89,2001-2003
20,,20,0/40/34,45.51,22.55,1.69,2496.67,300.7,2.21,2001-2003
20,,20,0/40/0,45.64,22.98,1.65,2501.67,300.37,4.24,2001-2003
20,,20,0/5/0,46.27,23.09,1.65,2499.0,302.6,4.93,2001-2003
25,,20,0/5/5,46.45,23.71,1.58,2498.0,301.57,4.02,2001-2003
20,,20,0/5/10,46.46,23.39,1.68,2498.67,303.1,2.48,2001-2003
25,,20,0/5/10,46.64,24.07,1.59,2500.33,300.9,1.98,2001-2003
20,,20,0/40/40,46.91,23.97,1.71,2499.67,303.03,4.35,2001-2003
20,,20,0/5/5,47.42,24.1,1.71,2499.0,304.83,2.82,2001-2003
20,,20,0/0/0,48.33,24.83,1.75,2498.67,306.53,4.51,2001-2003
25,,20,0/0/0,50.57,27.11,1.69,2493.0,308.27,3.04,2001-2003
