brazo,modelo,base,metrica,n,media,sd,ic95,n_par,delta_pct,delta_ic95,p_wilcoxon,n_par_act,delta_pct_act,delta_ic95_act,p_wilcoxon_act
fijo,fijo,,timeloss_prom,30,21.2967,0.706,0.2636,,,,,,,,
fijo,fijo,,espera_prom,30,7.0607,0.3133,0.117,,,,,,,,
fijo,fijo,,cola_prom,30,3.8537,0.1504,0.0561,,,,,,,,
fijo,fijo,,cola_max,30,16.1333,1.9954,0.7451,,,,,,,,
fijo,fijo,,paradas_prom,30,0.8062,0.0429,0.016,,,,,,,,
fijo,fijo,,throughput,30,1768.7333,2.3625,0.8822,,,,,,,,
fijo,fijo,,co2_prom,30,220.1033,1.4421,0.5385,,,,,,,,
fijo,fijo,,nox_prom,30,75.71,0.4873,0.182,,,,,,,,
fijo,fijo,,recompensa_decision,30,-1.8932,0.0789,0.0295,,,,,,,,
fijo,fijo,,cambios_fase,30,410.5,0.6297,0.2351,,,,,,,,
fijo,fijo,,no_terminados,30,0.0,0.0,0.0,,,,,,,,
fijo,fijo,,viaje_corredor_prom,30,105.908,1.2857,0.4801,,,,,,,,
fijo,fijo,,retraso_corredor_prom,30,23.0247,1.2774,0.477,,,,,,,,
fijo,fijo,,retraso_corredor_punta,30,24.677,1.9208,0.7172,,,,,,,,
fijo,fijo,,paradas_corredor,30,0.8298,0.0791,0.0295,,,,,,,,
fijo,fijo,,paradas_corredor_le1,30,0.9032,0.0334,0.0125,,,,,,,,
fijo,fijo,,spillback_tasa,30,0.0,0.0,0.0,,,,,,,,
fijo,fijo,,spillback_seg,30,0.0,0.0,0.0,,,,,,,,
fijo,fijo,,spillback_eventos,30,0.0,0.0,0.0,,,,,,,,
fijo,fijo,,cola_max_enlace,30,7.8667,1.2521,0.4676,,,,,,,,
fijo,fijo,,veh_max_enlace,30,14.7,2.1995,0.8213,,,,,,,,
fijo,fijo,,ret_retraso,30,-36286.5933,1267.1219,473.1511,,,,,,,,
fijo,fijo,,ret_colas,30,-15079.4333,591.7814,220.9748,,,,,,,,
fijo,fijo,,ret_spill,30,-36286.5933,1267.1219,473.1511,,,,,,,,
fijo,fijo,,vehiculos,30,1810.0,0.0,0.0,,,,,,,,
fijo,fijo,,recompensa,30,-2799.6333,117.8902,44.0209,,,,,,,,
fijo,fijo,,decisiones,30,1478.6667,2.6436,0.9871,,,,,,,,
actuado,actuado,,timeloss_prom,30,21.074,0.4152,0.155,30,-1.05,"[-2.15, 0.07]",0.0571,,,,
actuado,actuado,,espera_prom,30,6.032,0.2704,0.101,30,-14.57,"[-16.04, -13.02]",1.73e-06,,,,
actuado,actuado,,cola_prom,30,3.3763,0.1277,0.0477,30,-12.39,"[-13.69, -11.01]",1.73e-06,,,,
actuado,actuado,,cola_max,30,16.8333,1.3667,0.5103,30,4.34,"[-1.20, 10.28]",0.118,,,,
actuado,actuado,,paradas_prom,30,0.8358,0.0267,0.01,30,3.67,"[1.67, 5.59]",0.00148,,,,
actuado,actuado,,throughput,30,1766.2,1.808,0.6751,30,-0.14,"[-0.20, -0.09]",0.000252,,,,
actuado,actuado,,co2_prom,30,221.9067,0.8894,0.3321,30,0.82,"[0.59, 1.06]",1.51e-05,,,,
actuado,actuado,,nox_prom,30,76.05,0.3026,0.113,30,0.45,"[0.23, 0.68]",0.000899,,,,
actuado,actuado,,recompensa_decision,30,-1.6172,0.068,0.0254,30,-14.58,"[-15.97, -13.15]",1.73e-06,,,,
actuado,actuado,,cambios_fase,30,457.7,6.4709,2.4163,30,11.5,"[10.97, 12.01]",1.71e-06,,,,
actuado,actuado,,no_terminados,30,0.0,0.0,0.0,30,,,,,,,
actuado,actuado,,viaje_corredor_prom,30,108.2523,0.6995,0.2612,30,2.21,"[1.77, 2.64]",1.86e-08,,,,
actuado,actuado,,retraso_corredor_prom,30,25.3627,0.689,0.2573,30,10.15,"[8.02, 12.27]",1.86e-08,,,,
actuado,actuado,,retraso_corredor_punta,30,26.64,0.8658,0.3233,30,7.95,"[5.01, 10.88]",0.000125,,,,
actuado,actuado,,paradas_corredor,30,1.0069,0.0482,0.018,30,21.34,"[17.20, 25.40]",9.31e-09,,,,
actuado,actuado,,paradas_corredor_le1,30,0.727,0.0269,0.0101,30,-19.51,"[-20.88, -18.07]",1.73e-06,,,,
actuado,actuado,,spillback_tasa,30,0.0,0.0,0.0,30,,,,,,,
actuado,actuado,,spillback_seg,30,0.0,0.0,0.0,30,,,,,,,
actuado,actuado,,spillback_eventos,30,0.0,0.0,0.0,30,,,,,,,
actuado,actuado,,cola_max_enlace,30,7.2,0.7611,0.2842,30,-8.47,"[-13.39, -3.15]",0.00803,,,,
actuado,actuado,,veh_max_enlace,30,12.6333,0.9279,0.3465,30,-14.06,"[-18.18, -9.72]",6.02e-05,,,,
actuado,actuado,,ret_retraso,30,-35570.1467,709.5417,264.9472,30,1.97,"[0.80, 3.16]",0.00466,,,,
actuado,actuado,,ret_colas,30,-13124.7267,515.3488,192.4344,30,12.96,"[11.58, 14.28]",1.86e-09,,,,
actuado,actuado,,ret_spill,30,-35570.1467,709.5417,264.9472,30,1.97,"[0.80, 3.16]",0.00466,,,,
actuado,actuado,,vehiculos,30,1810.0,0.0,0.0,30,0.0,"[0.00, 0.00]",1,,,,
actuado,actuado,,recompensa,30,-2394.13,99.9104,37.3072,30,-14.48,"[-15.88, -13.04]",1.86e-09,,,,
actuado,actuado,,decisiones,30,1480.5333,3.3604,1.2548,30,0.13,"[0.05, 0.20]",0.00265,,,,
dqn_s2042,dqn,2042,timeloss_prom,30,20.299,0.335,0.1251,30,-4.68,"[-5.70, -3.71]",1.92e-06,30,-3.68,"[-4.33, -3.01]",1.73e-06
dqn_s2042,dqn,2042,espera_prom,30,6.6077,0.2256,0.0842,30,-6.42,"[-8.03, -4.86]",3.9e-06,30,9.54,"[7.79, 11.40]",2.55e-06
dqn_s2042,dqn,2042,cola_prom,30,3.6413,0.1031,0.0385,30,-5.51,"[-6.91, -4.15]",3.18e-06,30,7.85,"[6.36, 9.39]",1.73e-06
dqn_s2042,dqn,2042,cola_max,30,13.9667,1.2994,0.4852,30,-13.43,"[-18.24, -8.32]",0.000249,30,-17.03,"[-20.19, -13.32]",9.13e-06
dqn_s2042,dqn,2042,paradas_prom,30,0.7135,0.0188,0.007,30,-11.5,"[-13.11, -9.94]",1.73e-06,30,-14.63,"[-15.68, -13.56]",1.73e-06
dqn_s2042,dqn,2042,throughput,30,1767.3667,2.8945,1.0808,30,-0.08,"[-0.14, -0.01]",0.0359,30,0.07,"[0.01, 0.12]",0.0231
dqn_s2042,dqn,2042,co2_prom,30,218.0433,0.7459,0.2785,30,-0.94,"[-1.14, -0.74]",2.59e-06,30,-1.74,"[-1.89, -1.59]",1.73e-06
dqn_s2042,dqn,2042,nox_prom,30,75.0067,0.2586,0.0965,30,-0.93,"[-1.14, -0.73]",2.54e-06,30,-1.37,"[-1.52, -1.22]",1.69e-06
dqn_s2042,dqn,2042,recompensa_decision,30,-1.7896,0.0581,0.0217,30,-5.48,"[-7.01, -3.98]",5.47e-06,30,10.66,"[8.88, 12.54]",1.86e-09
dqn_s2042,dqn,2042,cambios_fase,30,387.1333,3.8839,1.4503,30,-5.69,"[-6.00, -5.35]",1.66e-06,30,-15.42,"[-15.92, -14.90]",1.71e-06
dqn_s2042,dqn,2042,no_terminados,30,0.0,0.0,0.0,30,,,,30,,,
dqn_s2042,dqn,2042,viaje_corredor_prom,30,102.7717,0.4508,0.1683,30,-2.96,"[-3.34, -2.60]",1.86e-09,30,-5.06,"[-5.29, -4.84]",1.86e-09
dqn_s2042,dqn,2042,retraso_corredor_prom,30,19.882,0.4265,0.1593,30,-13.65,"[-15.19, -12.14]",1.73e-06,30,-21.61,"[-22.48, -20.78]",1.86e-09
dqn_s2042,dqn,2042,retraso_corredor_punta,30,20.2093,0.504,0.1882,30,-18.1,"[-20.10, -16.12]",1.86e-09,30,-24.14,"[-25.12, -23.17]",1.86e-09
dqn_s2042,dqn,2042,paradas_corredor,30,0.6309,0.027,0.0101,30,-23.97,"[-26.39, -21.55]",1.73e-06,30,-37.34,"[-38.67, -36.04]",1.73e-06
dqn_s2042,dqn,2042,paradas_corredor_le1,30,0.9315,0.0133,0.005,30,3.13,"[1.93, 4.45]",3.89e-05,30,28.14,"[26.52, 29.79]",1.73e-06
dqn_s2042,dqn,2042,spillback_tasa,30,0.0,0.0,0.0,30,,,,30,,,
dqn_s2042,dqn,2042,spillback_seg,30,0.0,0.0,0.0,30,,,,30,,,
dqn_s2042,dqn,2042,spillback_eventos,30,0.0,0.0,0.0,30,,,,30,,,
dqn_s2042,dqn,2042,cola_max_enlace,30,5.1333,1.1059,0.4129,30,-34.75,"[-40.33, -28.44]",3.9e-06,30,-28.7,"[-33.95, -22.79]",4.67e-06
dqn_s2042,dqn,2042,veh_max_enlace,30,10.5333,0.7761,0.2898,30,-28.34,"[-32.54, -23.72]",2.54e-06,30,-16.62,"[-19.84, -13.17]",4.8e-06
dqn_s2042,dqn,2042,ret_retraso,30,-34647.2013,588.3723,219.7018,30,4.52,"[3.46, 5.62]",1.86e-09,30,2.59,"[1.85, 3.33]",8.33e-07
dqn_s2042,dqn,2042,ret_colas,30,-14391.6917,425.6029,158.9227,30,4.56,"[3.16, 6.01]",1.99e-06,30,-9.65,"[-11.29, -8.08]",1.86e-09
dqn_s2042,dqn,2042,ret_spill,30,-34647.2013,588.3723,219.7018,30,4.52,"[3.46, 5.62]",1.86e-09,30,2.59,"[1.85, 3.33]",8.33e-07
dqn_s2042,dqn,2042,vehiculos,30,1810.0,0.0,0.0,30,0.0,"[0.00, 0.00]",1,30,0.0,"[0.00, 0.00]",1
dqn_s2042,dqn,2042,recompensa,30,-2650.7867,86.033,32.1253,30,-5.32,"[-6.88, -3.81]",2.55e-07,30,10.72,"[8.95, 12.61]",1.86e-09
dqn_s2042,dqn,2042,decisiones,30,1251.5667,4.7466,1.7724,30,-15.36,"[-15.47, -15.24]",1.71e-06,30,-15.47,"[-15.57, -15.35]",1.68e-06
dqn_s4042,dqn,4042,timeloss_prom,30,20.5603,0.4282,0.1599,30,-3.46,"[-4.85, -2.21]",2.35e-06,30,-2.44,"[-3.30, -1.56]",1.22e-05
dqn_s4042,dqn,4042,espera_prom,30,6.917,0.255,0.0952,30,-2.03,"[-4.37, 0.08]",0.147,30,14.67,"[12.37, 17.04]",1.73e-06
dqn_s4042,dqn,4042,cola_prom,30,3.791,0.1201,0.0448,30,-1.63,"[-3.65, 0.20]",0.191,30,12.28,"[10.33, 14.26]",1.73e-06
dqn_s4042,dqn,4042,cola_max,30,14.3667,1.4735,0.5502,30,-10.95,"[-14.75, -7.05]",0.000108,30,-14.65,"[-18.45, -10.34]",2.55e-05
dqn_s4042,dqn,4042,paradas_prom,30,0.7086,0.0199,0.0074,30,-12.1,"[-14.13, -10.22]",1.73e-06,30,-15.21,"[-16.43, -13.93]",1.73e-06
dqn_s4042,dqn,4042,throughput,30,1766.5,2.1616,0.8071,30,-0.13,"[-0.18, -0.07]",0.000635,30,0.02,"[-0.03, 0.06]",0.471
dqn_s4042,dqn,4042,co2_prom,30,218.3267,0.9613,0.359,30,-0.81,"[-1.09, -0.55]",1.19e-05,30,-1.61,"[-1.81, -1.42]",1.72e-06
dqn_s4042,dqn,4042,nox_prom,30,75.1433,0.3245,0.1212,30,-0.75,"[-1.04, -0.49]",1.65e-05,30,-1.19,"[-1.39, -1.00]",1.7e-06
dqn_s4042,dqn,4042,recompensa_decision,30,-1.8723,0.0669,0.025,30,-1.11,"[-3.35, 0.92]",0.491,30,15.77,"[13.48, 18.20]",1.73e-06
dqn_s4042,dqn,4042,cambios_fase,30,374.6333,3.2535,1.2149,30,-8.74,"[-9.02, -8.47]",1.66e-06,30,-18.15,"[-18.61, -17.69]",1.7e-06
dqn_s4042,dqn,4042,no_terminados,30,0.0,0.0,0.0,30,,,,30,,,
dqn_s4042,dqn,4042,viaje_corredor_prom,30,102.6727,0.5585,0.2085,30,-3.05,"[-3.50, -2.63]",1.86e-09,30,-5.15,"[-5.39, -4.91]",1.73e-06
dqn_s4042,dqn,4042,retraso_corredor_prom,30,19.7873,0.5207,0.1944,30,-14.06,"[-15.87, -12.29]",1.73e-06,30,-21.98,"[-22.84, -21.06]",1.73e-06
dqn_s4042,dqn,4042,retraso_corredor_punta,30,20.3033,0.6122,0.2286,30,-17.72,"[-19.97, -15.53]",1.73e-06,30,-23.79,"[-24.83, -22.68]",1.86e-09
dqn_s4042,dqn,4042,paradas_corredor,30,0.6131,0.0348,0.013,30,-26.12,"[-29.05, -23.17]",1.73e-06,30,-39.11,"[-40.55, -37.58]",1.86e-09
dqn_s4042,dqn,4042,paradas_corredor_le1,30,0.933,0.0176,0.0066,30,3.3,"[1.87, 4.87]",0.000205,30,28.35,"[26.61, 30.14]",1.73e-06
dqn_s4042,dqn,4042,spillback_tasa,30,0.0,0.0,0.0,30,,,,30,,,
dqn_s4042,dqn,4042,spillback_seg,30,0.0,0.0,0.0,30,,,,30,,,
dqn_s4042,dqn,4042,spillback_eventos,30,0.0,0.0,0.0,30,,,,30,,,
dqn_s4042,dqn,4042,cola_max_enlace,30,5.3,1.4179,0.5294,30,-32.63,"[-39.59, -24.89]",8.71e-06,30,-26.39,"[-33.33, -18.89]",1.79e-05
dqn_s4042,dqn,4042,veh_max_enlace,30,10.7,0.7022,0.2622,30,-27.21,"[-31.25, -23.04]",1.57e-06,30,-15.3,"[-18.18, -12.23]",4.88e-06
dqn_s4042,dqn,4042,ret_retraso,30,-35197.55,739.2843,276.0533,30,3.0,"[1.67, 4.50]",4.41e-05,30,1.05,"[0.05, 2.01]",0.0523
dqn_s4042,dqn,4042,ret_colas,30,-15024.821,499.1227,186.3755,30,0.36,"[-1.53, 2.47]",0.935,30,-14.48,"[-16.60, -12.39]",1.86e-09
dqn_s4042,dqn,4042,ret_spill,30,-35197.55,739.2843,276.0533,30,3.0,"[1.67, 4.50]",4.41e-05,30,1.05,"[0.05, 2.01]",0.0523
dqn_s4042,dqn,4042,vehiculos,30,1810.0,0.0,0.0,30,0.0,"[0.00, 0.00]",1,30,0.0,"[0.00, 0.00]",1
dqn_s4042,dqn,4042,recompensa,30,-2769.86,99.0631,36.9908,30,-1.06,"[-3.32, 0.98]",0.503,30,15.69,"[13.40, 18.11]",1.86e-09
dqn_s4042,dqn,4042,decisiones,30,1257.3333,3.8267,1.4289,30,-14.97,"[-15.06, -14.87]",1.69e-06,30,-15.08,"[-15.18, -14.98]",1.69e-06
dqn_s42,dqn,42,timeloss_prom,30,20.786,0.3156,0.1179,30,-2.4,"[-3.62, -1.21]",0.00138,30,-1.37,"[-2.06, -0.68]",0.00214
dqn_s42,dqn,42,espera_prom,30,6.668,0.2203,0.0823,30,-5.56,"[-7.39, -3.80]",1.8e-05,30,10.54,"[8.90, 12.27]",1.73e-06
dqn_s42,dqn,42,cola_prom,30,3.6627,0.1003,0.0374,30,-4.96,"[-6.50, -3.46]",1.13e-05,30,8.48,"[7.13, 9.89]",1.73e-06
dqn_s42,dqn,42,cola_max,30,14.1333,0.8996,0.3359,30,-12.4,"[-16.87, -7.44]",0.000514,30,-16.04,"[-18.74, -13.28]",2.25e-06
dqn_s42,dqn,42,paradas_prom,30,0.7788,0.0149,0.0056,30,-3.39,"[-5.27, -1.60]",0.00372,30,-6.82,"[-7.95, -5.65]",1.73e-06
dqn_s42,dqn,42,throughput,30,1766.4,2.0778,0.7759,30,-0.13,"[-0.19, -0.07]",0.000719,30,0.01,"[-0.04, 0.06]",0.549
dqn_s42,dqn,42,co2_prom,30,219.9167,0.5814,0.2171,30,-0.08,"[-0.32, 0.15]",0.539,30,-0.9,"[-1.05, -0.75]",1.72e-06
dqn_s42,dqn,42,nox_prom,30,75.5633,0.1956,0.073,30,-0.19,"[-0.43, 0.04]",0.149,30,-0.64,"[-0.79, -0.50]",3.66e-06
dqn_s42,dqn,42,recompensa_decision,30,-1.7881,0.058,0.0216,30,-5.55,"[-7.25, -3.88]",1.64e-05,30,10.57,"[8.97, 12.25]",1.73e-06
dqn_s42,dqn,42,cambios_fase,30,428.5333,5.1175,1.9109,30,4.39,"[3.97, 4.82]",1.71e-06,30,-6.37,"[-6.86, -5.88]",1.72e-06
dqn_s42,dqn,42,no_terminados,30,0.0,0.0,0.0,30,,,,30,,,
dqn_s42,dqn,42,viaje_corredor_prom,30,105.254,0.3859,0.1441,30,-0.62,"[-1.05, -0.21]",0.0243,30,-2.77,"[-2.98, -2.58]",1.73e-06
dqn_s42,dqn,42,retraso_corredor_prom,30,22.3663,0.336,0.1255,30,-2.86,"[-4.75, -0.99]",0.0252,30,-11.81,"[-12.66, -11.07]",1.86e-09
dqn_s42,dqn,42,retraso_corredor_punta,30,22.673,0.449,0.1677,30,-8.12,"[-10.66, -5.58]",1.68e-06,30,-14.89,"[-15.90, -13.95]",1.86e-09
dqn_s42,dqn,42,paradas_corredor,30,0.8065,0.024,0.009,30,-2.8,"[-6.10, 0.38]",0.249,30,-19.9,"[-21.35, -18.52]",1.73e-06
dqn_s42,dqn,42,paradas_corredor_le1,30,0.8831,0.0143,0.0053,30,-2.22,"[-3.52, -0.77]",0.00726,30,21.48,"[20.13, 23.03]",1.73e-06
dqn_s42,dqn,42,spillback_tasa,30,0.0,0.0,0.0,30,,,,30,,,
dqn_s42,dqn,42,spillback_seg,30,0.0,0.0,0.0,30,,,,30,,,
dqn_s42,dqn,42,spillback_eventos,30,0.0,0.0,0.0,30,,,,30,,,
dqn_s42,dqn,42,cola_max_enlace,30,5.2667,0.7849,0.2931,30,-33.05,"[-38.25, -27.51]",2.41e-06,30,-26.85,"[-31.98, -21.63]",4.54e-06
dqn_s42,dqn,42,veh_max_enlace,30,10.8,0.5509,0.2057,30,-26.53,"[-30.65, -22.27]",2.32e-06,30,-14.51,"[-17.53, -11.50]",6.5e-06
dqn_s42,dqn,42,ret_retraso,30,-35319.4013,569.2086,212.546,30,2.67,"[1.45, 3.94]",0.000232,30,0.7,"[-0.01, 1.43]",0.146
dqn_s42,dqn,42,ret_colas,30,-14397.3707,419.1135,156.4996,30,4.52,"[2.98, 6.13]",3.79e-06,30,-9.7,"[-11.18, -8.28]",1.86e-09
dqn_s42,dqn,42,ret_spill,30,-35319.4013,569.2086,212.546,30,2.67,"[1.45, 3.94]",0.000232,30,0.7,"[-0.01, 1.43]",0.146
dqn_s42,dqn,42,vehiculos,30,1810.0,0.0,0.0,30,0.0,"[0.00, 0.00]",1,30,0.0,"[0.00, 0.00]",1
dqn_s42,dqn,42,recompensa,30,-2648.6933,85.093,31.7742,30,-5.39,"[-7.12, -3.71]",1.68e-06,30,10.63,"[9.04, 12.30]",1.86e-09
dqn_s42,dqn,42,decisiones,30,1226.8333,5.8137,2.1709,30,-17.03,"[-17.17, -16.88]",1.71e-06,30,-17.14,"[-17.26, -17.01]",1.68e-06
ippo_local_s2042,ippo_local,2042,timeloss_prom,30,21.1857,0.3651,0.1363,30,-0.52,"[-1.66, 0.51]",0.711,30,0.53,"[-0.36, 1.38]",0.106
ippo_local_s2042,ippo_local,2042,espera_prom,30,7.274,0.1895,0.0708,30,3.02,"[1.36, 4.51]",0.000637,30,20.59,"[18.48, 22.64]",1.73e-06
ippo_local_s2042,ippo_local,2042,cola_prom,30,3.9603,0.0948,0.0354,30,2.77,"[1.29, 4.09]",0.000518,30,17.3,"[15.55, 19.03]",1.73e-06
ippo_local_s2042,ippo_local,2042,cola_max,30,15.3667,1.2726,0.4752,30,-4.75,"[-8.66, -0.66]",0.0401,30,-8.71,"[-12.88, -4.40]",0.0017
ippo_local_s2042,ippo_local,2042,paradas_prom,30,0.7762,0.0156,0.0058,30,-3.72,"[-5.55, -2.02]",0.00124,30,-7.13,"[-8.46, -5.77]",2.56e-06
ippo_local_s2042,ippo_local,2042,throughput,30,1766.4333,2.4591,0.9182,30,-0.13,"[-0.20, -0.06]",0.0023,30,0.01,"[-0.05, 0.07]",0.681
ippo_local_s2042,ippo_local,2042,co2_prom,30,219.1233,0.8165,0.3049,30,-0.45,"[-0.68, -0.23]",0.000738,30,-1.25,"[-1.45, -1.07]",1.72e-06
ippo_local_s2042,ippo_local,2042,nox_prom,30,75.4533,0.2675,0.0999,30,-0.34,"[-0.57, -0.13]",0.004,30,-0.78,"[-0.98, -0.61]",2.5e-06
ippo_local_s2042,ippo_local,2042,recompensa_decision,30,-1.9627,0.0522,0.0195,30,3.67,"[2.11, 5.04]",0.000136,30,21.37,"[19.54, 23.22]",1.73e-06
ippo_local_s2042,ippo_local,2042,cambios_fase,30,368.1667,2.9721,1.1098,30,-10.31,"[-10.58, -10.04]",1.65e-06,30,-19.56,"[-19.97, -19.15]",1.71e-06
ippo_local_s2042,ippo_local,2042,no_terminados,30,0.0,0.0,0.0,30,,,,30,,,
ippo_local_s2042,ippo_local,2042,viaje_corredor_prom,30,104.542,0.6021,0.2248,30,-1.29,"[-1.70, -0.91]",5.47e-06,30,-3.43,"[-3.71, -3.16]",1.86e-09
ippo_local_s2042,ippo_local,2042,retraso_corredor_prom,30,21.6537,0.5168,0.193,30,-5.95,"[-7.73, -4.26]",5.75e-06,30,-14.62,"[-15.74, -13.58]",1.86e-09
ippo_local_s2042,ippo_local,2042,retraso_corredor_punta,30,22.9993,0.735,0.2744,30,-6.8,"[-9.23, -4.48]",1.56e-05,30,-13.67,"[-15.04, -12.33]",1.86e-09
ippo_local_s2042,ippo_local,2042,paradas_corredor,30,0.77,0.0311,0.0116,30,-7.2,"[-10.31, -4.18]",0.000688,30,-23.53,"[-25.45, -21.62]",1.73e-06
ippo_local_s2042,ippo_local,2042,paradas_corredor_le1,30,0.8933,0.0167,0.0062,30,-1.1,"[-2.36, 0.27]",0.102,30,22.88,"[20.90, 25.03]",1.73e-06
ippo_local_s2042,ippo_local,2042,spillback_tasa,30,0.0,0.0,0.0,30,,,,30,,,
ippo_local_s2042,ippo_local,2042,spillback_seg,30,0.0,0.0,0.0,30,,,,30,,,
ippo_local_s2042,ippo_local,2042,spillback_eventos,30,0.0,0.0,0.0,30,,,,30,,,
ippo_local_s2042,ippo_local,2042,cola_max_enlace,30,7.0667,0.9444,0.3527,30,-10.17,"[-16.05, -3.88]",0.00635,30,-1.85,"[-7.24, 4.33]",0.513
ippo_local_s2042,ippo_local,2042,veh_max_enlace,30,12.6,1.4527,0.5424,30,-14.29,"[-19.35, -9.03]",0.00016,30,-0.26,"[-4.96, 4.84]",0.806
ippo_local_s2042,ippo_local,2042,ret_retraso,30,-36391.954,673.1013,251.3402,30,-0.29,"[-1.41, 0.94]",0.309,30,-2.31,"[-3.21, -1.36]",9.9e-05
ippo_local_s2042,ippo_local,2042,ret_colas,30,-15684.4667,383.2407,143.1044,30,-4.01,"[-5.34, -2.52]",1.6e-05,30,-19.5,"[-21.31, -17.67]",1.86e-09
ippo_local_s2042,ippo_local,2042,ret_spill,30,-36391.954,673.1013,251.3402,30,-0.29,"[-1.41, 0.94]",0.309,30,-2.31,"[-3.21, -1.36]",9.9e-05
ippo_local_s2042,ippo_local,2042,vehiculos,30,1810.0,0.0,0.0,30,0.0,"[0.00, 0.00]",1,30,0.0,"[0.00, 0.00]",1
ippo_local_s2042,ippo_local,2042,recompensa,30,-2911.63,76.2203,28.4611,30,4.0,"[2.44, 5.38]",2.08e-05,30,21.62,"[19.79, 23.47]",1.86e-09
ippo_local_s2042,ippo_local,2042,decisiones,30,1265.0333,4.5142,1.6856,30,-14.45,"[-14.58, -14.33]",1.71e-06,30,-14.56,"[-14.66, -14.45]",1.7e-06
ippo_local_s4042,ippo_local,4042,timeloss_prom,30,21.2143,0.3934,0.1469,30,-0.39,"[-1.72, 0.90]",0.773,30,0.67,"[-0.24, 1.55]",0.162
ippo_local_s4042,ippo_local,4042,espera_prom,30,7.3673,0.2444,0.0912,30,4.34,"[2.21, 6.47]",0.000927,30,22.14,"[19.94, 24.35]",1.73e-06
ippo_local_s4042,ippo_local,4042,cola_prom,30,4.0043,0.1256,0.0469,30,3.91,"[1.99, 5.81]",0.00124,30,18.6,"[16.81, 20.40]",1.73e-06
ippo_local_s4042,ippo_local,4042,cola_max,30,15.3,1.664,0.6214,30,-5.17,"[-9.77, -0.22]",0.0284,30,-9.11,"[-13.14, -4.55]",0.00135
ippo_local_s4042,ippo_local,4042,paradas_prom,30,0.7772,0.0186,0.0069,30,-3.6,"[-5.62, -1.68]",0.00274,30,-7.01,"[-8.46, -5.60]",1.91e-06
ippo_local_s4042,ippo_local,4042,throughput,30,1766.3333,2.4117,0.9005,30,-0.14,"[-0.20, -0.07]",0.00112,30,0.01,"[-0.05, 0.06]",0.794
ippo_local_s4042,ippo_local,4042,co2_prom,30,219.1833,0.8991,0.3357,30,-0.42,"[-0.69, -0.15]",0.00872,30,-1.23,"[-1.43, -1.02]",1.92e-06
ippo_local_s4042,ippo_local,4042,nox_prom,30,75.48,0.2976,0.1111,30,-0.3,"[-0.57, -0.04]",0.0329,30,-0.75,"[-0.94, -0.56]",8.83e-06
ippo_local_s4042,ippo_local,4042,recompensa_decision,30,-1.9886,0.0728,0.0272,30,5.04,"[2.90, 7.18]",0.000272,30,22.97,"[20.83, 25.17]",1.73e-06
ippo_local_s4042,ippo_local,4042,cambios_fase,30,370.7333,4.0847,1.5253,30,-9.69,"[-10.05, -9.33]",1.69e-06,30,-19.0,"[-19.51, -18.50]",1.64e-06
ippo_local_s4042,ippo_local,4042,no_terminados,30,0.0,0.0,0.0,30,,,,30,,,
ippo_local_s4042,ippo_local,4042,viaje_corredor_prom,30,104.4117,0.6639,0.2479,30,-1.41,"[-1.88, -0.98]",2.05e-07,30,-3.55,"[-3.82, -3.27]",1.86e-09
ippo_local_s4042,ippo_local,4042,retraso_corredor_prom,30,21.5273,0.6111,0.2282,30,-6.5,"[-8.50, -4.59]",6.98e-06,30,-15.12,"[-16.18, -14.01]",1.73e-06
ippo_local_s4042,ippo_local,4042,retraso_corredor_punta,30,22.8347,0.8004,0.2989,30,-7.47,"[-10.09, -5.00]",1.56e-05,30,-14.28,"[-15.51, -13.02]",1.73e-06
ippo_local_s4042,ippo_local,4042,paradas_corredor,30,0.7661,0.0322,0.012,30,-7.68,"[-11.03, -4.39]",0.000615,30,-23.92,"[-25.74, -22.06]",1.73e-06
ippo_local_s4042,ippo_local,4042,paradas_corredor_le1,30,0.9028,0.0127,0.0047,30,-0.04,"[-1.37, 1.42]",0.579,30,24.19,"[22.43, 26.03]",1.73e-06
ippo_local_s4042,ippo_local,4042,spillback_tasa,30,0.0,0.0,0.0,30,,,,30,,,
ippo_local_s4042,ippo_local,4042,spillback_seg,30,0.0,0.0,0.0,30,,,,30,,,
ippo_local_s4042,ippo_local,4042,spillback_eventos,30,0.0,0.0,0.0,30,,,,30,,,
ippo_local_s4042,ippo_local,4042,cola_max_enlace,30,6.6,1.9226,0.7179,30,-16.1,"[-24.19, -5.19]",0.000918,30,-8.33,"[-16.51, 3.32]",0.00436
ippo_local_s4042,ippo_local,4042,veh_max_enlace,30,11.9,1.4227,0.5313,30,-19.05,"[-23.87, -13.84]",2.92e-05,30,-5.8,"[-10.08, -1.06]",0.0104
ippo_local_s4042,ippo_local,4042,ret_retraso,30,-36538.9737,722.628,269.8337,30,-0.7,"[-2.09, 0.75]",0.382,30,-2.72,"[-3.65, -1.78]",5.97e-06
ippo_local_s4042,ippo_local,4042,ret_colas,30,-15905.1687,504.3876,188.3414,30,-5.48,"[-7.44, -3.54]",9.22e-06,30,-21.18,"[-23.09, -19.30]",1.86e-09
ippo_local_s4042,ippo_local,4042,ret_spill,30,-36538.9737,722.628,269.8337,30,-0.7,"[-2.09, 0.75]",0.382,30,-2.72,"[-3.65, -1.78]",5.97e-06
ippo_local_s4042,ippo_local,4042,vehiculos,30,1810.0,0.0,0.0,30,0.0,"[0.00, 0.00]",1,30,0.0,"[0.00, 0.00]",1
ippo_local_s4042,ippo_local,4042,recompensa,30,-2951.9467,104.6432,39.0744,30,5.44,"[3.34, 7.56]",0.000115,30,23.3,"[21.22, 25.46]",1.86e-09
ippo_local_s4042,ippo_local,4042,decisiones,30,1264.7,7.4609,2.786,30,-14.47,"[-14.64, -14.29]",1.71e-06,30,-14.58,"[-14.76, -14.39]",1.72e-06
ippo_local_s42,ippo_local,42,timeloss_prom,30,20.8877,0.4479,0.1673,30,-1.92,"[-3.23, -0.66]",0.0148,30,-0.88,"[-1.72, 0.03]",0.0507
ippo_local_s42,ippo_local,42,espera_prom,30,7.2053,0.2642,0.0987,30,2.05,"[-0.07, 4.16]",0.0466,30,19.45,"[17.28, 21.84]",1.72e-06
ippo_local_s42,ippo_local,42,cola_prom,30,3.9177,0.1233,0.046,30,1.66,"[-0.16, 3.47]",0.0387,30,16.03,"[14.26, 17.97]",1.73e-06
ippo_local_s42,ippo_local,42,cola_max,30,15.6667,1.0613,0.3963,30,-2.89,"[-7.74, 2.13]",0.286,30,-6.93,"[-10.36, -3.43]",0.00134
ippo_local_s42,ippo_local,42,paradas_prom,30,0.7484,0.022,0.0082,30,-7.17,"[-9.08, -5.35]",3.51e-06,30,-10.46,"[-11.68, -9.13]",1.73e-06
ippo_local_s42,ippo_local,42,throughput,30,1765.7333,2.5587,0.9554,30,-0.17,"[-0.22, -0.12]",1.92e-05,30,-0.03,"[-0.08, 0.03]",0.451
ippo_local_s42,ippo_local,42,co2_prom,30,218.1967,0.9683,0.3616,30,-0.87,"[-1.13, -0.62]",8.42e-06,30,-1.67,"[-1.85, -1.48]",1.73e-06
ippo_local_s42,ippo_local,42,nox_prom,30,75.1633,0.3146,0.1175,30,-0.72,"[-0.98, -0.47]",4.71e-05,30,-1.17,"[-1.34, -0.98]",1.89e-06
ippo_local_s42,ippo_local,42,recompensa_decision,30,-1.9435,0.0697,0.026,30,2.66,"[0.68, 4.62]",0.0114,30,20.18,"[18.05, 22.51]",1.86e-09
ippo_local_s42,ippo_local,42,cambios_fase,30,364.4667,2.5829,0.9645,30,-11.21,"[-11.43, -11.00]",1.66e-06,30,-20.37,"[-20.75, -19.98]",1.72e-06
ippo_local_s42,ippo_local,42,no_terminados,30,0.0,0.0,0.0,30,,,,30,,,
ippo_local_s42,ippo_local,42,viaje_corredor_prom,30,103.8713,0.685,0.2558,30,-1.92,"[-2.36, -1.52]",1.73e-06,30,-4.05,"[-4.30, -3.78]",1.73e-06
ippo_local_s42,ippo_local,42,retraso_corredor_prom,30,20.984,0.6108,0.2281,30,-8.86,"[-10.69, -7.09]",1.86e-09,30,-17.26,"[-18.25, -16.21]",1.73e-06
ippo_local_s42,ippo_local,42,retraso_corredor_punta,30,22.0963,0.7483,0.2794,30,-10.46,"[-12.84, -8.20]",2.13e-06,30,-17.06,"[-18.25, -15.76]",1.73e-06
ippo_local_s42,ippo_local,42,paradas_corredor,30,0.7258,0.0352,0.0131,30,-12.53,"[-15.72, -9.47]",2.02e-06,30,-27.92,"[-29.50, -26.21]",1.86e-09
ippo_local_s42,ippo_local,42,paradas_corredor_le1,30,0.904,0.0164,0.0061,30,0.08,"[-1.15, 1.51]",0.559,30,24.35,"[22.68, 26.06]",1.73e-06
ippo_local_s42,ippo_local,42,spillback_tasa,30,0.0,0.0,0.0,30,,,,30,,,
ippo_local_s42,ippo_local,42,spillback_seg,30,0.0,0.0,0.0,30,,,,30,,,
ippo_local_s42,ippo_local,42,spillback_eventos,30,0.0,0.0,0.0,30,,,,30,,,
ippo_local_s42,ippo_local,42,cola_max_enlace,30,6.5667,0.8172,0.3051,30,-16.53,"[-22.22, -10.27]",0.000284,30,-8.8,"[-14.48, -2.39]",0.0133
ippo_local_s42,ippo_local,42,veh_max_enlace,30,11.8333,0.9129,0.3409,30,-19.5,"[-23.87, -15.14]",3.83e-06,30,-6.33,"[-9.79, -2.68]",0.00544
ippo_local_s42,ippo_local,42,ret_retraso,30,-35912.6293,839.592,313.5088,30,1.03,"[-0.32, 2.45]",0.289,30,-0.96,"[-1.96, -0.06]",0.0879
ippo_local_s42,ippo_local,42,ret_colas,30,-15570.2557,505.7697,188.8575,30,-3.25,"[-5.15, -1.37]",0.00113,30,-18.63,"[-20.71, -16.72]",1.86e-09
ippo_local_s42,ippo_local,42,ret_spill,30,-35912.6293,839.592,313.5088,30,1.03,"[-0.32, 2.45]",0.289,30,-0.96,"[-1.96, -0.06]",0.0879
ippo_local_s42,ippo_local,42,vehiculos,30,1810.0,0.0,0.0,30,0.0,"[0.00, 0.00]",1,30,0.0,"[0.00, 0.00]",1
ippo_local_s42,ippo_local,42,recompensa,30,-2885.6533,103.6512,38.704,30,3.07,"[1.07, 5.07]",0.00434,30,20.53,"[18.34, 22.91]",1.86e-09
ippo_local_s42,ippo_local,42,decisiones,30,1268.9,7.4433,2.7794,30,-14.19,"[-14.36, -14.00]",1.71e-06,30,-14.29,"[-14.48, -14.10]",1.72e-06
ippo_spill_s2042,ippo_spill,2042,timeloss_prom,30,20.194,0.3965,0.1481,30,-5.18,"[-6.17, -4.23]",2.56e-06,30,-4.18,"[-5.01, -3.35]",2.35e-06
ippo_spill_s2042,ippo_spill,2042,espera_prom,30,6.611,0.2458,0.0918,30,-6.37,"[-7.95, -4.77]",8.04e-06,30,9.6,"[7.41, 11.84]",3.18e-06
ippo_spill_s2042,ippo_spill,2042,cola_prom,30,3.6397,0.1185,0.0443,30,-5.55,"[-6.95, -4.14]",6.98e-06,30,7.8,"[5.94, 9.72]",3.18e-06
ippo_spill_s2042,ippo_spill,2042,cola_max,30,14.3,1.2635,0.4718,30,-11.36,"[-15.66, -6.71]",0.000559,30,-15.05,"[-18.79, -11.20]",1.19e-05
ippo_spill_s2042,ippo_spill,2042,paradas_prom,30,0.6972,0.0229,0.0086,30,-13.52,"[-14.88, -12.19]",1.73e-06,30,-16.58,"[-17.80, -15.35]",1.73e-06
ippo_spill_s2042,ippo_spill,2042,throughput,30,1766.5667,2.9441,1.0994,30,-0.12,"[-0.18, -0.06]",0.00136,30,0.02,"[-0.04, 0.08]",0.484
ippo_spill_s2042,ippo_spill,2042,co2_prom,30,217.5033,0.8252,0.3082,30,-1.18,"[-1.38, -0.98]",1.73e-06,30,-1.98,"[-2.15, -1.81]",1.72e-06
ippo_spill_s2042,ippo_spill,2042,nox_prom,30,74.87,0.2744,0.1024,30,-1.11,"[-1.31, -0.91]",2.54e-06,30,-1.55,"[-1.72, -1.38]",1.7e-06
ippo_spill_s2042,ippo_spill,2042,recompensa_decision,30,-1.7861,0.0648,0.0242,30,-5.66,"[-7.15, -4.12]",5.72e-07,30,10.45,"[8.43, 12.62]",1.92e-06
ippo_spill_s2042,ippo_spill,2042,cambios_fase,30,378.6667,3.5944,1.3422,30,-7.75,"[-8.05, -7.43]",1.64e-06,30,-17.27,"[-17.70, -16.83]",1.69e-06
ippo_spill_s2042,ippo_spill,2042,no_terminados,30,0.0,0.0,0.0,30,,,,30,,,
ippo_spill_s2042,ippo_spill,2042,viaje_corredor_prom,30,102.8927,0.6541,0.2442,30,-2.85,"[-3.21, -2.51]",1.86e-09,30,-4.95,"[-5.19, -4.72]",1.73e-06
ippo_spill_s2042,ippo_spill,2042,retraso_corredor_prom,30,20.0043,0.596,0.2225,30,-13.12,"[-14.59, -11.71]",1.86e-09,30,-21.13,"[-22.03, -20.21]",1.73e-06
ippo_spill_s2042,ippo_spill,2042,retraso_corredor_punta,30,20.915,0.6934,0.2589,30,-15.24,"[-17.25, -13.31]",1.86e-09,30,-21.49,"[-22.45, -20.50]",1.86e-09
ippo_spill_s2042,ippo_spill,2042,paradas_corredor,30,0.6385,0.0336,0.0125,30,-23.05,"[-25.12, -21.00]",1.73e-06,30,-36.59,"[-38.01, -35.14]",1.73e-06
ippo_spill_s2042,ippo_spill,2042,paradas_corredor_le1,30,0.9329,0.0191,0.0071,30,3.28,"[2.26, 4.42]",1.79e-05,30,28.32,"[26.53, 30.19]",1.73e-06
ippo_spill_s2042,ippo_spill,2042,spillback_tasa,30,0.0,0.0,0.0,30,,,,30,,,
ippo_spill_s2042,ippo_spill,2042,spillback_seg,30,0.0,0.0,0.0,30,,,,30,,,
ippo_spill_s2042,ippo_spill,2042,spillback_eventos,30,0.0,0.0,0.0,30,,,,30,,,
ippo_spill_s2042,ippo_spill,2042,cola_max_enlace,30,5.8,1.2149,0.4536,30,-26.27,"[-32.65, -19.21]",2.18e-05,30,-19.44,"[-26.61, -12.02]",0.000274
ippo_spill_s2042,ippo_spill,2042,veh_max_enlace,30,11.4333,0.8584,0.3205,30,-22.22,"[-26.87, -17.51]",4.77e-06,30,-9.5,"[-12.63, -6.45]",0.000107
ippo_spill_s2042,ippo_spill,2042,ret_retraso,30,-34377.165,725.1945,270.7921,30,5.26,"[4.22, 6.33]",1.86e-09,30,3.35,"[2.45, 4.26]",2.05e-07
ippo_spill_s2042,ippo_spill,2042,ret_colas,30,-14339.5257,482.9562,180.3388,30,4.91,"[3.45, 6.34]",3.24e-06,30,-9.26,"[-11.27, -7.31]",1.3e-08
ippo_spill_s2042,ippo_spill,2042,ret_spill,30,-34377.165,725.1945,270.7921,30,5.26,"[4.22, 6.33]",1.86e-09,30,3.35,"[2.45, 4.26]",2.05e-07
ippo_spill_s2042,ippo_spill,2042,vehiculos,30,1810.0,0.0,0.0,30,0.0,"[0.00, 0.00]",1,30,0.0,"[0.00, 0.00]",1
ippo_spill_s2042,ippo_spill,2042,recompensa,30,-2642.18,93.8103,35.0294,30,-5.62,"[-7.12, -4.10]",5.72e-07,30,10.36,"[8.37, 12.49]",3.73e-09
ippo_spill_s2042,ippo_spill,2042,decisiones,30,1254.7667,3.3392,1.2469,30,-15.14,"[-15.23, -15.06]",1.58e-06,30,-15.25,"[-15.33, -15.17]",1.68e-06
ippo_spill_s4042,ippo_spill,4042,timeloss_prom,30,19.8573,0.4584,0.1712,30,-6.76,"[-7.94, -5.65]",1.73e-06,30,-5.77,"[-6.72, -4.83]",1.73e-06
ippo_spill_s4042,ippo_spill,4042,espera_prom,30,6.4227,0.2356,0.088,30,-9.04,"[-10.87, -7.26]",1.73e-06,30,6.48,"[4.21, 8.76]",6.88e-05
ippo_spill_s4042,ippo_spill,4042,cola_prom,30,3.5533,0.1163,0.0434,30,-7.79,"[-9.43, -6.21]",1.73e-06,30,5.24,"[3.32, 7.21]",6.6e-05
ippo_spill_s4042,ippo_spill,4042,cola_max,30,14.4333,1.4308,0.5343,30,-10.54,"[-15.49, -5.63]",0.00195,30,-14.26,"[-17.97, -10.54]",1.2e-05
ippo_spill_s4042,ippo_spill,4042,paradas_prom,30,0.6876,0.0215,0.008,30,-14.72,"[-16.50, -13.07]",1.86e-09,30,-17.74,"[-19.07, -16.36]",1.86e-09
ippo_spill_s4042,ippo_spill,4042,throughput,30,1767.1,2.2947,0.8568,30,-0.09,"[-0.15, -0.04]",0.00581,30,0.05,"[0.01, 0.09]",0.0402
ippo_spill_s4042,ippo_spill,4042,co2_prom,30,216.5167,1.1357,0.4241,30,-1.63,"[-1.87, -1.40]",1.72e-06,30,-2.43,"[-2.64, -2.21]",1.73e-06
ippo_spill_s4042,ippo_spill,4042,nox_prom,30,74.5467,0.3683,0.1375,30,-1.54,"[-1.78, -1.31]",1.71e-06,30,-1.98,"[-2.18, -1.77]",1.69e-06
ippo_spill_s4042,ippo_spill,4042,recompensa_decision,30,-1.7345,0.0616,0.023,30,-8.39,"[-10.15, -6.71]",1.73e-06,30,7.25,"[5.12, 9.45]",2.35e-06
ippo_spill_s4042,ippo_spill,4042,cambios_fase,30,379.7,2.731,1.0198,30,-7.5,"[-7.72, -7.27]",1.67e-06,30,-17.04,"[-17.47, -16.60]",1.71e-06
ippo_spill_s4042,ippo_spill,4042,no_terminados,30,0.0,0.0,0.0,30,,,,30,,,
ippo_spill_s4042,ippo_spill,4042,viaje_corredor_prom,30,102.901,0.6399,0.239,30,-2.84,"[-3.24, -2.47]",1.73e-06,30,-4.94,"[-5.18, -4.72]",1.73e-06
ippo_spill_s4042,ippo_spill,4042,retraso_corredor_prom,30,20.0167,0.5824,0.2175,30,-13.06,"[-14.71, -11.52]",1.73e-06,30,-21.08,"[-21.99, -20.20]",1.73e-06
ippo_spill_s4042,ippo_spill,4042,retraso_corredor_punta,30,20.9033,0.7041,0.2629,30,-15.29,"[-17.52, -13.16]",1.86e-09,30,-21.53,"[-22.60, -20.48]",1.86e-09
ippo_spill_s4042,ippo_spill,4042,paradas_corredor,30,0.6315,0.0291,0.0108,30,-23.89,"[-26.35, -21.51]",1.86e-09,30,-37.28,"[-38.72, -35.89]",1.73e-06
ippo_spill_s4042,ippo_spill,4042,paradas_corredor_le1,30,0.9407,0.0148,0.0055,30,4.16,"[2.92, 5.56]",6.64e-06,30,29.41,"[27.58, 31.35]",1.73e-06
ippo_spill_s4042,ippo_spill,4042,spillback_tasa,30,0.0,0.0,0.0,30,,,,30,,,
ippo_spill_s4042,ippo_spill,4042,spillback_seg,30,0.0,0.0,0.0,30,,,,30,,,
ippo_spill_s4042,ippo_spill,4042,spillback_eventos,30,0.0,0.0,0.0,30,,,,30,,,
ippo_spill_s4042,ippo_spill,4042,cola_max_enlace,30,6.1667,1.2617,0.4711,30,-21.61,"[-28.86, -13.85]",0.000216,30,-14.35,"[-22.18, -5.74]",0.00516
ippo_spill_s4042,ippo_spill,4042,veh_max_enlace,30,12.7333,1.3374,0.4994,30,-13.38,"[-18.71, -7.80]",0.000598,30,0.79,"[-3.46, 5.03]",0.779
ippo_spill_s4042,ippo_spill,4042,ret_retraso,30,-33753.943,797.5574,297.8128,30,6.98,"[5.81, 8.24]",1.86e-09,30,5.11,"[4.07, 6.13]",9.31e-09
ippo_spill_s4042,ippo_spill,4042,ret_colas,30,-13945.2703,465.0589,173.6558,30,7.52,"[5.91, 9.20]",3.73e-09,30,-6.25,"[-8.29, -4.24]",9.22e-06
ippo_spill_s4042,ippo_spill,4042,ret_spill,30,-33753.943,797.5574,297.8128,30,6.98,"[5.81, 8.24]",1.86e-09,30,5.11,"[4.07, 6.13]",9.31e-09
ippo_spill_s4042,ippo_spill,4042,vehiculos,30,1810.0,0.0,0.0,30,0.0,"[0.00, 0.00]",1,30,0.0,"[0.00, 0.00]",1
ippo_spill_s4042,ippo_spill,4042,recompensa,30,-2562.8633,89.3812,33.3755,30,-8.46,"[-10.22, -6.78]",1.86e-09,30,7.05,"[4.94, 9.20]",2.35e-06
ippo_spill_s4042,ippo_spill,4042,decisiones,30,1252.7667,2.7877,1.0409,30,-15.28,"[-15.35, -15.20]",1.65e-06,30,-15.38,"[-15.46, -15.31]",1.66e-06
ippo_spill_s42,ippo_spill,42,timeloss_prom,30,19.9197,0.4782,0.1786,30,-6.47,"[-7.58, -5.34]",2.35e-06,30,-5.48,"[-6.44, -4.54]",1.86e-09
ippo_spill_s42,ippo_spill,42,espera_prom,30,6.5603,0.2954,0.1103,30,-7.09,"[-8.84, -5.22]",1.08e-05,30,8.76,"[6.47, 11.09]",7.99e-06
ippo_spill_s42,ippo_spill,42,cola_prom,30,3.621,0.1434,0.0536,30,-6.04,"[-7.56, -4.40]",1.08e-05,30,7.25,"[5.29, 9.23]",8.05e-06
ippo_spill_s42,ippo_spill,42,cola_max,30,14.2667,1.0148,0.3789,30,-11.57,"[-15.97, -7.04]",0.000301,30,-15.25,"[-18.15, -12.30]",2.95e-06
ippo_spill_s42,ippo_spill,42,paradas_prom,30,0.6773,0.0213,0.008,30,-15.99,"[-17.60, -14.38]",1.73e-06,30,-18.97,"[-20.21, -17.77]",1.73e-06
ippo_spill_s42,ippo_spill,42,throughput,30,1767.0333,2.1573,0.8056,30,-0.1,"[-0.15, -0.05]",0.00274,30,0.05,"[0.01, 0.09]",0.0364
ippo_spill_s42,ippo_spill,42,co2_prom,30,216.5467,1.1473,0.4284,30,-1.62,"[-1.87, -1.37]",1.73e-06,30,-2.42,"[-2.63, -2.21]",1.73e-06
ippo_spill_s42,ippo_spill,42,nox_prom,30,74.5733,0.3912,0.1461,30,-1.5,"[-1.75, -1.26]",2.51e-06,30,-1.94,"[-2.16, -1.73]",1.72e-06
ippo_spill_s42,ippo_spill,42,recompensa_decision,30,-1.7782,0.0783,0.0292,30,-6.08,"[-7.76, -4.27]",2.37e-05,30,9.96,"[7.81, 12.13]",1.86e-08
ippo_spill_s42,ippo_spill,42,cambios_fase,30,375.6667,2.3684,0.8844,30,-8.49,"[-8.68, -8.29]",1.61e-06,30,-17.92,"[-18.31, -17.52]",1.71e-06
ippo_spill_s42,ippo_spill,42,no_terminados,30,0.0,0.0,0.0,30,,,,30,,,
ippo_spill_s42,ippo_spill,42,viaje_corredor_prom,30,102.401,0.4305,0.1608,30,-3.31,"[-3.70, -2.94]",1.86e-09,30,-5.41,"[-5.62, -5.19]",1.73e-06
ippo_spill_s42,ippo_spill,42,retraso_corredor_prom,30,19.5123,0.3813,0.1424,30,-15.25,"[-16.82, -13.71]",1.73e-06,30,-23.07,"[-23.84, -22.28]",1.73e-06
ippo_spill_s42,ippo_spill,42,retraso_corredor_punta,30,20.4427,0.5028,0.1878,30,-17.16,"[-19.21, -15.12]",1.73e-06,30,-23.26,"[-24.18, -22.31]",1.73e-06
ippo_spill_s42,ippo_spill,42,paradas_corredor,30,0.6034,0.0221,0.0082,30,-27.28,"[-29.67, -24.90]",1.86e-09,30,-40.07,"[-41.27, -38.89]",1.73e-06
ippo_spill_s42,ippo_spill,42,paradas_corredor_le1,30,0.9534,0.009,0.0034,30,5.56,"[4.30, 6.95]",1.86e-09,30,31.15,"[29.51, 32.97]",1.73e-06
ippo_spill_s42,ippo_spill,42,spillback_tasa,30,0.0,0.0,0.0,30,,,,30,,,
ippo_spill_s42,ippo_spill,42,spillback_seg,30,0.0,0.0,0.0,30,,,,30,,,
ippo_spill_s42,ippo_spill,42,spillback_eventos,30,0.0,0.0,0.0,30,,,,30,,,
ippo_spill_s42,ippo_spill,42,cola_max_enlace,30,5.1,1.0939,0.4085,30,-35.17,"[-40.51, -29.57]",3.28e-06,30,-29.17,"[-34.84, -23.25]",3.44e-06
ippo_spill_s42,ippo_spill,42,veh_max_enlace,30,11.4667,0.8996,0.3359,30,-22.0,"[-26.28, -17.45]",5.4e-06,30,-9.23,"[-12.69, -5.56]",0.000657
ippo_spill_s42,ippo_spill,42,ret_retraso,30,-33959.8917,845.7576,315.8111,30,6.41,"[5.18, 7.62]",1.3e-08,30,4.53,"[3.49, 5.57]",1.86e-08
ippo_spill_s42,ippo_spill,42,ret_colas,30,-14268.427,586.6796,219.0698,30,5.38,"[3.68, 6.96]",6.92e-06,30,-8.71,"[-10.81, -6.64]",8.01e-08
ippo_spill_s42,ippo_spill,42,ret_spill,30,-33959.8917,845.7576,315.8111,30,6.41,"[5.18, 7.62]",1.3e-08,30,4.53,"[3.49, 5.57]",1.86e-08
ippo_spill_s42,ippo_spill,42,vehiculos,30,1810.0,0.0,0.0,30,0.0,"[0.00, 0.00]",1,30,0.0,"[0.00, 0.00]",1
ippo_spill_s42,ippo_spill,42,recompensa,30,-2628.3033,114.7055,42.8317,30,-6.12,"[-7.83, -4.31]",1.68e-06,30,9.78,"[7.65, 11.94]",3.54e-08
ippo_spill_s42,ippo_spill,42,decisiones,30,1255.5333,3.1594,1.1797,30,-15.09,"[-15.18, -15.01]",1.68e-06,30,-15.2,"[-15.29, -15.11]",1.7e-06
ippo_vecinos_s2042,ippo_vecinos,2042,timeloss_prom,30,20.0637,0.5747,0.2146,30,-5.79,"[-7.10, -4.47]",3.54e-08,30,-4.79,"[-6.02, -3.53]",1.64e-07
ippo_vecinos_s2042,ippo_vecinos,2042,espera_prom,30,6.585,0.3864,0.1443,30,-6.74,"[-9.00, -4.36]",8.53e-05,30,9.17,"[6.11, 12.29]",2.97e-05
ippo_vecinos_s2042,ippo_vecinos,2042,cola_prom,30,3.6293,0.1817,0.0678,30,-5.82,"[-7.79, -3.74]",8.18e-05,30,7.49,"[4.97, 10.07]",3.72e-05
ippo_vecinos_s2042,ippo_vecinos,2042,cola_max,30,14.5,1.2247,0.4573,30,-10.12,"[-13.80, -6.24]",0.000303,30,-13.86,"[-17.71, -9.80]",2.94e-05
ippo_vecinos_s2042,ippo_vecinos,2042,paradas_prom,30,0.6902,0.0284,0.0106,30,-14.39,"[-16.26, -12.50]",1.86e-09,30,-17.42,"[-19.03, -15.71]",1.73e-06
ippo_vecinos_s2042,ippo_vecinos,2042,throughput,30,1766.7,2.1679,0.8095,30,-0.11,"[-0.17, -0.06]",0.00103,30,0.03,"[-0.02, 0.08]",0.216
ippo_vecinos_s2042,ippo_vecinos,2042,co2_prom,30,216.9733,1.3025,0.4864,30,-1.42,"[-1.69, -1.16]",2.56e-06,30,-2.22,"[-2.49, -1.95]",1.73e-06
ippo_vecinos_s2042,ippo_vecinos,2042,nox_prom,30,74.7133,0.4439,0.1658,30,-1.32,"[-1.59, -1.05]",2.83e-06,30,-1.76,"[-2.02, -1.49]",1.71e-06
ippo_vecinos_s2042,ippo_vecinos,2042,recompensa_decision,30,-1.7833,0.0986,0.0368,30,-5.8,"[-7.96, -3.55]",3.9e-05,30,10.28,"[7.36, 13.24]",4.71e-07
ippo_vecinos_s2042,ippo_vecinos,2042,cambios_fase,30,375.1333,2.0297,0.7579,30,-8.62,"[-8.79, -8.44]",1.61e-06,30,-18.04,"[-18.44, -17.63]",1.72e-06
ippo_vecinos_s2042,ippo_vecinos,2042,no_terminados,30,0.0,0.0,0.0,30,,,,30,,,
ippo_vecinos_s2042,ippo_vecinos,2042,viaje_corredor_prom,30,102.6257,0.6159,0.23,30,-3.1,"[-3.53, -2.70]",1.86e-09,30,-5.2,"[-5.47, -4.91]",1.86e-09
ippo_vecinos_s2042,ippo_vecinos,2042,retraso_corredor_prom,30,19.7397,0.5424,0.2025,30,-14.27,"[-16.02, -12.61]",1.86e-09,30,-22.17,"[-23.18, -21.07]",1.73e-06
ippo_vecinos_s2042,ippo_vecinos,2042,retraso_corredor_punta,30,20.706,0.6968,0.2602,30,-16.09,"[-18.33, -13.94]",1.73e-06,30,-22.27,"[-23.53, -20.94]",1.86e-09
ippo_vecinos_s2042,ippo_vecinos,2042,paradas_corredor,30,0.6165,0.0297,0.0111,30,-25.7,"[-28.51, -22.90]",1.73e-06,30,-38.77,"[-40.39, -36.98]",1.86e-09
ippo_vecinos_s2042,ippo_vecinos,2042,paradas_corredor_le1,30,0.9393,0.0176,0.0066,30,4.0,"[2.51, 5.61]",5.3e-05,30,29.21,"[27.07, 31.36]",1.86e-09
ippo_vecinos_s2042,ippo_vecinos,2042,spillback_tasa,30,0.0,0.0,0.0,30,,,,30,,,
ippo_vecinos_s2042,ippo_vecinos,2042,spillback_seg,30,0.0,0.0,0.0,30,,,,30,,,
ippo_vecinos_s2042,ippo_vecinos,2042,spillback_eventos,30,0.0,0.0,0.0,30,,,,30,,,
ippo_vecinos_s2042,ippo_vecinos,2042,cola_max_enlace,30,5.6667,1.4223,0.5311,30,-27.97,"[-34.40, -21.28]",5.74e-06,30,-21.3,"[-27.85, -14.62]",5.6e-05
ippo_vecinos_s2042,ippo_vecinos,2042,veh_max_enlace,30,12.0667,1.6386,0.6119,30,-17.91,"[-22.17, -13.54]",5.08e-06,30,-4.49,"[-9.26, 0.54]",0.102
ippo_vecinos_s2042,ippo_vecinos,2042,ret_retraso,30,-34221.5707,1111.7542,415.1359,30,5.69,"[4.25, 7.12]",2.55e-07,30,3.79,"[2.38, 5.15]",2.69e-05
ippo_vecinos_s2042,ippo_vecinos,2042,ret_colas,30,-14302.9043,759.2587,283.5118,30,5.15,"[2.97, 7.23]",0.00017,30,-8.98,"[-11.73, -6.27]",1.19e-06
ippo_vecinos_s2042,ippo_vecinos,2042,ret_spill,30,-34221.5707,1111.7542,415.1359,30,5.69,"[4.25, 7.12]",2.55e-07,30,3.79,"[2.38, 5.15]",2.69e-05
ippo_vecinos_s2042,ippo_vecinos,2042,vehiculos,30,1810.0,0.0,0.0,30,0.0,"[0.00, 0.00]",1,30,0.0,"[0.00, 0.00]",1
ippo_vecinos_s2042,ippo_vecinos,2042,recompensa,30,-2638.1533,147.4126,55.0448,30,-5.77,"[-7.96, -3.47]",7.06e-05,30,10.19,"[7.28, 13.17]",4.71e-07
ippo_vecinos_s2042,ippo_vecinos,2042,decisiones,30,1257.0,3.0738,1.1478,30,-14.99,"[-15.08, -14.91]",1.68e-06,30,-15.1,"[-15.17, -15.02]",1.66e-06
ippo_vecinos_s4042,ippo_vecinos,4042,timeloss_prom,30,19.845,0.4525,0.169,30,-6.82,"[-7.99, -5.77]",1.86e-09,30,-5.83,"[-6.74, -4.89]",1.92e-06
ippo_vecinos_s4042,ippo_vecinos,4042,espera_prom,30,6.3153,0.2485,0.0928,30,-10.56,"[-12.42, -8.83]",1.92e-06,30,4.7,"[2.60, 6.87]",0.000453
ippo_vecinos_s4042,ippo_vecinos,4042,cola_prom,30,3.5023,0.1183,0.0442,30,-9.12,"[-10.73, -7.64]",1.91e-06,30,3.73,"[1.95, 5.57]",0.00103
ippo_vecinos_s4042,ippo_vecinos,4042,cola_max,30,15.0,1.64,0.6124,30,-7.02,"[-11.56, -2.15]",0.00584,30,-10.89,"[-15.07, -6.60]",0.000243
ippo_vecinos_s4042,ippo_vecinos,4042,paradas_prom,30,0.6911,0.0213,0.0079,30,-14.28,"[-16.07, -12.68]",1.73e-06,30,-17.32,"[-18.71, -15.84]",1.73e-06
ippo_vecinos_s4042,ippo_vecinos,4042,throughput,30,1766.8,2.5918,0.9678,30,-0.11,"[-0.17, -0.04]",0.00315,30,0.03,"[-0.02, 0.08]",0.189
ippo_vecinos_s4042,ippo_vecinos,4042,co2_prom,30,216.6533,1.0214,0.3814,30,-1.57,"[-1.80, -1.36]",1.73e-06,30,-2.37,"[-2.57, -2.16]",1.72e-06
ippo_vecinos_s4042,ippo_vecinos,4042,nox_prom,30,74.5633,0.3439,0.1284,30,-1.51,"[-1.75, -1.30]",1.7e-06,30,-1.95,"[-2.15, -1.75]",1.69e-06
ippo_vecinos_s4042,ippo_vecinos,4042,recompensa_decision,30,-1.7027,0.0631,0.0236,30,-10.06,"[-11.80, -8.49]",3.73e-09,30,5.29,"[3.35, 7.32]",6.88e-05
ippo_vecinos_s4042,ippo_vecinos,4042,cambios_fase,30,384.2,2.5107,0.9375,30,-6.41,"[-6.62, -6.19]",1.65e-06,30,-16.06,"[-16.46, -15.64]",1.71e-06
ippo_vecinos_s4042,ippo_vecinos,4042,no_terminados,30,0.0,0.0,0.0,30,,,,30,,,
ippo_vecinos_s4042,ippo_vecinos,4042,viaje_corredor_prom,30,103.1983,0.6951,0.2595,30,-2.56,"[-2.97, -2.20]",1.73e-06,30,-4.67,"[-4.94, -4.39]",1.86e-09
ippo_vecinos_s4042,ippo_vecinos,4042,retraso_corredor_prom,30,20.311,0.6558,0.2449,30,-11.79,"[-13.49, -10.24]",1.73e-06,30,-19.92,"[-20.99, -18.83]",1.73e-06
ippo_vecinos_s4042,ippo_vecinos,4042,retraso_corredor_punta,30,21.3107,0.8766,0.3273,30,-13.64,"[-15.86, -11.55]",1.73e-06,30,-20.01,"[-21.31, -18.68]",1.86e-09
ippo_vecinos_s4042,ippo_vecinos,4042,paradas_corredor,30,0.6506,0.0313,0.0117,30,-21.59,"[-24.20, -19.20]",1.73e-06,30,-35.38,"[-36.78, -33.89]",1.86e-09
ippo_vecinos_s4042,ippo_vecinos,4042,paradas_corredor_le1,30,0.9302,0.0163,0.0061,30,2.99,"[1.67, 4.46]",8.52e-05,30,27.95,"[26.10, 29.84]",1.73e-06
ippo_vecinos_s4042,ippo_vecinos,4042,spillback_tasa,30,0.0,0.0,0.0,30,,,,30,,,
ippo_vecinos_s4042,ippo_vecinos,4042,spillback_seg,30,0.0,0.0,0.0,30,,,,30,,,
ippo_vecinos_s4042,ippo_vecinos,4042,spillback_eventos,30,0.0,0.0,0.0,30,,,,30,,,
ippo_vecinos_s4042,ippo_vecinos,4042,cola_max_enlace,30,6.1667,1.5105,0.564,30,-21.61,"[-29.30, -13.33]",0.00032,30,-14.35,"[-22.38, -5.69]",0.00552
ippo_vecinos_s4042,ippo_vecinos,4042,veh_max_enlace,30,12.1667,1.1472,0.4284,30,-17.23,"[-21.41, -13.10]",5.67e-06,30,-3.69,"[-7.67, 0.80]",0.0623
ippo_vecinos_s4042,ippo_vecinos,4042,ret_retraso,30,-33737.9327,798.876,298.3052,30,7.02,"[5.91, 8.27]",1.86e-09,30,5.15,"[4.10, 6.15]",2.61e-08
ippo_vecinos_s4042,ippo_vecinos,4042,ret_colas,30,-13735.685,494.7474,184.7417,30,8.91,"[7.36, 10.57]",3.73e-09,30,-4.66,"[-6.61, -2.79]",3.45e-05
ippo_vecinos_s4042,ippo_vecinos,4042,ret_spill,30,-33737.9327,798.876,298.3052,30,7.02,"[5.91, 8.27]",1.86e-09,30,5.15,"[4.10, 6.15]",2.61e-08
ippo_vecinos_s4042,ippo_vecinos,4042,vehiculos,30,1810.0,0.0,0.0,30,0.0,"[0.00, 0.00]",1,30,0.0,"[0.00, 0.00]",1
ippo_vecinos_s4042,ippo_vecinos,4042,recompensa,30,-2517.5067,93.7406,35.0033,30,-10.08,"[-11.82, -8.47]",3.73e-09,30,5.15,"[3.22, 7.19]",1.6e-05
ippo_vecinos_s4042,ippo_vecinos,4042,decisiones,30,1250.7,3.1748,1.1855,30,-15.42,"[-15.50, -15.34]",1.69e-06,30,-15.52,"[-15.60, -15.45]",1.66e-06
ippo_vecinos_s42,ippo_vecinos,42,timeloss_prom,30,20.075,0.4233,0.1581,30,-5.74,"[-6.94, -4.63]",1.86e-09,30,-4.74,"[-5.67, -3.78]",3.18e-06
ippo_vecinos_s42,ippo_vecinos,42,espera_prom,30,6.6107,0.2243,0.0838,30,-6.37,"[-8.25, -4.62]",8.01e-08,30,9.59,"[7.28, 11.95]",3.87e-06
ippo_vecinos_s42,ippo_vecinos,42,cola_prom,30,3.6443,0.1058,0.0395,30,-5.43,"[-7.05, -3.92]",4.49e-06,30,7.94,"[6.02, 9.88]",4.27e-06
ippo_vecinos_s42,ippo_vecinos,42,cola_max,30,14.3667,1.3515,0.5046,30,-10.95,"[-15.67, -6.11]",0.00081,30,-14.65,"[-18.32, -10.84]",8.37e-06
ippo_vecinos_s42,ippo_vecinos,42,paradas_prom,30,0.694,0.0212,0.0079,30,-13.92,"[-15.76, -12.23]",1.73e-06,30,-16.97,"[-18.35, -15.59]",1.73e-06
ippo_vecinos_s42,ippo_vecinos,42,throughput,30,1767.0667,2.6384,0.9852,30,-0.09,"[-0.15, -0.03]",0.00795,30,0.05,"[-0.01, 0.10]",0.0869
ippo_vecinos_s42,ippo_vecinos,42,co2_prom,30,216.95,1.0461,0.3906,30,-1.43,"[-1.69, -1.19]",1.73e-06,30,-2.23,"[-2.44, -2.02]",1.73e-06
ippo_vecinos_s42,ippo_vecinos,42,nox_prom,30,74.7,0.328,0.1225,30,-1.33,"[-1.59, -1.09]",1.71e-06,30,-1.78,"[-1.98, -1.57]",1.7e-06
ippo_vecinos_s42,ippo_vecinos,42,recompensa_decision,30,-1.7864,0.0569,0.0213,30,-5.64,"[-7.36, -4.04]",5.21e-06,30,10.47,"[8.29, 12.72]",9.31e-09
ippo_vecinos_s42,ippo_vecinos,42,cambios_fase,30,377.6,2.4439,0.9125,30,-8.01,"[-8.23, -7.80]",1.59e-06,30,-17.5,"[-17.94, -17.04]",1.72e-06
ippo_vecinos_s42,ippo_vecinos,42,no_terminados,30,0.0,0.0,0.0,30,,,,30,,,
ippo_vecinos_s42,ippo_vecinos,42,viaje_corredor_prom,30,102.678,0.6065,0.2265,30,-3.05,"[-3.45, -2.68]",1.73e-06,30,-5.15,"[-5.39, -4.91]",1.73e-06
ippo_vecinos_s42,ippo_vecinos,42,retraso_corredor_prom,30,19.7923,0.5454,0.2037,30,-14.04,"[-15.65, -12.47]",1.73e-06,30,-21.96,"[-22.88, -21.01]",1.73e-06
ippo_vecinos_s42,ippo_vecinos,42,retraso_corredor_punta,30,20.8173,0.7216,0.2694,30,-15.64,"[-17.80, -13.50]",1.73e-06,30,-21.86,"[-22.87, -20.78]",1.73e-06
ippo_vecinos_s42,ippo_vecinos,42,paradas_corredor,30,0.6149,0.0294,0.011,30,-25.9,"[-28.48, -23.42]",1.73e-06,30,-38.93,"[-40.38, -37.47]",1.86e-09
ippo_vecinos_s42,ippo_vecinos,42,paradas_corredor_le1,30,0.9523,0.0132,0.0049,30,5.44,"[4.12, 6.88]",1.73e-06,30,31.0,"[29.24, 32.94]",1.73e-06
ippo_vecinos_s42,ippo_vecinos,42,spillback_tasa,30,0.0,0.0,0.0,30,,,,30,,,
ippo_vecinos_s42,ippo_vecinos,42,spillback_seg,30,0.0,0.0,0.0,30,,,,30,,,
ippo_vecinos_s42,ippo_vecinos,42,spillback_eventos,30,0.0,0.0,0.0,30,,,,30,,,
ippo_vecinos_s42,ippo_vecinos,42,cola_max_enlace,30,6.0,1.7617,0.6578,30,-23.73,"[-31.80, -15.11]",0.000225,30,-16.67,"[-25.23, -7.73]",0.00307
ippo_vecinos_s42,ippo_vecinos,42,veh_max_enlace,30,12.5667,1.5687,0.5858,30,-14.51,"[-19.40, -9.40]",0.000172,30,-0.53,"[-4.99, 3.95]",0.79
ippo_vecinos_s42,ippo_vecinos,42,ret_retraso,30,-34191.399,750.3845,280.1982,30,5.77,"[4.60, 7.06]",3.73e-09,30,3.88,"[2.87, 4.86]",2.05e-07
ippo_vecinos_s42,ippo_vecinos,42,ret_colas,30,-14350.4163,435.0569,162.4529,30,4.83,"[3.27, 6.50]",9.98e-07,30,-9.34,"[-11.41, -7.30]",9.31e-09
ippo_vecinos_s42,ippo_vecinos,42,ret_spill,30,-34191.399,750.3845,280.1982,30,5.77,"[4.60, 7.06]",3.73e-09,30,3.88,"[2.87, 4.86]",2.05e-07
ippo_vecinos_s42,ippo_vecinos,42,vehiculos,30,1810.0,0.0,0.0,30,0.0,"[0.00, 0.00]",1,30,0.0,"[0.00, 0.00]",1
ippo_vecinos_s42,ippo_vecinos,42,recompensa,30,-2641.6967,83.9943,31.364,30,-5.64,"[-7.37, -4.03]",5.47e-06,30,10.34,"[8.18, 12.58]",9.31e-09
ippo_vecinos_s42,ippo_vecinos,42,decisiones,30,1254.6,3.328,1.2427,30,-15.15,"[-15.23, -15.07]",1.64e-06,30,-15.26,"[-15.34, -15.18]",1.69e-06
mappo_s2042,mappo,2042,timeloss_prom,30,20.1787,0.6834,0.2552,30,-5.25,"[-6.65, -3.87]",7.69e-06,30,-4.25,"[-5.44, -2.98]",3.25e-05
mappo_s2042,mappo,2042,espera_prom,30,6.5593,0.4079,0.1523,30,-7.1,"[-9.38, -4.77]",5.79e-05,30,8.74,"[6.07, 11.55]",1.12e-05
mappo_s2042,mappo,2042,cola_prom,30,3.6173,0.1944,0.0726,30,-6.13,"[-8.11, -4.12]",4.16e-05,30,7.14,"[4.87, 9.52]",1.56e-05
mappo_s2042,mappo,2042,cola_max,30,15.2,1.5177,0.5667,30,-5.79,"[-10.20, -0.86]",0.0344,30,-9.7,"[-13.69, -5.25]",0.00046
mappo_s2042,mappo,2042,paradas_prom,30,0.701,0.0303,0.0113,30,-13.04,"[-15.03, -11.13]",1.73e-06,30,-16.12,"[-17.63, -14.52]",1.73e-06
mappo_s2042,mappo,2042,throughput,30,1767.0,2.1496,0.8027,30,-0.1,"[-0.15, -0.05]",0.00129,30,0.05,"[-0.01, 0.09]",0.0826
mappo_s2042,mappo,2042,co2_prom,30,217.3433,1.5042,0.5617,30,-1.25,"[-1.56, -0.96]",4.72e-06,30,-2.06,"[-2.33, -1.77]",1.91e-06
mappo_s2042,mappo,2042,nox_prom,30,74.8,0.5092,0.1901,30,-1.2,"[-1.50, -0.90]",5.53e-06,30,-1.64,"[-1.91, -1.36]",2.31e-06
mappo_s2042,mappo,2042,recompensa_decision,30,-1.7717,0.1052,0.0393,30,-6.42,"[-8.55, -4.23]",6.31e-05,30,9.56,"[7.03, 12.23]",2.88e-06
mappo_s2042,mappo,2042,cambios_fase,30,379.7667,3.2767,1.2235,30,-7.49,"[-7.76, -7.21]",1.63e-06,30,-17.03,"[-17.52, -16.54]",1.71e-06
mappo_s2042,mappo,2042,no_terminados,30,0.0,0.0,0.0,30,,,,30,,,
mappo_s2042,mappo,2042,viaje_corredor_prom,30,103.1777,0.7541,0.2816,30,-2.58,"[-3.02, -2.19]",1.86e-09,30,-4.69,"[-4.98, -4.40]",1.73e-06
mappo_s2042,mappo,2042,retraso_corredor_prom,30,20.2937,0.7132,0.2663,30,-11.86,"[-13.71, -10.17]",1.73e-06,30,-19.99,"[-21.17, -18.84]",1.73e-06
mappo_s2042,mappo,2042,retraso_corredor_punta,30,21.2517,0.9244,0.3452,30,-13.88,"[-16.39, -11.51]",1.86e-09,30,-20.23,"[-21.66, -18.80]",1.73e-06
mappo_s2042,mappo,2042,paradas_corredor,30,0.6422,0.0364,0.0136,30,-22.61,"[-25.52, -19.93]",1.73e-06,30,-36.22,"[-37.93, -34.55]",1.73e-06
mappo_s2042,mappo,2042,paradas_corredor_le1,30,0.9314,0.0164,0.0061,30,3.13,"[1.85, 4.59]",0.000106,30,28.13,"[26.32, 30.00]",1.73e-06
mappo_s2042,mappo,2042,spillback_tasa,30,0.0,0.0,0.0,30,,,,30,,,
mappo_s2042,mappo,2042,spillback_seg,30,0.0,0.0,0.0,30,,,,30,,,
mappo_s2042,mappo,2042,spillback_eventos,30,0.0,0.0,0.0,30,,,,30,,,
mappo_s2042,mappo,2042,cola_max_enlace,30,6.5333,1.5916,0.5943,30,-16.95,"[-24.37, -9.13]",0.00071,30,-9.26,"[-17.65, -0.48]",0.0504
mappo_s2042,mappo,2042,veh_max_enlace,30,12.5667,1.3817,0.5159,30,-14.51,"[-19.09, -9.65]",8.48e-05,30,-0.53,"[-4.85, 3.96]",0.852
mappo_s2042,mappo,2042,ret_retraso,30,-34332.648,1197.0402,446.9822,30,5.38,"[3.94, 6.88]",3.86e-07,30,3.48,"[2.14, 4.74]",3.45e-05
mappo_s2042,mappo,2042,ret_colas,30,-14229.2667,803.779,300.136,30,5.64,"[3.51, 7.72]",3.05e-05,30,-8.42,"[-10.92, -6.02]",8.01e-08
mappo_s2042,mappo,2042,ret_spill,30,-34332.648,1197.0402,446.9822,30,5.38,"[3.94, 6.88]",3.86e-07,30,3.48,"[2.14, 4.74]",3.45e-05
mappo_s2042,mappo,2042,vehiculos,30,1810.0,0.0,0.0,30,0.0,"[0.00, 0.00]",1,30,0.0,"[0.00, 0.00]",1
mappo_s2042,mappo,2042,recompensa,30,-2620.5767,156.0421,58.2671,30,-6.4,"[-8.55, -4.18]",1.6e-05,30,9.46,"[6.95, 12.13]",1.86e-08
mappo_s2042,mappo,2042,decisiones,30,1253.9667,3.2746,1.2228,30,-15.2,"[-15.28, -15.11]",1.67e-06,30,-15.3,"[-15.38, -15.23]",1.67e-06
mappo_s4042,mappo,4042,timeloss_prom,30,20.09,0.5043,0.1883,30,-5.67,"[-6.86, -4.52]",2.12e-06,30,-4.67,"[-5.82, -3.55]",3.18e-06
mappo_s4042,mappo,4042,espera_prom,30,6.6033,0.2949,0.1101,30,-6.48,"[-8.36, -4.70]",5.47e-06,30,9.47,"[6.90, 11.96]",8.87e-06
mappo_s4042,mappo,4042,cola_prom,30,3.635,0.142,0.053,30,-5.67,"[-7.30, -4.14]",7.22e-06,30,7.66,"[5.50, 9.74]",1.38e-05
mappo_s4042,mappo,4042,cola_max,30,15.7333,1.9106,0.7134,30,-2.48,"[-7.46, 2.81]",0.397,30,-6.53,"[-11.26, -1.78]",0.016
mappo_s4042,mappo,4042,paradas_prom,30,0.692,0.0276,0.0103,30,-14.16,"[-15.99, -12.35]",1.73e-06,30,-17.2,"[-18.94, -15.41]",1.73e-06
mappo_s4042,mappo,4042,throughput,30,1767.0,2.6523,0.9904,30,-0.1,"[-0.16, -0.04]",0.00847,30,0.05,"[-0.01, 0.10]",0.133
mappo_s4042,mappo,4042,co2_prom,30,216.9167,1.113,0.4156,30,-1.45,"[-1.71, -1.20]",1.71e-06,30,-2.25,"[-2.50, -2.01]",1.72e-06
mappo_s4042,mappo,4042,nox_prom,30,74.6833,0.3659,0.1366,30,-1.36,"[-1.61, -1.12]",1.72e-06,30,-1.8,"[-2.04, -1.56]",1.7e-06
mappo_s4042,mappo,4042,recompensa_decision,30,-1.7827,0.077,0.0288,30,-5.84,"[-7.59, -4.21]",5.74e-06,30,10.24,"[7.81, 12.57]",4.72e-06
mappo_s4042,mappo,4042,cambios_fase,30,374.9667,2.6193,0.9781,30,-8.66,"[-8.88, -8.45]",1.6e-06,30,-18.08,"[-18.46, -17.68]",1.69e-06
mappo_s4042,mappo,4042,no_terminados,30,0.0,0.0,0.0,30,,,,30,,,
mappo_s4042,mappo,4042,viaje_corredor_prom,30,102.8927,0.7881,0.2943,30,-2.85,"[-3.28, -2.43]",1.73e-06,30,-4.95,"[-5.29, -4.62]",1.86e-09
mappo_s4042,mappo,4042,retraso_corredor_prom,30,20.0023,0.7153,0.2671,30,-13.13,"[-14.92, -11.34]",1.86e-09,30,-21.13,"[-22.47, -19.79]",1.73e-06
mappo_s4042,mappo,4042,retraso_corredor_punta,30,20.9237,0.927,0.3461,30,-15.21,"[-17.54, -12.87]",1.86e-09,30,-21.46,"[-23.04, -19.85]",1.86e-09
mappo_s4042,mappo,4042,paradas_corredor,30,0.6353,0.0396,0.0148,30,-23.44,"[-26.25, -20.55]",1.73e-06,30,-36.91,"[-38.86, -34.83]",1.73e-06
mappo_s4042,mappo,4042,paradas_corredor_le1,30,0.9335,0.0209,0.0078,30,3.35,"[1.93, 4.88]",0.00047,30,28.41,"[26.13, 30.77]",1.86e-09
mappo_s4042,mappo,4042,spillback_tasa,30,0.0,0.0,0.0,30,,,,30,,,
mappo_s4042,mappo,4042,spillback_seg,30,0.0,0.0,0.0,30,,,,30,,,
mappo_s4042,mappo,4042,spillback_eventos,30,0.0,0.0,0.0,30,,,,30,,,
mappo_s4042,mappo,4042,cola_max_enlace,30,5.9667,1.0981,0.41,30,-24.15,"[-30.89, -16.95]",3.16e-05,30,-17.13,"[-22.87, -11.01]",0.000151
mappo_s4042,mappo,4042,veh_max_enlace,30,11.9667,1.2726,0.4752,30,-18.59,"[-23.40, -13.29]",2.92e-05,30,-5.28,"[-9.16, -1.06]",0.0103
mappo_s4042,mappo,4042,ret_retraso,30,-34231.095,931.9174,347.9837,30,5.66,"[4.46, 6.94]",5.59e-09,30,3.76,"[2.53, 5.01]",5.97e-06
mappo_s4042,mappo,4042,ret_colas,30,-14314.197,577.175,215.5207,30,5.07,"[3.49, 6.75]",6.91e-07,30,-9.06,"[-11.23, -6.80]",1.3e-07
mappo_s4042,mappo,4042,ret_spill,30,-34231.095,931.9174,347.9837,30,5.66,"[4.46, 6.94]",5.59e-09,30,3.76,"[2.53, 5.01]",5.97e-06
mappo_s4042,mappo,4042,vehiculos,30,1810.0,0.0,0.0,30,0.0,"[0.00, 0.00]",1,30,0.0,"[0.00, 0.00]",1
mappo_s4042,mappo,4042,recompensa,30,-2637.2433,112.3491,41.9518,30,-5.8,"[-7.55, -4.16]",1.3e-07,30,10.15,"[7.76, 12.48]",6.15e-08
mappo_s4042,mappo,4042,decisiones,30,1256.7,2.6281,0.9813,30,-15.01,"[-15.09, -14.94]",1.66e-06,30,-15.12,"[-15.19, -15.05]",1.68e-06
mappo_s42,mappo,42,timeloss_prom,30,19.7863,0.4723,0.1763,30,-7.09,"[-8.45, -5.80]",3.73e-09,30,-6.11,"[-6.98, -5.22]",1.86e-09
mappo_s42,mappo,42,espera_prom,30,6.4717,0.2802,0.1046,30,-8.34,"[-10.43, -6.22]",8.46e-06,30,7.29,"[5.17, 9.50]",8.44e-06
mappo_s42,mappo,42,cola_prom,30,3.5763,0.1317,0.0492,30,-7.2,"[-9.00, -5.35]",7.69e-06,30,5.92,"[4.18, 7.76]",1.02e-05
mappo_s42,mappo,42,cola_max,30,14.4333,1.04,0.3883,30,-10.54,"[-14.93, -5.94]",0.000827,30,-14.26,"[-17.44, -11.13]",3.23e-06
mappo_s42,mappo,42,paradas_prom,30,0.6762,0.0215,0.008,30,-16.13,"[-17.95, -14.38]",1.73e-06,30,-19.1,"[-20.22, -17.94]",1.73e-06
mappo_s42,mappo,42,throughput,30,1767.8,2.2652,0.8458,30,-0.05,"[-0.12, 0.01]",0.121,30,0.09,"[0.04, 0.14]",0.00313
mappo_s42,mappo,42,co2_prom,30,216.11,1.0723,0.4004,30,-1.81,"[-2.12, -1.53]",1.73e-06,30,-2.61,"[-2.80, -2.42]",1.73e-06
mappo_s42,mappo,42,nox_prom,30,74.4367,0.3557,0.1328,30,-1.68,"[-1.98, -1.40]",2.54e-06,30,-2.12,"[-2.31, -1.94]",1.71e-06
mappo_s42,mappo,42,recompensa_decision,30,-1.7514,0.0748,0.0279,30,-7.49,"[-9.47, -5.47]",1.13e-05,30,8.3,"[6.20, 10.49]",2.61e-08
mappo_s42,mappo,42,cambios_fase,30,374.9667,2.2203,0.8291,30,-8.66,"[-8.85, -8.47]",1.6e-06,30,-18.08,"[-18.48, -17.65]",1.71e-06
mappo_s42,mappo,42,no_terminados,30,0.0,0.0,0.0,30,,,,30,,,
mappo_s42,mappo,42,viaje_corredor_prom,30,102.4897,0.7164,0.2675,30,-3.23,"[-3.66, -2.84]",1.73e-06,30,-5.32,"[-5.55, -5.09]",1.73e-06
mappo_s42,mappo,42,retraso_corredor_prom,30,19.603,0.6589,0.2461,30,-14.86,"[-16.63, -13.23]",1.86e-09,30,-22.71,"[-23.62, -21.79]",1.73e-06
mappo_s42,mappo,42,retraso_corredor_punta,30,20.5863,0.7845,0.2929,30,-16.58,"[-18.86, -14.42]",1.86e-09,30,-22.72,"[-23.74, -21.71]",1.86e-09
mappo_s42,mappo,42,paradas_corredor,30,0.6035,0.0279,0.0104,30,-27.27,"[-29.83, -24.83]",1.73e-06,30,-40.06,"[-41.35, -38.77]",1.86e-09
mappo_s42,mappo,42,paradas_corredor_le1,30,0.9534,0.0127,0.0048,30,5.56,"[4.35, 6.97]",1.73e-06,30,31.15,"[29.29, 33.12]",1.73e-06
mappo_s42,mappo,42,spillback_tasa,30,0.0,0.0,0.0,30,,,,30,,,
mappo_s42,mappo,42,spillback_seg,30,0.0,0.0,0.0,30,,,,30,,,
mappo_s42,mappo,42,spillback_eventos,30,0.0,0.0,0.0,30,,,,30,,,
mappo_s42,mappo,42,cola_max_enlace,30,5.5667,1.0726,0.4005,30,-29.24,"[-34.30, -23.53]",5.08e-06,30,-22.69,"[-28.44, -16.50]",3.45e-05
mappo_s42,mappo,42,veh_max_enlace,30,11.8333,0.9855,0.368,30,-19.5,"[-24.19, -14.66]",8.23e-06,30,-6.33,"[-10.05, -2.48]",0.0073
mappo_s42,mappo,42,ret_retraso,30,-33679.0637,827.5053,308.9956,30,7.19,"[5.81, 8.60]",5.59e-09,30,5.32,"[4.39, 6.22]",3.73e-09
mappo_s42,mappo,42,ret_colas,30,-14066.848,548.508,204.8163,30,6.72,"[4.79, 8.59]",1.42e-06,30,-7.18,"[-9.12, -5.32]",6.15e-08
mappo_s42,mappo,42,ret_spill,30,-33679.0637,827.5053,308.9956,30,7.19,"[5.81, 8.60]",5.59e-09,30,5.32,"[4.39, 6.22]",3.73e-09
mappo_s42,mappo,42,vehiculos,30,1810.0,0.0,0.0,30,0.0,"[0.00, 0.00]",1,30,0.0,"[0.00, 0.00]",1
mappo_s42,mappo,42,recompensa,30,-2589.1167,111.9384,41.7985,30,-7.52,"[-9.52, -5.47]",8.33e-07,30,8.14,"[6.05, 10.33]",1.86e-08
mappo_s42,mappo,42,decisiones,30,1256.2,2.4269,0.9062,30,-15.05,"[-15.11, -14.98]",1.61e-06,30,-15.15,"[-15.21, -15.09]",1.66e-06
ql_colas_s2042,ql_colas,2042,timeloss_prom,30,25.1663,1.2109,0.4522,30,18.17,"[15.89, 20.47]",1.73e-06,30,19.42,"[17.28, 21.60]",1.73e-06
ql_colas_s2042,ql_colas,2042,espera_prom,30,8.4663,0.5444,0.2033,30,19.91,"[16.95, 22.87]",1.73e-06,30,40.36,"[36.54, 44.38]",1.73e-06
ql_colas_s2042,ql_colas,2042,cola_prom,30,4.5463,0.2615,0.0977,30,17.97,"[15.41, 20.54]",1.73e-06,30,34.65,"[31.46, 37.99]",1.73e-06
ql_colas_s2042,ql_colas,2042,cola_max,30,17.8333,1.5105,0.564,30,10.54,"[5.30, 16.02]",0.000771,30,5.94,"[1.58, 10.49]",0.0174
ql_colas_s2042,ql_colas,2042,paradas_prom,30,1.1019,0.0702,0.0262,30,36.67,"[32.75, 40.55]",1.86e-09,30,31.83,"[28.65, 35.06]",1.73e-06
ql_colas_s2042,ql_colas,2042,throughput,30,1763.9333,3.0392,1.1349,30,-0.27,"[-0.34, -0.21]",3.55e-06,30,-0.13,"[-0.20, -0.06]",0.00179
ql_colas_s2042,ql_colas,2042,co2_prom,30,228.6733,2.1802,0.8141,30,3.89,"[3.48, 4.30]",1.73e-06,30,3.05,"[2.67, 3.43]",1.73e-06
ql_colas_s2042,ql_colas,2042,nox_prom,30,78.46,0.7449,0.2782,30,3.63,"[3.23, 4.03]",1.72e-06,30,3.17,"[2.79, 3.55]",1.72e-06
ql_colas_s2042,ql_colas,2042,recompensa_decision,30,-2.2451,0.1403,0.0524,30,18.59,"[15.82, 21.39]",1.86e-09,30,38.83,"[35.20, 42.59]",1.86e-09
ql_colas_s2042,ql_colas,2042,cambios_fase,30,447.1,4.1717,1.5578,30,8.92,"[8.56, 9.27]",1.7e-06,30,-2.32,"[-2.89, -1.72]",6.82e-06
ql_colas_s2042,ql_colas,2042,no_terminados,30,0.0,0.0,0.0,30,,,,30,,,
ql_colas_s2042,ql_colas,2042,viaje_corredor_prom,30,114.8657,1.9681,0.7349,30,8.46,"[7.67, 9.22]",1.86e-09,30,6.11,"[5.46, 6.77]",1.86e-09
ql_colas_s2042,ql_colas,2042,retraso_corredor_prom,30,31.9833,1.9885,0.7425,30,38.91,"[34.94, 42.84]",1.86e-09,30,26.1,"[23.31, 28.99]",1.86e-09
ql_colas_s2042,ql_colas,2042,retraso_corredor_punta,30,35.9693,2.8355,1.0588,30,45.76,"[40.14, 51.32]",1.86e-09,30,35.02,"[31.07, 39.13]",1.86e-09
ql_colas_s2042,ql_colas,2042,paradas_corredor,30,1.4026,0.1159,0.0433,30,69.04,"[61.52, 76.49]",1.86e-09,30,39.3,"[35.01, 43.65]",1.86e-09
ql_colas_s2042,ql_colas,2042,paradas_corredor_le1,30,0.5812,0.0445,0.0166,30,-35.65,"[-37.47, -33.73]",1.73e-06,30,-20.06,"[-22.10, -17.93]",1.73e-06
ql_colas_s2042,ql_colas,2042,spillback_tasa,30,0.0,0.0,0.0,30,,,,30,,,
ql_colas_s2042,ql_colas,2042,spillback_seg,30,0.0,0.0,0.0,30,,,,30,,,
ql_colas_s2042,ql_colas,2042,spillback_eventos,30,0.0,0.0,0.0,30,,,,30,,,
ql_colas_s2042,ql_colas,2042,cola_max_enlace,30,9.3,0.7944,0.2966,30,18.22,"[11.20, 25.89]",0.000118,30,29.17,"[24.22, 34.62]",1.2e-06
ql_colas_s2042,ql_colas,2042,veh_max_enlace,30,17.5,1.7568,0.656,30,19.05,"[10.71, 27.82]",0.000164,30,38.52,"[32.12, 45.21]",2.41e-06
ql_colas_s2042,ql_colas,2042,ret_retraso,30,-43204.53,2190.667,818.0085,30,-19.06,"[-21.52, -16.63]",1.86e-09,30,-21.46,"[-23.82, -19.17]",1.86e-09
ql_colas_s2042,ql_colas,2042,ret_colas,30,-17716.22,1025.327,382.8634,30,-17.49,"[-20.08, -14.90]",1.86e-09,30,-34.98,"[-38.46, -31.67]",1.86e-09
ql_colas_s2042,ql_colas,2042,ret_spill,30,-43204.53,2190.667,818.0085,30,-19.06,"[-21.52, -16.63]",1.86e-09,30,-21.46,"[-23.82, -19.17]",1.86e-09
ql_colas_s2042,ql_colas,2042,vehiculos,30,1810.0,0.0,0.0,30,0.0,"[0.00, 0.00]",1,30,0.0,"[0.00, 0.00]",1
ql_colas_s2042,ql_colas,2042,recompensa,30,-3328.03,208.1245,77.715,30,18.87,"[16.06, 21.71]",1.86e-09,30,39.01,"[35.34, 42.81]",1.86e-09
ql_colas_s2042,ql_colas,2042,decisiones,30,1214.0667,5.0373,1.881,30,-17.89,"[-18.01, -17.78]",1.69e-06,30,-18.0,"[-18.12, -17.88]",1.7e-06
ql_colas_s4042,ql_colas,4042,timeloss_prom,30,23.558,0.8718,0.3255,30,10.62,"[8.89, 12.37]",1.73e-06,30,11.79,"[10.27, 13.38]",1.73e-06
ql_colas_s4042,ql_colas,4042,espera_prom,30,7.9197,0.4426,0.1653,30,12.17,"[9.61, 14.74]",2.35e-06,30,31.29,"[28.12, 34.54]",1.73e-06
ql_colas_s4042,ql_colas,4042,cola_prom,30,4.2667,0.2099,0.0784,30,10.72,"[8.48, 12.92]",2.35e-06,30,26.37,"[23.71, 29.10]",1.73e-06
ql_colas_s4042,ql_colas,4042,cola_max,30,16.8667,1.6344,0.6103,30,4.55,"[-1.61, 11.30]",0.227,30,0.2,"[-4.21, 4.62]",0.847
ql_colas_s4042,ql_colas,4042,paradas_prom,30,0.9817,0.0524,0.0196,30,21.77,"[18.74, 24.89]",1.73e-06,30,17.46,"[14.98, 20.15]",1.73e-06
ql_colas_s4042,ql_colas,4042,throughput,30,1765.2333,2.1764,0.8127,30,-0.2,"[-0.26, -0.14]",2.66e-05,30,-0.05,"[-0.11, 0.00]",0.078
ql_colas_s4042,ql_colas,4042,co2_prom,30,225.3267,1.6254,0.6069,30,2.37,"[2.05, 2.69]",1.73e-06,30,1.54,"[1.27, 1.82]",1.92e-06
ql_colas_s4042,ql_colas,4042,nox_prom,30,77.3767,0.5557,0.2075,30,2.2,"[1.88, 2.51]",1.72e-06,30,1.74,"[1.47, 2.03]",1.68e-06
ql_colas_s4042,ql_colas,4042,recompensa_decision,30,-2.1034,0.1137,0.0425,30,11.1,"[8.64, 13.54]",2.35e-06,30,30.06,"[27.13, 33.08]",1.86e-09
ql_colas_s4042,ql_colas,4042,cambios_fase,30,421.0333,5.7324,2.1405,30,2.57,"[2.10, 3.05]",1.69e-06,30,-8.01,"[-8.60, -7.44]",1.71e-06
ql_colas_s4042,ql_colas,4042,no_terminados,30,0.0,0.0,0.0,30,,,,30,,,
ql_colas_s4042,ql_colas,4042,viaje_corredor_prom,30,110.6393,1.3562,0.5064,30,4.47,"[3.88, 5.04]",1.86e-09,30,2.21,"[1.71, 2.71]",3.88e-06
ql_colas_s4042,ql_colas,4042,retraso_corredor_prom,30,27.7537,1.3723,0.5124,30,20.54,"[17.63, 23.36]",1.86e-09,30,9.43,"[7.29, 11.62]",4.66e-08
ql_colas_s4042,ql_colas,4042,retraso_corredor_punta,30,30.4877,1.8619,0.6953,30,23.55,"[19.49, 27.50]",3.73e-09,30,14.44,"[11.64, 17.36]",1.92e-06
ql_colas_s4042,ql_colas,4042,paradas_corredor,30,1.1589,0.0881,0.0329,30,39.66,"[33.89, 45.40]",1.86e-09,30,15.1,"[11.40, 18.98]",7.69e-06
ql_colas_s4042,ql_colas,4042,paradas_corredor_le1,30,0.6868,0.0447,0.0167,30,-23.96,"[-25.96, -22.00]",1.73e-06,30,-5.53,"[-8.15, -2.91]",0.000306
ql_colas_s4042,ql_colas,4042,spillback_tasa,30,0.0,0.0,0.0,30,,,,30,,,
ql_colas_s4042,ql_colas,4042,spillback_seg,30,0.0,0.0,0.0,30,,,,30,,,
ql_colas_s4042,ql_colas,4042,spillback_eventos,30,0.0,0.0,0.0,30,,,,30,,,
ql_colas_s4042,ql_colas,4042,cola_max_enlace,30,8.3,0.7497,0.2799,30,5.51,"[-1.18, 12.61]",0.0871,30,15.28,"[9.82, 21.30]",7.84e-05
ql_colas_s4042,ql_colas,4042,veh_max_enlace,30,14.7667,1.7555,0.6555,30,0.45,"[-6.14, 7.43]",0.976,30,16.89,"[11.14, 23.14]",1.38e-05
ql_colas_s4042,ql_colas,4042,ret_retraso,30,-40282.2167,1573.1215,587.4132,30,-11.01,"[-12.89, -9.15]",1.86e-09,30,-13.25,"[-14.99, -11.60]",1.86e-09
ql_colas_s4042,ql_colas,4042,ret_colas,30,-16714.29,847.8458,316.5908,30,-10.84,"[-13.11, -8.57]",9.31e-09,30,-27.35,"[-30.21, -24.58]",1.86e-09
ql_colas_s4042,ql_colas,4042,ret_spill,30,-40282.2167,1573.1215,587.4132,30,-11.01,"[-12.89, -9.15]",1.86e-09,30,-13.25,"[-14.99, -11.60]",1.86e-09
ql_colas_s4042,ql_colas,4042,vehiculos,30,1810.0,0.0,0.0,30,0.0,"[0.00, 0.00]",1,30,0.0,"[0.00, 0.00]",1
ql_colas_s4042,ql_colas,4042,recompensa,30,-3117.4867,169.6492,63.3481,30,11.35,"[8.88, 13.84]",9.31e-09,30,30.21,"[27.26, 33.22]",1.86e-09
ql_colas_s4042,ql_colas,4042,decisiones,30,1229.7333,6.8225,2.5476,30,-16.83,"[-17.00, -16.68]",1.71e-06,30,-16.94,"[-17.10, -16.77]",1.69e-06
ql_colas_s42,ql_colas,42,timeloss_prom,30,24.1627,0.7732,0.2887,30,13.46,"[11.62, 15.22]",3.73e-09,30,14.66,"[13.37, 15.94]",1.73e-06
ql_colas_s42,ql_colas,42,espera_prom,30,8.028,0.3481,0.13,30,13.7,"[11.15, 16.22]",2.35e-06,30,33.09,"[30.53, 35.68]",1.73e-06
ql_colas_s42,ql_colas,42,cola_prom,30,4.337,0.1697,0.0634,30,12.54,"[10.30, 14.75]",2.34e-06,30,28.45,"[26.37, 30.58]",1.73e-06
ql_colas_s42,ql_colas,42,cola_max,30,16.6667,1.2954,0.4837,30,3.31,"[-2.02, 8.73]",0.21,30,-0.99,"[-4.21, 2.37]",0.546
ql_colas_s42,ql_colas,42,paradas_prom,30,1.0415,0.0466,0.0174,30,29.18,"[25.99, 32.17]",1.73e-06,30,24.61,"[22.30, 26.85]",1.73e-06
ql_colas_s42,ql_colas,42,throughput,30,1766.1,2.7836,1.0394,30,-0.15,"[-0.22, -0.08]",0.000776,30,-0.01,"[-0.07, 0.06]",0.914
ql_colas_s42,ql_colas,42,co2_prom,30,226.92,1.4719,0.5496,30,3.1,"[2.76, 3.41]",1.73e-06,30,2.26,"[2.02, 2.51]",1.73e-06
ql_colas_s42,ql_colas,42,nox_prom,30,77.85,0.496,0.1852,30,2.83,"[2.50, 3.13]",1.71e-06,30,2.37,"[2.14, 2.60]",1.7e-06
ql_colas_s42,ql_colas,42,recompensa_decision,30,-2.1288,0.0887,0.0331,30,12.44,"[10.07, 14.75]",1.3e-08,30,31.64,"[29.33, 33.99]",1.73e-06
ql_colas_s42,ql_colas,42,cambios_fase,30,444.9667,5.262,1.9649,30,8.4,"[7.99, 8.87]",1.7e-06,30,-2.78,"[-3.31, -2.23]",2.64e-06
ql_colas_s42,ql_colas,42,no_terminados,30,0.0,0.0,0.0,30,,,,30,,,
ql_colas_s42,ql_colas,42,viaje_corredor_prom,30,113.1037,1.2479,0.466,30,6.79,"[6.15, 7.39]",1.86e-09,30,4.48,"[4.01, 4.94]",1.73e-06
ql_colas_s42,ql_colas,42,retraso_corredor_prom,30,30.2183,1.2526,0.4677,30,31.24,"[27.94, 34.38]",1.86e-09,30,19.14,"[17.06, 21.18]",1.73e-06
ql_colas_s42,ql_colas,42,retraso_corredor_punta,30,33.5047,1.8901,0.7058,30,35.77,"[31.18, 40.19]",1.86e-09,30,25.77,"[23.01, 28.45]",1.73e-06
ql_colas_s42,ql_colas,42,paradas_corredor,30,1.298,0.0788,0.0294,30,56.43,"[50.03, 62.45]",1.73e-06,30,28.92,"[25.27, 32.40]",1.73e-06
ql_colas_s42,ql_colas,42,paradas_corredor_le1,30,0.6113,0.0431,0.0161,30,-32.32,"[-34.10, -30.38]",1.73e-06,30,-15.91,"[-18.20, -13.45]",2.12e-06
ql_colas_s42,ql_colas,42,spillback_tasa,30,0.0,0.0,0.0,30,,,,30,,,
ql_colas_s42,ql_colas,42,spillback_seg,30,0.0,0.0,0.0,30,,,,30,,,
ql_colas_s42,ql_colas,42,spillback_eventos,30,0.0,0.0,0.0,30,,,,30,,,
ql_colas_s42,ql_colas,42,cola_max_enlace,30,8.5667,0.6789,0.2535,30,8.9,"[2.46, 15.84]",0.0145,30,18.98,"[13.33, 24.89]",1.92e-05
ql_colas_s42,ql_colas,42,veh_max_enlace,30,14.9667,1.2726,0.4752,30,1.81,"[-3.79, 7.58]",0.413,30,18.47,"[14.47, 22.70]",3.13e-06
ql_colas_s42,ql_colas,42,ret_retraso,30,-41387.3667,1427.1142,532.8932,30,-14.06,"[-15.99, -12.04]",3.73e-09,30,-16.35,"[-17.79, -14.89]",1.86e-09
ql_colas_s42,ql_colas,42,ret_colas,30,-16891.6967,664.84,248.2553,30,-12.02,"[-14.26, -9.77]",9.31e-09,30,-28.7,"[-30.91, -26.50]",1.86e-09
ql_colas_s42,ql_colas,42,ret_spill,30,-41387.3667,1427.1142,532.8932,30,-14.06,"[-15.99, -12.04]",3.73e-09,30,-16.35,"[-17.79, -14.89]",1.86e-09
ql_colas_s42,ql_colas,42,vehiculos,30,1810.0,0.0,0.0,30,0.0,"[0.00, 0.00]",1,30,0.0,"[0.00, 0.00]",1
ql_colas_s42,ql_colas,42,recompensa,30,-3153.3433,130.4928,48.7268,30,12.63,"[10.24, 14.99]",9.31e-09,30,31.71,"[29.39, 34.11]",1.73e-06
ql_colas_s42,ql_colas,42,decisiones,30,1214.5333,5.6856,2.1231,30,-17.86,"[-18.00, -17.71]",1.66e-06,30,-17.97,"[-18.12, -17.82]",1.7e-06
ql_s2042,ql,2042,timeloss_prom,30,22.8437,0.422,0.1576,30,7.26,"[5.93, 8.50]",2.35e-06,30,8.4,"[7.48, 9.35]",1.86e-09
ql_s2042,ql,2042,espera_prom,30,8.1643,0.208,0.0777,30,15.63,"[13.73, 17.43]",1.73e-06,30,35.35,"[33.27, 37.51]",1.73e-06
ql_s2042,ql,2042,cola_prom,30,4.4217,0.1028,0.0384,30,14.74,"[13.03, 16.33]",1.73e-06,30,30.96,"[29.27, 32.72]",1.73e-06
ql_s2042,ql,2042,cola_max,30,16.7333,1.3374,0.4994,30,3.72,"[-1.81, 9.66]",0.288,30,-0.59,"[-3.16, 2.21]",0.703
ql_s2042,ql,2042,paradas_prom,30,0.8483,0.0254,0.0095,30,5.22,"[2.80, 7.54]",0.000261,30,1.49,"[-0.19, 3.25]",0.136
ql_s2042,ql,2042,throughput,30,1765.7333,2.6773,0.9997,30,-0.17,"[-0.24, -0.10]",0.000222,30,-0.03,"[-0.08, 0.02]",0.426
ql_s2042,ql,2042,co2_prom,30,223.0533,0.9978,0.3726,30,1.34,"[1.07, 1.59]",3.51e-06,30,0.52,"[0.30, 0.74]",0.000281
ql_s2042,ql,2042,nox_prom,30,76.7333,0.3231,0.1206,30,1.35,"[1.09, 1.59]",2.7e-06,30,0.9,"[0.69, 1.11]",3.09e-06
ql_s2042,ql,2042,recompensa_decision,30,-2.2381,0.0574,0.0214,30,18.21,"[16.31, 20.00]",1.73e-06,30,38.39,"[36.57, 40.34]",1.86e-09
ql_s2042,ql,2042,cambios_fase,30,374.1,5.7557,2.1492,30,-8.87,"[-9.35, -8.39]",1.7e-06,30,-18.27,"[-18.79, -17.75]",1.7e-06
ql_s2042,ql,2042,no_terminados,30,0.0,0.0,0.0,30,,,,30,,,
ql_s2042,ql,2042,viaje_corredor_prom,30,106.3733,0.8089,0.302,30,0.44,"[-0.06, 0.92]",0.0667,30,-1.74,"[-2.04, -1.42]",1.92e-06
ql_s2042,ql,2042,retraso_corredor_prom,30,23.49,0.7685,0.287,30,2.02,"[-0.29, 4.30]",0.0606,30,-7.38,"[-8.66, -6.06]",1.92e-06
ql_s2042,ql,2042,retraso_corredor_punta,30,25.208,0.9595,0.3583,30,2.15,"[-0.83, 5.16]",0.125,30,-5.38,"[-6.82, -3.80]",1.99e-06
ql_s2042,ql,2042,paradas_corredor,30,0.8874,0.0518,0.0193,30,6.95,"[2.38, 11.52]",0.00532,30,-11.87,"[-14.27, -9.31]",3.51e-06
ql_s2042,ql,2042,paradas_corredor_le1,30,0.8119,0.0306,0.0114,30,-10.1,"[-11.84, -8.27]",3.16e-06,30,11.69,"[9.60, 13.85]",1.73e-06
ql_s2042,ql,2042,spillback_tasa,30,0.0,0.0,0.0,30,,,,30,,,
ql_s2042,ql,2042,spillback_seg,30,0.0,0.0,0.0,30,,,,30,,,
ql_s2042,ql,2042,spillback_eventos,30,0.0,0.0,0.0,30,,,,30,,,
ql_s2042,ql,2042,cola_max_enlace,30,7.4,0.7701,0.2876,30,-5.93,"[-12.85, 1.35]",0.121,30,2.78,"[-3.18, 8.87]",0.391
ql_s2042,ql,2042,veh_max_enlace,30,12.9667,0.9643,0.3601,30,-11.79,"[-17.26, -5.69]",0.00237,30,2.64,"[-1.29, 6.78]",0.211
ql_s2042,ql,2042,ret_retraso,30,-39710.7167,730.4107,272.7398,30,-9.44,"[-10.77, -8.01]",3.73e-09,30,-11.64,"[-12.60, -10.72]",1.86e-09
ql_s2042,ql,2042,ret_colas,30,-17743.5767,408.2521,152.4438,30,-17.67,"[-19.25, -15.97]",1.86e-09,30,-35.19,"[-37.03, -33.39]",1.86e-09
ql_s2042,ql,2042,ret_spill,30,-39710.7167,730.4107,272.7398,30,-9.44,"[-10.77, -8.01]",3.73e-09,30,-11.64,"[-12.60, -10.72]",1.86e-09
ql_s2042,ql,2042,vehiculos,30,1810.0,0.0,0.0,30,0.0,"[0.00, 0.00]",1,30,0.0,"[0.00, 0.00]",1
ql_s2042,ql,2042,recompensa,30,-3322.3633,83.9438,31.3451,30,18.67,"[16.77, 20.45]",1.86e-09,30,38.77,"[36.92, 40.73]",1.86e-09
ql_s2042,ql,2042,decisiones,30,1260.0333,4.7233,1.7637,30,-14.79,"[-14.90, -14.67]",1.7e-06,30,-14.89,"[-15.00, -14.78]",1.67e-06
ql_s4042,ql,4042,timeloss_prom,30,23.929,0.4229,0.1579,30,12.36,"[11.00, 13.63]",1.73e-06,30,13.55,"[12.49, 14.63]",1.73e-06
ql_s4042,ql,4042,espera_prom,30,9.5707,0.2241,0.0837,30,35.55,"[33.46, 37.55]",1.73e-06,30,58.66,"[55.77, 61.69]",1.73e-06
ql_s4042,ql,4042,cola_prom,30,5.123,0.1068,0.0399,30,32.94,"[31.13, 34.67]",1.73e-06,30,51.73,"[49.32, 54.24]",1.73e-06
ql_s4042,ql,4042,cola_max,30,17.8,1.0954,0.409,30,10.33,"[4.75, 16.31]",0.00269,30,5.74,"[2.31, 9.18]",0.00366
ql_s4042,ql,4042,paradas_prom,30,0.8112,0.0195,0.0073,30,0.62,"[-1.44, 2.52]",0.233,30,-2.95,"[-4.46, -1.37]",0.00196
ql_s4042,ql,4042,throughput,30,1766.0333,2.1088,0.7874,30,-0.15,"[-0.21, -0.10]",8.58e-05,30,-0.01,"[-0.06, 0.04]",0.738
ql_s4042,ql,4042,co2_prom,30,223.98,1.036,0.3869,30,1.76,"[1.49, 2.01]",1.92e-06,30,0.93,"[0.70, 1.18]",5.74e-06
ql_s4042,ql,4042,nox_prom,30,77.2367,0.3429,0.128,30,2.02,"[1.75, 2.26]",2.54e-06,30,1.56,"[1.34, 1.79]",1.68e-06
ql_s4042,ql,4042,recompensa_decision,30,-2.6878,0.0552,0.0206,30,41.97,"[39.99, 43.87]",1.86e-09,30,66.21,"[63.41, 69.13]",1.86e-09
ql_s4042,ql,4042,cambios_fase,30,333.1667,3.7424,1.3974,30,-18.84,"[-19.15, -18.53]",1.69e-06,30,-27.21,"[-27.71, -26.72]",1.71e-06
ql_s4042,ql,4042,no_terminados,30,0.0,0.0,0.0,30,,,,30,,,
ql_s4042,ql,4042,viaje_corredor_prom,30,104.8997,0.6968,0.2602,30,-0.95,"[-1.41, -0.52]",0.00057,30,-3.1,"[-3.38, -2.82]",1.86e-09
ql_s4042,ql,4042,retraso_corredor_prom,30,22.0137,0.6045,0.2257,30,-4.39,"[-6.42, -2.44]",0.000593,30,-13.2,"[-14.34, -12.09]",1.86e-09
ql_s4042,ql,4042,retraso_corredor_punta,30,23.7403,0.8333,0.3111,30,-3.8,"[-6.58, -1.08]",0.0667,30,-10.88,"[-12.33, -9.42]",1.86e-09
ql_s4042,ql,4042,paradas_corredor,30,0.7936,0.0282,0.0105,30,-4.36,"[-7.77, -1.05]",0.071,30,-21.18,"[-23.04, -19.37]",1.73e-06
ql_s4042,ql,4042,paradas_corredor_le1,30,0.8557,0.0157,0.0059,30,-5.26,"[-6.57, -3.83]",1.8e-05,30,17.71,"[15.87, 19.64]",1.73e-06
ql_s4042,ql,4042,spillback_tasa,30,0.0,0.0,0.0,30,,,,30,,,
ql_s4042,ql,4042,spillback_seg,30,0.0,0.0,0.0,30,,,,30,,,
ql_s4042,ql,4042,spillback_eventos,30,0.0,0.0,0.0,30,,,,30,,,
ql_s4042,ql,4042,cola_max_enlace,30,7.2667,0.7397,0.2762,30,-7.63,"[-13.41, -1.38]",0.0247,30,0.93,"[-4.07, 6.22]",0.71
ql_s4042,ql,4042,veh_max_enlace,30,12.5333,0.8996,0.3359,30,-14.74,"[-18.79, -10.49]",6.2e-05,30,-0.79,"[-4.16, 2.70]",0.705
ql_s4042,ql,4042,ret_retraso,30,-42524.3233,742.5729,277.2813,30,-17.19,"[-18.55, -15.73]",1.86e-09,30,-19.55,"[-20.75, -18.41]",1.86e-09
ql_s4042,ql,4042,ret_colas,30,-21042.26,440.2096,164.377,30,-39.54,"[-41.33, -37.67]",1.86e-09,30,-60.33,"[-62.99, -57.74]",1.86e-09
ql_s4042,ql,4042,ret_spill,30,-42524.3233,742.5729,277.2813,30,-17.19,"[-18.55, -15.73]",1.86e-09,30,-19.55,"[-20.75, -18.41]",1.86e-09
ql_s4042,ql,4042,vehiculos,30,1810.0,0.0,0.0,30,0.0,"[0.00, 0.00]",1,30,0.0,"[0.00, 0.00]",1
ql_s4042,ql,4042,recompensa,30,-3988.3,81.1822,30.3139,30,42.46,"[40.45, 44.38]",1.86e-09,30,66.59,"[63.79, 69.50]",1.86e-09
ql_s4042,ql,4042,decisiones,30,1283.8667,3.9105,1.4602,30,-13.17,"[-13.29, -13.08]",1.68e-06,30,-13.28,"[-13.40, -13.18]",1.68e-06
ql_s42,ql,42,timeloss_prom,30,23.2613,0.3992,0.1491,30,9.23,"[7.84, 10.53]",1.92e-06,30,10.38,"[9.44, 11.29]",1.73e-06
ql_s42,ql,42,espera_prom,30,8.445,0.2347,0.0876,30,19.61,"[17.29, 21.81]",1.86e-09,30,40.0,"[37.59, 42.36]",1.73e-06
ql_s42,ql,42,cola_prom,30,4.527,0.1121,0.0419,30,17.47,"[15.54, 19.34]",1.73e-06,30,34.08,"[32.17, 35.99]",1.73e-06
ql_s42,ql,42,cola_max,30,17.3,1.0875,0.4061,30,7.23,"[2.38, 12.20]",0.00618,30,2.77,"[-1.35, 6.90]",0.204
ql_s42,ql,42,paradas_prom,30,0.8673,0.0229,0.0086,30,7.57,"[5.20, 9.80]",2.6e-05,30,3.76,"[2.29, 5.23]",0.000154
ql_s42,ql,42,throughput,30,1765.8333,2.1348,0.7972,30,-0.16,"[-0.21, -0.12]",7.13e-06,30,-0.02,"[-0.07, 0.03]",0.435
ql_s42,ql,42,co2_prom,30,223.8767,0.8815,0.3292,30,1.71,"[1.45, 1.97]",2.11e-06,30,0.89,"[0.69, 1.08]",5.28e-06
ql_s42,ql,42,nox_prom,30,77.03,0.2938,0.1097,30,1.74,"[1.48, 1.99]",1.99e-06,30,1.29,"[1.09, 1.48]",1.84e-06
ql_s42,ql,42,recompensa_decision,30,-2.297,0.0646,0.0241,30,21.33,"[19.15, 23.43]",1.86e-09,30,42.04,"[39.88, 44.22]",1.86e-09
ql_s42,ql,42,cambios_fase,30,371.1,5.9035,2.2044,30,-9.6,"[-10.13, -9.09]",1.69e-06,30,-18.92,"[-19.49, -18.36]",1.72e-06
ql_s42,ql,42,no_terminados,30,0.0,0.0,0.0,30,,,,30,,,
ql_s42,ql,42,viaje_corredor_prom,30,107.374,0.7319,0.2733,30,1.38,"[0.90, 1.82]",9.71e-05,30,-0.81,"[-1.14, -0.49]",0.000106
ql_s42,ql,42,retraso_corredor_prom,30,24.49,0.7071,0.2641,30,6.36,"[4.10, 8.49]",2.37e-05,30,-3.44,"[-4.84, -2.09]",0.000125
ql_s42,ql,42,retraso_corredor_punta,30,26.381,0.9056,0.3382,30,6.91,"[3.88, 9.82]",0.000241,30,-0.97,"[-2.70, 0.76]",0.304
ql_s42,ql,42,paradas_corredor,30,0.9274,0.0421,0.0157,30,11.77,"[7.52, 15.86]",5.79e-05,30,-7.89,"[-10.04, -5.75]",4.71e-07
ql_s42,ql,42,paradas_corredor_le1,30,0.7981,0.0249,0.0093,30,-11.63,"[-13.04, -10.10]",1.91e-06,30,9.79,"[7.98, 11.69]",1.73e-06
ql_s42,ql,42,spillback_tasa,30,0.0,0.0,0.0,30,,,,30,,,
ql_s42,ql,42,spillback_seg,30,0.0,0.0,0.0,30,,,,30,,,
ql_s42,ql,42,spillback_eventos,30,0.0,0.0,0.0,30,,,,30,,,
ql_s42,ql,42,cola_max_enlace,30,7.8333,0.9129,0.3409,30,-0.42,"[-7.05, 6.61]",0.965,30,8.8,"[2.71, 15.38]",0.00941
ql_s42,ql,42,veh_max_enlace,30,12.8667,1.0743,0.4011,30,-12.47,"[-17.14, -7.42]",0.00043,30,1.85,"[-2.09, 5.65]",0.271
ql_s42,ql,42,ret_retraso,30,-40481.11,726.7228,271.3628,30,-11.56,"[-12.98, -10.04]",1.86e-09,30,-13.81,"[-14.80, -12.77]",1.86e-09
ql_s42,ql,42,ret_colas,30,-18274.92,477.301,178.2271,30,-21.19,"[-23.21, -19.10]",1.86e-09,30,-39.24,"[-41.28, -37.10]",1.86e-09
ql_s42,ql,42,ret_spill,30,-40481.11,726.7228,271.3628,30,-11.56,"[-12.98, -10.04]",1.86e-09,30,-13.81,"[-14.80, -12.77]",1.86e-09
ql_s42,ql,42,vehiculos,30,1810.0,0.0,0.0,30,0.0,"[0.00, 0.00]",1,30,0.0,"[0.00, 0.00]",1
ql_s42,ql,42,recompensa,30,-3431.91,99.2407,37.0571,30,22.58,"[20.27, 24.78]",1.86e-09,30,43.35,"[41.10, 45.57]",1.86e-09
ql_s42,ql,42,decisiones,30,1271.2333,10.3414,3.8615,30,-14.03,"[-14.29, -13.79]",1.73e-06,30,-14.14,"[-14.41, -13.88]",1.72e-06
sarsa_s2042,sarsa,2042,timeloss_prom,30,23.4053,0.3497,0.1306,30,9.9,"[8.53, 11.29]",1.91e-06,30,11.06,"[10.30, 11.85]",1.86e-09
sarsa_s2042,sarsa,2042,espera_prom,30,8.5277,0.2049,0.0765,30,20.78,"[18.58, 23.06]",1.86e-09,30,41.37,"[39.27, 43.61]",1.73e-06
sarsa_s2042,sarsa,2042,cola_prom,30,4.574,0.1047,0.0391,30,18.69,"[16.81, 20.67]",1.73e-06,30,35.47,"[33.75, 37.33]",1.73e-06
sarsa_s2042,sarsa,2042,cola_max,30,17.4333,1.2507,0.467,30,8.06,"[2.97, 13.29]",0.00377,30,3.56,"[-0.58, 7.65]",0.0959
sarsa_s2042,sarsa,2042,paradas_prom,30,0.8717,0.0211,0.0079,30,8.12,"[5.81, 10.40]",1.42e-05,30,4.29,"[2.81, 5.75]",2.48e-05
sarsa_s2042,sarsa,2042,throughput,30,1765.7667,1.8323,0.6842,30,-0.17,"[-0.21, -0.13]",3.72e-06,30,-0.02,"[-0.07, 0.02]",0.312
sarsa_s2042,sarsa,2042,co2_prom,30,224.1967,0.7942,0.2965,30,1.86,"[1.59, 2.13]",1.92e-06,30,1.03,"[0.86, 1.21]",1.72e-06
sarsa_s2042,sarsa,2042,nox_prom,30,77.14,0.266,0.0993,30,1.89,"[1.62, 2.15]",1.89e-06,30,1.43,"[1.26, 1.61]",1.68e-06
sarsa_s2042,sarsa,2042,recompensa_decision,30,-2.3226,0.0624,0.0233,30,22.68,"[20.61, 24.84]",1.86e-09,30,43.62,"[41.65, 45.75]",1.73e-06
sarsa_s2042,sarsa,2042,cambios_fase,30,370.6667,7.009,2.6172,30,-9.7,"[-10.34, -9.12]",1.7e-06,30,-19.02,"[-19.71, -18.38]",1.7e-06
sarsa_s2042,sarsa,2042,no_terminados,30,0.0,0.0,0.0,30,,,,30,,,
sarsa_s2042,sarsa,2042,viaje_corredor_prom,30,107.43,0.6751,0.2521,30,1.44,"[0.96, 1.90]",2.35e-06,30,-0.76,"[-1.07, -0.46]",0.000205
sarsa_s2042,sarsa,2042,retraso_corredor_prom,30,24.541,0.6497,0.2426,30,6.59,"[4.35, 8.82]",2.37e-05,30,-3.24,"[-4.54, -1.95]",0.000205
sarsa_s2042,sarsa,2042,retraso_corredor_punta,30,26.5367,0.8313,0.3104,30,7.54,"[4.54, 10.49]",2.69e-05,30,-0.39,"[-1.87, 1.14]",0.517
sarsa_s2042,sarsa,2042,paradas_corredor,30,0.9312,0.0397,0.0148,30,12.22,"[7.97, 16.55]",3.25e-05,30,-7.52,"[-9.72, -5.34]",1.24e-05
sarsa_s2042,sarsa,2042,paradas_corredor_le1,30,0.7971,0.0238,0.0089,30,-11.75,"[-13.33, -10.15]",1.73e-06,30,9.65,"[7.98, 11.42]",1.73e-06
sarsa_s2042,sarsa,2042,spillback_tasa,30,0.0,0.0,0.0,30,,,,30,,,
sarsa_s2042,sarsa,2042,spillback_seg,30,0.0,0.0,0.0,30,,,,30,,,
sarsa_s2042,sarsa,2042,spillback_eventos,30,0.0,0.0,0.0,30,,,,30,,,
sarsa_s2042,sarsa,2042,cola_max_enlace,30,7.6667,0.6065,0.2265,30,-2.54,"[-8.37, 3.62]",0.401,30,6.48,"[0.89, 12.50]",0.0302
sarsa_s2042,sarsa,2042,veh_max_enlace,30,13.1667,1.2888,0.4812,30,-10.43,"[-15.93, -4.58]",0.00428,30,4.22,"[0.00, 8.68]",0.0939
sarsa_s2042,sarsa,2042,ret_retraso,30,-40731.5667,573.0988,213.9986,30,-12.25,"[-13.73, -10.75]",1.86e-09,30,-14.51,"[-15.32, -13.70]",1.86e-09
sarsa_s2042,sarsa,2042,ret_colas,30,-18438.2133,427.9863,159.8127,30,-22.27,"[-24.33, -20.28]",1.86e-09,30,-40.48,"[-42.44, -38.65]",1.86e-09
sarsa_s2042,sarsa,2042,ret_spill,30,-40731.5667,573.0988,213.9986,30,-12.25,"[-13.73, -10.75]",1.86e-09,30,-14.51,"[-15.32, -13.70]",1.86e-09
sarsa_s2042,sarsa,2042,vehiculos,30,1810.0,0.0,0.0,30,0.0,"[0.00, 0.00]",1,30,0.0,"[0.00, 0.00]",1
sarsa_s2042,sarsa,2042,recompensa,30,-3463.46,90.0075,33.6093,30,23.71,"[21.57, 25.91]",1.86e-09,30,44.66,"[42.65, 46.80]",1.86e-09
sarsa_s2042,sarsa,2042,decisiones,30,1268.8,12.4302,4.6415,30,-14.19,"[-14.51, -13.89]",1.73e-06,30,-14.3,"[-14.61, -14.00]",1.72e-06
sarsa_s4042,sarsa,4042,timeloss_prom,30,22.873,0.4258,0.159,30,7.4,"[6.00, 8.73]",2.35e-06,30,8.54,"[7.59, 9.52]",1.86e-09
sarsa_s4042,sarsa,4042,espera_prom,30,8.2067,0.2428,0.0907,30,16.23,"[14.08, 18.26]",1.86e-09,30,36.05,"[33.69, 38.46]",1.73e-06
sarsa_s4042,sarsa,4042,cola_prom,30,4.444,0.12,0.0448,30,15.32,"[13.42, 17.12]",1.73e-06,30,31.62,"[29.70, 33.58]",1.73e-06
sarsa_s4042,sarsa,4042,cola_max,30,16.6333,1.0662,0.3981,30,3.1,"[-2.18, 8.94]",0.519,30,-1.19,"[-4.44, 2.21]",0.474
sarsa_s4042,sarsa,4042,paradas_prom,30,0.847,0.0286,0.0107,30,5.06,"[2.59, 7.38]",0.000529,30,1.34,"[-0.47, 3.21]",0.188
sarsa_s4042,sarsa,4042,throughput,30,1765.7333,2.1162,0.7902,30,-0.17,"[-0.23, -0.11]",4.9e-05,30,-0.03,"[-0.07, 0.02]",0.341
sarsa_s4042,sarsa,4042,co2_prom,30,223.0867,1.0214,0.3814,30,1.36,"[1.08, 1.62]",3.51e-06,30,0.53,"[0.31, 0.76]",0.000407
sarsa_s4042,sarsa,4042,nox_prom,30,76.74,0.3379,0.1262,30,1.36,"[1.09, 1.62]",3.48e-06,30,0.91,"[0.70, 1.12]",2.52e-06
sarsa_s4042,sarsa,4042,recompensa_decision,30,-2.2507,0.0696,0.026,30,18.88,"[16.70, 20.94]",1.73e-06,30,39.18,"[37.00, 41.45]",1.73e-06
sarsa_s4042,sarsa,4042,cambios_fase,30,374.3667,5.3658,2.0036,30,-8.8,"[-9.26, -8.36]",1.68e-06,30,-18.21,"[-18.76, -17.70]",1.7e-06
sarsa_s4042,sarsa,4042,no_terminados,30,0.0,0.0,0.0,30,,,,30,,,
sarsa_s4042,sarsa,4042,viaje_corredor_prom,30,106.3627,0.8631,0.3223,30,0.43,"[-0.07, 0.90]",0.0957,30,-1.75,"[-2.06, -1.42]",1.73e-06
sarsa_s4042,sarsa,4042,retraso_corredor_prom,30,23.4757,0.8109,0.3028,30,1.96,"[-0.35, 4.16]",0.1,30,-7.44,"[-8.76, -6.06]",1.86e-09
sarsa_s4042,sarsa,4042,retraso_corredor_punta,30,25.1723,0.969,0.3618,30,2.01,"[-0.99, 4.97]",0.165,30,-5.51,"[-7.02, -3.86]",1.68e-06
sarsa_s4042,sarsa,4042,paradas_corredor,30,0.8853,0.0586,0.0219,30,6.7,"[2.19, 11.19]",0.00466,30,-12.07,"[-14.77, -9.33]",4.73e-06
sarsa_s4042,sarsa,4042,paradas_corredor_le1,30,0.8155,0.034,0.0127,30,-9.71,"[-11.44, -7.85]",2.59e-06,30,12.17,"[9.90, 14.54]",1.73e-06
sarsa_s4042,sarsa,4042,spillback_tasa,30,0.0,0.0,0.0,30,,,,30,,,
sarsa_s4042,sarsa,4042,spillback_seg,30,0.0,0.0,0.0,30,,,,30,,,
sarsa_s4042,sarsa,4042,spillback_eventos,30,0.0,0.0,0.0,30,,,,30,,,
sarsa_s4042,sarsa,4042,cola_max_enlace,30,7.3667,0.7184,0.2683,30,-6.36,"[-12.10, -0.43]",0.0567,30,2.31,"[-2.69, 7.51]",0.358
sarsa_s4042,sarsa,4042,veh_max_enlace,30,12.5667,0.7739,0.289,30,-14.51,"[-19.87, -8.89]",0.000334,30,-0.53,"[-4.42, 3.51]",0.771
sarsa_s4042,sarsa,4042,ret_retraso,30,-39759.78,767.2584,286.499,30,-9.57,"[-11.01, -8.04]",3.73e-09,30,-11.78,"[-12.81, -10.79]",1.86e-09
sarsa_s4042,sarsa,4042,ret_colas,30,-17831.9733,485.4934,181.2862,30,-18.25,"[-20.10, -16.29]",1.86e-09,30,-35.87,"[-38.00, -33.76]",1.86e-09
sarsa_s4042,sarsa,4042,ret_spill,30,-39759.78,767.2584,286.499,30,-9.57,"[-11.01, -8.04]",3.73e-09,30,-11.78,"[-12.81, -10.79]",1.86e-09
sarsa_s4042,sarsa,4042,vehiculos,30,1810.0,0.0,0.0,30,0.0,"[0.00, 0.00]",1,30,0.0,"[0.00, 0.00]",1
sarsa_s4042,sarsa,4042,recompensa,30,-3340.2067,101.6446,37.9547,30,19.31,"[17.09, 21.39]",1.86e-09,30,39.52,"[37.28, 41.83]",1.86e-09
sarsa_s4042,sarsa,4042,decisiones,30,1259.3667,4.148,1.5489,30,-14.83,"[-14.94, -14.73]",1.7e-06,30,-14.94,"[-15.06, -14.82]",1.69e-06
sarsa_s42,sarsa,42,timeloss_prom,30,24.271,0.8101,0.3025,30,13.97,"[12.08, 15.92]",1.73e-06,30,15.17,"[13.65, 16.75]",1.73e-06
sarsa_s42,sarsa,42,espera_prom,30,8.3123,0.3781,0.1412,30,17.73,"[15.01, 20.50]",1.86e-09,30,37.8,"[34.52, 41.12]",1.73e-06
sarsa_s42,sarsa,42,cola_prom,30,4.4563,0.1772,0.0662,30,15.64,"[13.29, 18.02]",1.73e-06,30,31.99,"[29.26, 34.78]",1.73e-06
sarsa_s42,sarsa,42,cola_max,30,17.0667,1.388,0.5183,30,5.79,"[0.61, 11.28]",0.038,30,1.39,"[-2.92, 5.91]",0.514
sarsa_s42,sarsa,42,paradas_prom,30,1.0175,0.0449,0.0168,30,26.21,"[23.06, 29.53]",1.86e-09,30,21.74,"[19.44, 24.19]",1.73e-06
sarsa_s42,sarsa,42,throughput,30,1764.5667,3.4808,1.2998,30,-0.24,"[-0.31, -0.16]",3.26e-05,30,-0.09,"[-0.17, -0.02]",0.0243
sarsa_s42,sarsa,42,co2_prom,30,226.8067,1.5785,0.5894,30,3.05,"[2.70, 3.39]",1.73e-06,30,2.21,"[1.94, 2.49]",1.73e-06
sarsa_s42,sarsa,42,nox_prom,30,77.88,0.532,0.1987,30,2.87,"[2.52, 3.22]",1.72e-06,30,2.41,"[2.13, 2.69]",1.71e-06
sarsa_s42,sarsa,42,recompensa_decision,30,-2.208,0.095,0.0355,30,16.63,"[14.06, 19.17]",1.86e-09,30,36.54,"[33.50, 39.63]",1.86e-09
sarsa_s42,sarsa,42,cambios_fase,30,407.9,4.4439,1.6594,30,-0.63,"[-1.01, -0.24]",0.00624,30,-10.88,"[-11.41, -10.31]",1.72e-06
sarsa_s42,sarsa,42,no_terminados,30,0.0,0.0,0.0,30,,,,30,,,
sarsa_s42,sarsa,42,viaje_corredor_prom,30,111.965,1.3862,0.5176,30,5.72,"[5.09, 6.38]",1.86e-09,30,3.43,"[2.95, 3.94]",1.73e-06
sarsa_s42,sarsa,42,retraso_corredor_prom,30,29.0803,1.318,0.4921,30,26.3,"[23.11, 29.67]",1.86e-09,30,14.66,"[12.55, 16.89]",1.86e-09
sarsa_s42,sarsa,42,retraso_corredor_punta,30,32.1037,1.9789,0.7389,30,30.1,"[25.72, 34.75]",1.86e-09,30,20.51,"[17.56, 23.78]",1.86e-09
sarsa_s42,sarsa,42,paradas_corredor,30,1.2238,0.0785,0.0293,30,47.48,"[41.33, 53.96]",1.73e-06,30,21.54,"[18.13, 25.25]",1.73e-06
sarsa_s42,sarsa,42,paradas_corredor_le1,30,0.6472,0.043,0.016,30,-28.34,"[-30.36, -26.35]",1.73e-06,30,-10.97,"[-13.40, -8.52]",4.22e-06
sarsa_s42,sarsa,42,spillback_tasa,30,0.0,0.0,0.0,30,,,,30,,,
sarsa_s42,sarsa,42,spillback_seg,30,0.0,0.0,0.0,30,,,,30,,,
sarsa_s42,sarsa,42,spillback_eventos,30,0.0,0.0,0.0,30,,,,30,,,
sarsa_s42,sarsa,42,cola_max_enlace,30,8.6,0.8944,0.334,30,9.32,"[1.61, 18.02]",0.0432,30,19.44,"[13.72, 25.58]",3.1e-05
sarsa_s42,sarsa,42,veh_max_enlace,30,15.0333,1.2172,0.4545,30,2.27,"[-4.11, 9.09]",0.533,30,19.0,"[14.40, 23.54]",8.84e-06
sarsa_s42,sarsa,42,ret_retraso,30,-41598.8467,1470.9624,549.2664,30,-14.64,"[-16.73, -12.63]",1.86e-09,30,-16.95,"[-18.72, -15.24]",1.86e-09
sarsa_s42,sarsa,42,ret_colas,30,-17470.6733,716.3188,267.4778,30,-15.86,"[-18.28, -13.47]",1.86e-09,30,-33.11,"[-36.01, -30.24]",1.86e-09
sarsa_s42,sarsa,42,ret_spill,30,-41598.8467,1470.9624,549.2664,30,-14.64,"[-16.73, -12.63]",1.86e-09,30,-16.95,"[-18.72, -15.24]",1.86e-09
sarsa_s42,sarsa,42,vehiculos,30,1810.0,0.0,0.0,30,0.0,"[0.00, 0.00]",1,30,0.0,"[0.00, 0.00]",1
sarsa_s42,sarsa,42,recompensa,30,-3272.5967,141.1513,52.7068,30,16.89,"[14.30, 19.46]",1.86e-09,30,36.69,"[33.64, 39.82]",1.86e-09
sarsa_s42,sarsa,42,decisiones,30,1237.3,5.7724,2.1555,30,-16.32,"[-16.45, -16.19]",1.71e-06,30,-16.43,"[-16.56, -16.30]",1.71e-06
