t,semaforo_C11,semaforo_C12,semaforo_C13,semaforo_C21,semaforo_C22,semaforo_C23,semaforo_C31,semaforo_C32,semaforo_C33
1,0,0,0,0,0,0,0,0,0
2,0,0,0,0,0,0,0,0,0
3,0,0,0,0,0,0,0,0,0
4,0,0,0,0,0,0,0,0,0
5,0,0,0,0,0,0,0,0,0
6,0,0,0,0,0,0,0,0,0
7,0,0,0,0,0,0,0,0,0
8,0,0,0,0,0,0,0,0,0
9,0,0,0,0,0,0,0,0,0
10,0,0,0,0,0,0,0,0,0
11,0,0,0,0,0,0,0,0,0
12,0,0,0,0,0,0,0,0,0
13,0,0,0,0,0,0,0,0,0
14,0,0,0,0,0,0,0,0,0
15,0,0,0,0,0,0,0,0,0
16,0,0,0,0,0,0,0,0,0
17,0,0,0,0,0,0,0,0,0
18,0,0,0,0,0,0,0,0,0
19,0,0,0,0,0,0,0,0,0
20,0,0,0,0,0,0,0,0,0
21,1,1,1,1,1,0,1,0,1
22,1,1,1,1,1,0,1,0,1
23,1,1,1,1,1,0,1,0,1
24,2,2,2,2,2,0,2,0,2
25,2,2,2,2,2,0,2,0,2
26,2,2,2,2,2,0,2,1,2
27,2,2,2,2,2,0,2,1,2
28,2,2,2,2,2,0,2,1,2
29,2,2,2,2,2,0,2,2,2
30,2,2,2,2,2,0,2,2,2
31,2,2,2,2,2,1,2,2,2
32,2,2,2,2,2,1,2,2,2
33,2,2,2,2,2,1,2,2,2
34,3,3,3,3,3,2,3,2,3
35,3,3,3,3,3,2,3,2,3
36,3,3,3,3,3,2,3,2,3
37,0,0,0,0,0,2,0,2,0
38,0,0,0,0,0,2,0,2,0
39,0,0,0,0,0,2,0,3,0
40,0,0,0,0,0,2,0,3,0
41,0,0,0,0,0,2,0,3,0
42,0,0,0,0,0,2,0,0,0
43,0,0,0,0,0,2,0,0,0
44,0,0,0,0,0,3,0,0,0
45,0,0,0,0,0,3,0,0,0
46,0,0,0,0,0,3,0,0,0
47,0,0,0,0,0,0,1,0,0
48,0,0,0,0,0,0,1,0,0
49,0,0,0,0,0,0,1,0,0
50,0,0,0,0,0,0,2,0,0
51,0,0,0,0,0,0,2,0,0
52,1,1,1,0,1,0,2,0,0
53,1,1,1,0,1,0,2,0,0
54,1,1,1,0,1,0,2,0,0
55,2,2,2,0,2,0,2,0,0
56,2,2,2,0,2,0,2,0,0
57,2,2,2,1,2,0,2,1,1
58,2,2,2,1,2,0,2,1,1
59,2,2,2,1,2,0,2,1,1
60,2,2,2,2,2,0,3,2,2
61,2,2,2,2,2,0,3,2,2
62,2,2,2,2,2,0,3,2,2
63,2,2,2,2,2,0,0,2,2
64,2,2,2,2,2,0,0,2,2
65,3,3,3,2,3,0,0,2,2
66,3,3,3,2,3,0,0,2,2
67,3,3,3,2,3,0,0,2,2
68,0,0,0,2,0,0,0,2,2
69,0,0,0,2,0,0,0,2,2
70,0,0,0,3,0,0,0,3,3
71,0,0,0,3,0,0,0,3,3
72,0,0,0,3,0,1,0,3,3
73,0,0,0,0,0,1,0,0,0
74,0,0,0,0,0,1,0,0,0
75,0,0,0,0,0,2,0,0,0
76,0,0,0,0,0,2,0,0,0
77,0,0,0,0,0,2,0,0,0
78,0,1,1,0,0,2,1,0,0
79,0,1,1,0,0,2,1,0,0
80,0,1,1,0,0,2,1,0,0
81,0,2,2,0,0,2,2,0,0
82,0,2,2,0,0,2,2,0,0
83,1,2,2,1,1,2,2,1,0
84,1,2,2,1,1,2,2,1,0
85,1,2,2,1,1,3,2,1,0
86,2,2,2,2,2,3,2,2,0
87,2,2,2,2,2,3,2,2,0
88,2,2,2,2,2,0,2,2,1
89,2,2,2,2,2,0,2,2,1
90,2,2,2,2,2,0,2,2,1
91,2,3,3,2,2,0,3,2,2
92,2,3,3,2,2,0,3,2,2
93,2,3,3,2,2,0,3,2,2
94,2,0,0,2,2,0,0,2,2
95,2,0,0,2,2,0,0,2,2
96,3,0,0,3,3,0,0,3,2
97,3,0,0,3,3,0,0,3,2
98,3,0,0,3,3,0,0,3,2
99,0,0,0,0,0,0,0,0,2
100,0,0,0,0,0,0,0,0,2
101,0,0,0,0,0,0,0,0,3
102,0,0,0,0,0,0,0,0,3
103,0,0,0,0,0,0,0,0,3
104,0,1,1,0,0,0,1,0,0
105,0,1,1,0,0,0,1,0,0
106,0,1,1,0,0,0,1,0,0
107,0,2,2,0,0,0,2,0,0
108,0,2,2,0,0,0,2,0,0
109,1,2,2,0,1,0,2,1,0
110,1,2,2,0,1,0,2,1,0
111,1,2,2,0,1,0,2,1,0
112,2,2,2,0,2,0,2,2,0
113,2,2,2,0,2,1,2,2,0
114,2,2,2,1,2,1,2,2,1
115,2,2,2,1,2,1,2,2,1
116,2,2,2,1,2,2,2,2,1
117,2,3,3,2,2,2,3,2,2
118,2,3,3,2,2,2,3,2,2
119,2,3,3,2,2,2,3,2,2
120,2,0,0,2,2,2,0,2,2
121,2,0,0,2,2,2,0,2,2
122,3,0,0,2,3,2,0,3,2
123,3,0,0,2,3,2,0,3,2
124,3,0,0,2,3,2,0,3,2
125,0,0,0,2,0,2,0,0,2
126,0,0,0,2,0,3,0,0,2
127,0,0,0,3,0,3,0,0,3
128,0,0,0,3,0,3,0,0,3
129,0,0,0,3,0,0,0,0,3
130,0,1,0,0,0,0,0,0,0
131,0,1,0,0,0,0,0,0,0
132,0,1,0,0,0,0,0,0,0
133,0,2,0,0,0,0,0,0,0
134,0,2,0,0,0,0,0,0,0
135,0,2,1,0,0,0,1,0,0
136,0,2,1,0,0,0,1,0,0
137,0,2,1,0,0,0,1,0,0
138,0,2,2,0,0,0,2,0,0
139,0,2,2,0,0,0,2,0,0
140,1,2,2,1,1,0,2,1,1
141,1,2,2,1,1,0,2,1,1
142,1,2,2,1,1,0,2,1,1
143,2,3,2,2,2,0,2,2,2
144,2,3,2,2,2,1,2,2,2
145,2,3,2,2,2,1,2,2,2
146,2,0,2,2,2,1,2,2,2
147,2,0,2,2,2,2,2,2,2
148,2,0,3,2,2,2,3,2,2
149,2,0,3,2,2,2,3,2,2
150,2,0,3,2,2,2,3,2,2
151,2,0,0,2,2,2,0,2,2
152,2,0,0,2,2,2,0,2,2
153,3,0,0,3,3,2,0,3,3
154,3,0,0,3,3,2,0,3,3
155,3,0,0,3,3,2,0,3,3
156,0,0,0,0,0,2,0,0,0
157,0,0,0,0,0,3,0,0,0
158,0,0,0,0,0,3,0,0,0
159,0,0,0,0,0,3,0,0,0
160,0,0,0,0,0,0,0,0,0
161,0,1,1,0,0,0,1,0,0
162,0,1,1,0,0,0,1,0,0
163,0,1,1,0,0,0,1,0,0
164,0,2,2,0,0,0,2,0,0
165,0,2,2,0,0,0,2,0,0
166,1,2,2,0,1,0,2,1,1
167,1,2,2,0,1,0,2,1,1
168,1,2,2,0,1,0,2,1,1
169,2,2,2,0,2,0,2,2,2
170,2,2,2,0,2,0,2,2,2
171,2,2,2,1,2,0,2,2,2
172,2,2,2,1,2,0,2,2,2
173,2,2,2,1,2,0,2,2,2
174,2,3,3,2,2,0,3,2,2
175,2,3,3,2,2,0,3,2,2
176,2,3,3,2,2,0,3,2,2
177,2,0,0,2,2,0,0,2,2
178,2,0,0,2,2,0,0,2,2
179,3,0,0,2,3,0,0,3,3
180,3,0,0,2,3,1,0,3,3
181,3,0,0,2,3,1,0,3,3
182,0,0,0,2,0,1,0,0,0
183,0,0,0,2,0,2,0,0,0
184,0,0,0,3,0,2,0,0,0
185,0,0,0,3,0,2,0,0,0
186,0,0,0,3,0,2,0,0,0
187,0,1,0,0,0,2,1,0,0
188,0,1,0,0,0,2,1,0,0
189,0,1,0,0,0,2,1,0,0
190,0,2,0,0,0,2,2,0,0
191,0,2,0,0,0,2,2,0,0
192,1,2,1,0,0,2,2,0,0
193,1,2,1,0,0,3,2,0,0
194,1,2,1,0,0,3,2,0,0
195,2,2,2,0,0,3,2,0,0
196,2,2,2,0,0,0,2,0,0
197,2,2,2,1,1,0,2,1,1
198,2,2,2,1,1,0,2,1,1
199,2,2,2,1,1,0,2,1,1
200,2,3,2,2,2,0,3,2,2
201,2,3,2,2,2,0,3,2,2
202,2,3,2,2,2,0,3,2,2
203,2,0,2,2,2,0,0,2,2
204,2,0,2,2,2,0,0,2,2
205,3,0,3,2,2,0,0,2,2
206,3,0,3,2,2,1,0,2,2
207,3,0,3,2,2,1,0,2,2
208,0,0,0,2,2,1,0,2,2
209,0,0,0,2,2,2,0,2,2
210,0,0,0,3,3,2,0,3,3
211,0,0,0,3,3,2,0,3,3
212,0,0,0,3,3,2,0,3,3
213,0,0,0,0,0,2,0,0,0
214,0,0,0,0,0,2,0,0,0
215,0,0,0,0,0,2,0,0,0
216,0,0,0,0,0,2,0,0,0
217,0,0,0,0,0,2,0,0,0
218,1,1,1,0,0,2,1,0,0
219,1,1,1,0,0,3,1,0,0
220,1,1,1,0,0,3,1,0,0
221,2,2,2,0,0,3,2,0,0
222,2,2,2,0,0,0,2,0,0
223,2,2,2,1,1,0,2,1,1
224,2,2,2,1,1,0,2,1,1
225,2,2,2,1,1,0,2,1,1
226,2,2,2,2,2,0,2,2,2
227,2,2,2,2,2,0,2,2,2
228,2,2,2,2,2,0,2,2,2
229,2,2,2,2,2,0,2,2,2
230,2,2,2,2,2,0,2,2,2
231,3,3,3,2,2,0,3,2,2
232,3,3,3,2,2,0,3,2,2
233,3,3,3,2,2,0,3,2,2
234,0,0,0,2,2,0,0,2,2
235,0,0,0,2,2,0,0,2,2
236,0,0,0,3,3,0,0,3,3
237,0,0,0,3,3,0,0,3,3
238,0,0,0,3,3,0,0,3,3
239,0,0,0,0,0,0,0,0,0
240,0,0,0,0,0,0,0,0,0
241,0,0,0,0,0,0,0,0,0
242,0,0,0,0,0,0,0,0,0
243,0,0,0,0,0,0,0,0,0
244,1,1,1,0,0,0,1,0,0
245,1,1,1,0,0,0,1,0,0
246,1,1,1,0,0,0,1,0,0
247,2,2,2,0,0,1,2,0,0
248,2,2,2,0,0,1,2,0,0
249,2,2,2,1,0,1,2,1,1
250,2,2,2,1,0,2,2,1,1
251,2,2,2,1,0,2,2,1,1
252,2,2,2,2,0,2,2,2,2
253,2,2,2,2,0,2,2,2,2
254,2,2,2,2,1,2,2,2,2
255,2,2,2,2,1,2,2,2,2
256,2,2,2,2,1,2,2,2,2
257,3,3,3,2,2,2,3,2,2
258,3,3,3,2,2,2,3,2,2
259,3,3,3,2,2,2,3,2,2
260,0,0,0,2,2,3,0,2,2
261,0,0,0,2,2,3,0,2,2
262,0,0,0,3,2,3,0,3,3
263,0,0,0,3,2,0,0,3,3
264,0,0,0,3,2,0,0,3,3
265,0,0,0,0,2,0,0,0,0
266,0,0,0,0,2,0,0,0,0
267,0,0,0,0,3,0,0,0,0
268,0,0,0,0,3,0,0,0,0
269,0,0,0,0,3,0,0,0,0
270,1,1,0,0,0,0,1,0,0
271,1,1,0,0,0,0,1,0,0
272,1,1,0,0,0,0,1,0,0
273,2,2,0,0,0,0,2,0,0
274,2,2,0,0,0,0,2,0,0
275,2,2,1,0,0,0,2,1,0
276,2,2,1,0,0,0,2,1,0
277,2,2,1,0,0,0,2,1,0
278,2,2,2,0,0,0,2,2,0
279,2,2,2,0,0,0,2,2,0
280,2,2,2,1,1,0,2,2,1
281,2,2,2,1,1,0,2,2,1
282,2,2,2,1,1,0,2,2,1
283,3,3,2,2,2,1,3,2,2
284,3,3,2,2,2,1,3,2,2
285,3,3,2,2,2,1,3,2,2
286,0,0,2,2,2,2,0,2,2
287,0,0,2,2,2,2,0,2,2
288,0,0,3,2,2,2,0,3,2
289,0,0,3,2,2,2,0,3,2
290,0,0,3,2,2,2,0,3,2
291,0,0,0,2,2,2,0,0,2
292,0,0,0,2,2,2,0,0,2
293,0,0,0,3,3,2,0,0,3
294,0,0,0,3,3,2,0,0,3
295,0,0,0,3,3,2,0,0,3
296,1,1,0,0,0,3,0,0,0
297,1,1,0,0,0,3,0,0,0
298,1,1,0,0,0,3,0,0,0
299,2,2,0,0,0,0,0,0,0
300,2,2,0,0,0,0,0,0,0
301,2,2,1,0,0,0,1,1,0
302,2,2,1,0,0,0,1,1,0
303,2,2,1,0,0,0,1,1,0
304,2,2,2,0,0,0,2,2,0
305,2,2,2,0,0,0,2,2,0
306,2,2,2,1,0,0,2,2,1
307,2,2,2,1,0,0,2,2,1
308,2,2,2,1,0,0,2,2,1
309,3,3,2,2,0,0,2,2,2
310,3,3,2,2,0,0,2,2,2
311,3,3,2,2,1,0,2,2,2
312,0,0,2,2,1,0,2,2,2
313,0,0,2,2,1,0,2,2,2
314,0,0,3,2,2,1,3,3,2
315,0,0,3,2,2,1,3,3,2
316,0,0,3,2,2,1,3,3,2
317,0,0,0,2,2,2,0,0,2
318,0,0,0,2,2,2,0,0,2
319,0,0,0,3,2,2,0,0,3
320,0,0,0,3,2,2,0,0,3
321,0,0,0,3,2,2,0,0,3
322,1,1,0,0,2,2,0,0,0
323,1,1,0,0,2,2,0,0,0
324,1,1,0,0,3,2,0,0,0
325,2,2,0,0,3,2,0,0,0
326,2,2,0,0,3,2,0,0,0
327,2,2,1,0,0,3,1,0,0
328,2,2,1,0,0,3,1,0,0
329,2,2,1,0,0,3,1,0,0
330,2,2,2,0,0,0,2,0,0
331,2,2,2,0,0,0,2,0,0
332,2,2,2,0,0,0,2,1,0
333,2,2,2,0,0,0,2,1,0
334,2,2,2,0,0,0,2,1,0
335,3,3,2,0,0,0,2,2,0
336,3,3,2,0,0,0,2,2,0
337,3,3,2,1,1,0,2,2,1
338,0,0,2,1,1,0,2,2,1
339,0,0,2,1,1,0,2,2,1
340,0,0,3,2,2,0,3,2,2
341,0,0,3,2,2,0,3,2,2
342,0,0,3,2,2,0,3,2,2
343,0,0,0,2,2,0,0,2,2
344,0,0,0,2,2,0,0,2,2
345,0,0,0,2,2,1,0,3,2
346,0,0,0,2,2,1,0,3,2
347,0,0,0,2,2,1,0,3,2
348,1,1,0,2,2,2,0,0,2
349,1,1,0,2,2,2,0,0,2
350,1,1,0,3,3,2,0,0,3
351,2,2,0,3,3,2,0,0,3
352,2,2,0,3,3,2,0,0,3
353,2,2,1,0,0,2,0,0,0
354,2,2,1,0,0,2,0,0,0
355,2,2,1,0,0,2,0,0,0
356,2,2,2,0,0,2,0,0,0
357,2,2,2,0,0,2,0,0,0
358,2,2,2,0,0,3,1,1,0
359,2,2,2,0,0,3,1,1,0
360,2,2,2,0,0,3,1,1,0
361,3,3,2,0,0,0,2,2,0
362,3,3,2,0,0,0,2,2,0
363,3,3,2,1,1,0,2,2,0
364,0,0,2,1,1,0,2,2,0
365,0,0,2,1,1,0,2,2,0
366,0,0,3,2,2,0,2,2,0
367,0,0,3,2,2,0,2,2,0
368,0,0,3,2,2,0,2,2,1
369,0,0,0,2,2,0,2,2,1
370,0,0,0,2,2,0,2,2,1
371,0,0,0,2,2,0,3,3,2
372,0,0,0,2,2,0,3,3,2
373,0,0,0,2,2,0,3,3,2
374,1,1,0,2,2,0,0,0,2
375,1,1,0,2,2,0,0,0,2
376,1,1,0,3,3,0,0,0,2
377,2,2,0,3,3,0,0,0,2
378,2,2,0,3,3,0,0,0,2
379,2,2,0,0,0,0,0,0,2
380,2,2,0,0,0,0,0,0,2
381,2,2,0,0,0,0,0,0,3
382,2,2,0,0,0,0,0,0,3
383,2,2,0,0,0,0,0,0,3
384,2,2,1,0,0,0,1,0,0
385,2,2,1,0,0,0,1,0,0
386,2,2,1,0,0,1,1,0,0
387,3,3,2,0,0,1,2,0,0
388,3,3,2,0,0,1,2,0,0
389,3,3,2,1,1,2,2,1,0
390,0,0,2,1,1,2,2,1,0
391,0,0,2,1,1,2,2,1,0
392,0,0,2,2,2,2,2,2,0
393,0,0,2,2,2,2,2,2,0
394,0,0,2,2,2,2,2,2,1
395,0,0,2,2,2,2,2,2,1
396,0,0,2,2,2,2,2,2,1
397,0,0,3,2,2,2,3,2,2
398,0,0,3,2,2,2,3,2,2
399,0,0,3,2,2,3,3,2,2
400,1,1,0,2,2,3,0,2,2
401,1,1,0,2,2,3,0,2,2
402,1,1,0,3,3,0,0,3,2
403,2,2,0,3,3,0,0,3,2
404,2,2,0,3,3,0,0,3,2
405,2,2,0,0,0,0,0,0,2
406,2,2,0,0,0,0,0,0,2
407,2,2,0,0,0,0,0,0,3
408,2,2,0,0,0,0,0,0,3
409,2,2,0,0,0,0,0,0,3
410,2,2,1,0,0,0,0,0,0
411,2,2,1,0,0,0,0,0,0
412,2,2,1,0,0,0,0,0,0
413,3,3,2,0,0,0,0,0,0
414,3,3,2,0,0,0,0,0,0
415,3,3,2,1,1,0,1,1,0
416,0,0,2,1,1,0,1,1,0
417,0,0,2,1,1,0,1,1,0
418,0,0,2,2,2,0,2,2,0
419,0,0,2,2,2,0,2,2,0
420,0,0,2,2,2,0,2,2,1
421,0,0,2,2,2,0,2,2,1
422,0,0,2,2,2,1,2,2,1
423,0,0,3,2,2,1,2,2,2
424,0,0,3,2,2,1,2,2,2
425,0,0,3,2,2,2,2,2,2
426,1,1,0,2,2,2,2,2,2
427,1,1,0,2,2,2,2,2,2
428,1,1,0,3,3,2,3,3,2
429,2,2,0,3,3,2,3,3,2
430,2,2,0,3,3,2,3,3,2
431,2,2,0,0,0,2,0,0,2
432,2,2,0,0,0,2,0,0,2
433,2,2,0,0,0,2,0,0,3
434,2,2,0,0,0,2,0,0,3
435,2,2,0,0,0,3,0,0,3
436,2,2,1,0,0,3,0,0,0
437,2,2,1,0,0,3,0,0,0
438,2,2,1,0,0,0,0,0,0
439,3,3,2,0,0,0,0,0,0
440,3,3,2,0,0,0,0,0,0
441,3,3,2,1,1,0,1,0,0
442,0,0,2,1,1,0,1,0,0
443,0,0,2,1,1,0,1,0,0
444,0,0,2,2,2,0,2,0,0
445,0,0,2,2,2,0,2,0,0
446,0,0,2,2,2,0,2,1,1
447,0,0,2,2,2,0,2,1,1
448,0,0,2,2,2,0,2,1,1
449,0,0,3,2,2,0,2,2,2
450,0,0,3,2,2,0,2,2,2
451,0,0,3,2,2,0,2,2,2
452,1,0,0,2,2,0,2,2,2
453,1,0,0,2,2,0,2,2,2
454,1,0,0,3,3,0,3,2,2
455,2,0,0,3,3,0,3,2,2
456,2,0,0,3,3,0,3,2,2
457,2,1,0,0,0,0,0,2,2
458,2,1,0,0,0,1,0,2,2
459,2,1,0,0,0,1,0,3,3
460,2,2,0,0,0,1,0,3,3
461,2,2,0,0,0,2,0,3,3
462,2,2,1,0,0,2,0,0,0
463,2,2,1,0,0,2,0,0,0
464,2,2,1,0,0,2,0,0,0
465,3,2,2,0,0,2,0,0,0
466,3,2,2,0,0,2,0,0,0
467,3,2,2,1,1,2,1,0,0
468,0,2,2,1,1,2,1,0,0
469,0,2,2,1,1,2,1,0,0
470,0,3,2,2,2,2,2,0,0
471,0,3,2,2,2,3,2,0,0
472,0,3,2,2,2,3,2,0,0
473,0,0,2,2,2,3,2,0,0
474,0,0,2,2,2,0,2,0,0
475,0,0,3,2,2,0,2,0,0
476,0,0,3,2,2,0,2,0,0
477,0,0,3,2,2,0,2,1,1
478,1,0,0,2,2,0,2,1,1
479,1,0,0,2,2,0,2,1,1
480,1,0,0,3,3,0,3,2,2
481,2,0,0,3,3,0,3,2,2
482,2,0,0,3,3,0,3,2,2
483,2,1,0,0,0,0,0,2,2
484,2,1,0,0,0,0,0,2,2
485,2,1,0,0,0,0,0,2,2
486,2,2,0,0,0,0,0,2,2
487,2,2,0,0,0,0,0,2,2
488,2,2,1,0,0,0,0,2,2
489,2,2,1,0,0,0,0,2,2
490,2,2,1,0,0,0,0,3,3
491,3,2,2,0,0,0,0,3,3
492,3,2,2,0,0,0,0,3,3
493,3,2,2,1,1,0,0,0,0
494,0,2,2,1,1,1,0,0,0
495,0,2,2,1,1,1,0,0,0
496,0,3,2,2,2,1,0,0,0
497,0,3,2,2,2,2,0,0,0
498,0,3,2,2,2,2,1,0,0
499,0,0,2,2,2,2,1,0,0
500,0,0,2,2,2,2,1,0,0
501,0,0,3,2,2,2,2,0,0
502,0,0,3,2,2,2,2,0,0
503,0,0,3,2,2,2,2,1,1
504,1,0,0,2,2,2,2,1,1
505,1,0,0,2,2,2,2,1,1
506,1,0,0,3,3,2,2,2,2
507,2,0,0,3,3,3,2,2,2
508,2,0,0,3,3,3,2,2,2
509,2,1,0,0,0,3,2,2,2
510,2,1,0,0,0,0,2,2,2
511,2,1,0,0,0,0,3,2,2
512,2,2,0,0,0,0,3,2,2
513,2,2,0,0,0,0,3,2,2
514,2,2,0,0,0,0,0,2,2
515,2,2,0,0,0,0,0,2,2
516,2,2,0,0,0,0,0,3,3
517,3,2,0,0,0,0,0,3,3
518,3,2,0,0,0,0,0,3,3
519,3,2,1,0,1,0,0,0,0
520,0,2,1,0,1,0,0,0,0
521,0,2,1,0,1,0,0,0,0
522,0,3,2,0,2,0,0,0,0
523,0,3,2,0,2,0,0,0,0
524,0,3,2,1,2,0,1,0,0
525,0,0,2,1,2,0,1,0,0
526,0,0,2,1,2,0,1,0,0
527,0,0,2,2,2,0,2,0,0
528,0,0,2,2,2,0,2,0,0
529,0,0,2,2,2,0,2,1,1
530,1,0,2,2,2,1,2,1,1
531,1,0,2,2,2,1,2,1,1
532,1,0,3,2,3,1,2,2,2
533,2,0,3,2,3,2,2,2,2
534,2,0,3,2,3,2,2,2,2
535,2,1,0,2,0,2,2,2,2
536,2,1,0,2,0,2,2,2,2
537,2,1,0,3,0,2,3,2,2
538,2,2,0,3,0,2,3,2,2
539,2,2,0,3,0,2,3,2,2
540,2,2,0,0,0,2,0,2,2
541,2,2,0,0,0,2,0,2,2
542,2,2,0,0,0,2,0,3,3
543,3,2,0,0,0,3,0,3,3
544,3,2,0,0,0,3,0,3,3
545,3,2,1,0,1,3,0,0,0
546,0,2,1,0,1,0,0,0,0
547,0,2,1,0,1,0,0,0,0
548,0,3,2,0,2,0,0,0,0
549,0,3,2,0,2,0,0,0,0
550,0,3,2,0,2,0,1,0,0
551,0,0,2,0,2,0,1,0,0
552,0,0,2,0,2,0,1,0,0
553,0,0,2,0,2,0,2,0,0
554,0,0,2,0,2,0,2,0,0
555,0,0,2,1,2,0,2,1,0
556,1,0,2,1,2,0,2,1,0
557,1,0,2,1,2,0,2,1,0
558,1,0,3,2,3,0,2,2,0
559,2,0,3,2,3,0,2,2,0
560,2,0,3,2,3,0,2,2,1
561,2,1,0,2,0,0,2,2,1
562,2,1,0,2,0,0,2,2,1
563,2,1,0,2,0,0,3,2,2
564,2,2,0,2,0,0,3,2,2
565,2,2,0,2,0,0,3,2,2
566,2,2,0,2,0,0,0,2,2
567,2,2,0,2,0,0,0,2,2
568,2,2,0,3,0,0,0,3,2
569,3,2,0,3,0,0,0,3,2
570,3,2,0,3,0,0,0,3,2
571,3,2,1,0,1,1,0,0,2
572,0,2,1,0,1,1,0,0,2
573,0,2,1,0,1,1,0,0,3
574,0,3,2,0,2,2,0,0,3
575,0,3,2,0,2,2,0,0,3
576,0,3,2,0,2,2,1,0,0
577,0,0,2,0,2,2,1,0,0
578,0,0,2,0,2,2,1,0,0
579,0,0,2,0,2,2,2,0,0
580,0,0,2,0,2,2,2,0,0
581,0,0,2,1,2,2,2,1,0
582,1,0,2,1,2,2,2,1,0
583,1,0,2,1,2,2,2,1,0
584,1,0,3,2,3,3,2,2,0
585,2,0,3,2,3,3,2,2,0
586,2,0,3,2,3,3,2,2,0
587,2,1,0,2,0,0,2,2,0
588,2,1,0,2,0,0,2,2,0
589,2,1,0,2,0,0,3,2,0
590,2,2,0,2,0,0,3,2,0
591,2,2,0,2,0,0,3,2,1
592,2,2,0,2,0,0,0,2,1
593,2,2,0,2,0,0,0,2,1
594,2,2,0,3,0,0,0,3,2
595,3,2,0,3,0,0,0,3,2
596,3,2,0,3,0,0,0,3,2
597,3,2,1,0,1,0,0,0,2
598,0,2,1,0,1,0,0,0,2
599,0,2,1,0,1,0,0,0,2
600,0,3,2,0,2,0,0,0,2
601,0,3,2,0,2,0,0,0,2
602,0,3,2,0,2,0,0,0,2
603,0,0,2,0,2,0,0,0,2
604,0,0,2,0,2,0,0,0,3
605,0,0,2,0,2,0,0,0,3
606,0,0,2,0,2,0,0,0,3
607,0,0,2,1,2,1,1,1,0
608,1,0,2,1,2,1,1,1,0
609,1,0,2,1,2,1,1,1,0
610,1,0,3,2,3,2,2,2,0
611,2,0,3,2,3,2,2,2,0
612,2,0,3,2,3,2,2,2,0
613,2,1,0,2,0,2,2,2,0
614,2,1,0,2,0,2,2,2,0
615,2,1,0,2,0,2,2,2,0
616,2,2,0,2,0,2,2,2,0
617,2,2,0,2,0,2,2,2,0
618,2,2,0,2,0,2,2,2,0
619,2,2,0,2,0,2,2,2,0
620,2,2,0,3,0,3,3,3,0
621,3,2,0,3,0,3,3,3,0
622,3,2,0,3,0,3,3,3,1
623,3,2,1,0,1,0,0,0,1
624,0,2,1,0,1,0,0,0,1
625,0,2,1,0,1,0,0,0,2
626,0,3,2,0,2,0,0,0,2
627,0,3,2,0,2,0,0,0,2
628,0,3,2,0,2,0,0,0,2
629,0,0,2,0,2,0,0,0,2
630,0,0,2,0,2,0,0,0,2
631,0,0,2,0,2,0,0,0,2
632,0,0,2,0,2,0,0,0,2
633,0,0,2,0,2,0,0,1,2
634,1,0,2,0,2,0,0,1,2
635,1,0,2,0,2,0,0,1,3
636,1,0,3,0,3,0,0,2,3
637,2,0,3,0,3,0,0,2,3
638,2,0,3,0,3,1,1,2,0
639,2,1,0,0,0,1,1,2,0
640,2,1,0,0,0,1,1,2,0
641,2,1,0,0,0,2,2,2,0
642,2,2,0,0,0,2,2,2,0
643,2,2,0,1,0,2,2,2,0
644,2,2,0,1,0,2,2,2,0
645,2,2,0,1,0,2,2,2,0
646,2,2,0,2,0,2,2,3,0
647,3,2,0,2,0,2,2,3,0
648,3,2,0,2,0,2,2,3,1
649,3,2,1,2,1,2,2,0,1
650,0,2,1,2,1,2,2,0,1
651,0,2,1,2,1,3,3,0,2
652,0,3,2,2,2,3,3,0,2
653,0,3,2,2,2,3,3,0,2
654,0,3,2,2,2,0,0,0,2
655,0,0,2,2,2,0,0,0,2
656,0,0,2,3,2,0,0,0,2
657,0,0,2,3,2,0,0,0,2
658,0,0,2,3,2,0,0,0,2
659,0,0,2,0,2,0,0,1,2
660,0,0,2,0,2,0,0,1,2
661,0,0,2,0,2,0,0,1,3
662,0,0,3,0,3,0,0,2,3
663,0,0,3,0,3,0,0,2,3
664,0,0,3,0,3,0,0,2,0
665,1,1,0,0,0,0,0,2,0
666,1,1,0,0,0,0,0,2,0
667,1,1,0,0,0,0,0,2,0
668,2,2,0,0,0,0,0,2,0
669,2,2,0,1,0,0,1,2,0
670,2,2,0,1,0,0,1,2,0
671,2,2,0,1,0,0,1,2,0
672,2,2,0,2,0,0,2,3,0
673,2,2,0,2,0,0,2,3,0
674,2,2,0,2,0,1,2,3,0
675,2,2,1,2,1,1,2,0,0
676,2,2,1,2,1,1,2,0,0
677,2,2,1,2,1,2,2,0,0
678,3,3,2,2,2,2,2,0,0
679,3,3,2,2,2,2,2,0,1
680,3,3,2,2,2,2,2,0,1
681,0,0,2,2,2,2,2,0,1
682,0,0,2,3,2,2,3,0,2
683,0,0,2,3,2,2,3,0,2
684,0,0,2,3,2,2,3,0,2
685,0,0,2,0,2,2,0,1,2
686,0,0,2,0,2,2,0,1,2
687,0,0,2,0,2,3,0,1,2
688,0,0,3,0,3,3,0,2,2
689,0,0,3,0,3,3,0,2,2
690,0,0,3,0,3,0,0,2,2
691,1,1,0,0,0,0,0,2,2
692,1,1,0,0,0,0,0,2,3
693,1,1,0,0,0,0,0,2,3
694,2,2,0,0,0,0,0,2,3
695,2,2,0,0,0,0,1,2,0
696,2,2,0,0,0,0,1,2,0
697,2,2,0,0,0,0,1,2,0
698,2,2,0,0,0,0,2,3,0
699,2,2,0,0,0,0,2,3,0
700,2,2,0,1,0,0,2,3,0
701,2,2,1,1,1,0,2,0,0
702,2,2,1,1,1,0,2,0,0
703,2,2,1,2,1,0,2,0,0
704,3,3,2,2,2,0,2,0,0
705,3,3,2,2,2,0,2,0,1
706,3,3,2,2,2,0,2,0,1
707,0,0,2,2,2,0,2,0,1
708,0,0,2,2,2,0,3,0,2
709,0,0,2,2,2,0,3,0,2
710,0,0,2,2,2,1,3,0,2
711,0,0,2,2,2,1,0,1,2
712,0,0,2,2,2,1,0,1,2
713,0,0,2,3,2,2,0,1,2
714,0,0,3,3,3,2,0,2,2
715,0,0,3,3,3,2,0,2,2
716,0,0,3,0,3,2,0,2,2
717,0,1,0,0,0,2,0,2,2
718,0,1,0,0,0,2,0,2,3
719,0,1,0,0,0,2,0,2,3
720,0,2,0,0,0,2,0,2,3
721,0,2,0,0,0,2,1,2,0
722,1,2,0,0,0,2,1,2,0
723,1,2,0,0,0,3,1,2,0
724,1,2,0,0,0,3,2,3,0
725,2,2,0,0,0,3,2,3,0
726,2,2,0,1,0,0,2,3,0
727,2,2,1,1,1,0,2,0,0
728,2,2,1,1,1,0,2,0,0
729,2,2,1,2,1,0,2,0,0
730,2,3,2,2,2,0,2,0,0
731,2,3,2,2,2,0,2,0,0
732,2,3,2,2,2,0,2,0,0
733,2,0,2,2,2,0,2,0,0
734,2,0,2,2,2,0,3,0,0
735,3,0,2,2,2,0,3,0,0
736,3,0,2,2,2,0,3,0,1
737,3,0,2,2,2,0,0,1,1
738,0,0,2,2,2,0,0,1,1
739,0,0,2,3,2,0,0,1,2
740,0,0,3,3,3,0,0,2,2
741,0,0,3,3,3,1,0,2,2
742,0,0,3,0,3,1,0,2,2
743,0,1,0,0,0,1,0,2,2
744,0,1,0,0,0,2,0,2,2
745,0,1,0,0,0,2,0,2,2
746,0,2,0,0,0,2,0,2,2
747,0,2,0,0,0,2,1,2,2
748,1,2,0,0,0,2,1,2,2
749,1,2,0,0,0,2,1,2,3
750,1,2,0,0,0,2,2,3,3
751,2,2,0,0,0,2,2,3,3
752,2,2,0,0,0,2,2,3,0
753,2,2,1,0,1,2,2,0,0
754,2,2,1,0,1,3,2,0,0
755,2,2,1,0,1,3,2,0,0
756,2,3,2,0,2,3,2,0,0
757,2,3,2,1,2,0,2,0,0
758,2,3,2,1,2,0,2,0,0
759,2,0,2,1,2,0,2,0,0
760,2,0,2,2,2,0,3,0,0
761,3,0,2,2,2,0,3,0,0
762,3,0,2,2,2,0,3,0,1
763,3,0,2,2,2,0,0,1,1
764,0,0,2,2,2,0,0,1,1
765,0,0,2,2,2,0,0,1,2
766,0,0,3,2,3,0,0,2,2
767,0,0,3,2,3,0,0,2,2
768,0,0,3,2,3,0,0,2,2
769,0,1,0,2,0,0,0,2,2
770,0,1,0,3,0,0,0,2,2
771,0,1,0,3,0,0,0,2,2
772,0,2,0,3,0,0,0,2,2
773,0,2,0,0,0,0,0,2,2
774,0,2,0,0,0,0,0,2,2
775,0,2,0,0,0,0,0,2,3
776,0,2,0,0,0,0,0,3,3
777,0,2,0,0,0,1,0,3,3
778,0,2,0,0,0,1,1,3,0
779,1,2,1,0,1,1,1,0,0
780,1,2,1,0,1,2,1,0,0
781,1,2,1,0,1,2,2,0,0
782,2,3,2,0,2,2,2,0,0
783,2,3,2,1,2,2,2,0,0
784,2,3,2,1,2,2,2,0,0
785,2,0,2,1,2,2,2,0,0
786,2,0,2,2,2,2,2,0,0
787,2,0,2,2,2,2,2,0,0
788,2,0,2,2,2,2,2,0,0
789,2,0,2,2,2,2,2,1,0
790,2,0,2,2,2,3,2,1,0
791,2,0,2,2,2,3,3,1,0
792,3,0,3,2,3,3,3,2,0
793,3,0,3,2,3,0,3,2,1
794,3,0,3,2,3,0,0,2,1
795,0,0,0,2,0,0,0,2,1
796,0,0,0,3,0,0,0,2,2
797,0,0,0,3,0,0,0,2,2
798,0,0,0,3,0,0,0,2,2
799,0,0,0,0,0,0,0,2,2
800,0,1,0,0,0,0,0,2,2
801,0,1,0,0,0,0,0,2,2
802,0,1,0,0,0,0,0,3,2
803,0,2,0,0,0,0,0,3,2
804,0,2,0,0,0,0,1,3,2
805,1,2,1,0,1,0,1,0,2
806,1,2,1,0,1,0,1,0,3
807,1,2,1,0,1,0,2,0,3
808,2,2,2,0,2,0,2,0,3
809,2,2,2,1,2,0,2,0,0
810,2,2,2,1,2,0,2,0,0
811,2,2,2,1,2,0,2,0,0
812,2,2,2,2,2,0,2,0,0
813,2,3,2,2,2,1,2,0,0
814,2,3,2,2,2,1,2,0,0
815,2,3,2,2,2,1,2,1,0
816,2,0,2,2,2,2,2,1,0
817,2,0,2,2,2,2,3,1,0
818,3,0,3,2,3,2,3,2,0
819,3,0,3,2,3,2,3,2,1
820,3,0,3,2,3,2,0,2,1
821,0,0,0,2,0,2,0,2,1
822,0,0,0,3,0,2,0,2,2
823,0,0,0,3,0,2,0,2,2
824,0,0,0,3,0,2,0,2,2
825,0,0,0,0,0,2,0,2,2
826,0,1,0,0,0,3,0,2,2
827,0,1,0,0,0,3,0,2,2
828,0,1,0,0,0,3,0,3,2
829,0,2,0,0,0,0,0,3,2
830,0,2,0,0,0,0,1,3,2
831,1,2,1,0,0,0,1,0,2
832,1,2,1,0,0,0,1,0,3
833,1,2,1,0,0,0,2,0,3
834,2,2,2,0,0,0,2,0,3
835,2,2,2,1,0,0,2,0,0
836,2,2,2,1,1,0,2,0,0
837,2,2,2,1,1,0,2,0,0
838,2,2,2,2,1,0,2,0,0
839,2,3,2,2,2,0,2,0,0
840,2,3,2,2,2,0,2,0,0
841,2,3,2,2,2,0,2,1,0
842,2,0,2,2,2,0,2,1,0
843,2,0,2,2,2,0,3,1,0
844,3,0,3,2,2,1,3,2,0
845,3,0,3,2,2,1,3,2,1
846,3,0,3,2,2,1,0,2,1
847,0,0,0,2,2,2,0,2,1
848,0,0,0,3,2,2,0,2,2
849,0,0,0,3,3,2,0,2,2
850,0,0,0,3,3,2,0,2,2
851,0,0,0,0,3,2,0,2,2
852,0,1,0,0,0,2,0,2,2
853,0,1,0,0,0,2,0,2,2
854,0,1,0,0,0,2,0,3,2
855,0,2,0,0,0,2,0,3,2
856,0,2,0,0,0,2,1,3,2
857,1,2,0,0,0,3,1,0,2
858,1,2,0,0,0,3,1,0,3
859,1,2,0,0,0,3,2,0,3
860,2,2,0,0,0,0,2,0,3
861,2,2,0,1,0,0,2,0,0
862,2,2,1,1,1,0,2,0,0
863,2,2,1,1,1,0,2,0,0
864,2,2,1,2,1,0,2,0,0
865,2,3,2,2,2,0,2,0,0
866,2,3,2,2,2,0,2,0,0
867,2,3,2,2,2,0,2,1,0
868,2,0,2,2,2,0,2,1,0
869,2,0,2,2,2,0,3,1,0
870,3,0,2,2,2,0,3,2,0
871,3,0,2,2,2,0,3,2,0
872,3,0,2,2,2,0,0,2,0
873,0,0,2,2,2,0,0,2,0
874,0,0,2,3,2,0,0,2,0
875,0,0,3,3,3,0,0,2,0
876,0,0,3,3,3,0,0,2,1
877,0,0,3,0,3,0,0,2,1
878,0,0,0,0,0,0,0,2,1
879,0,0,0,0,0,0,0,2,2
880,0,0,0,0,0,0,0,3,2
881,0,0,0,0,0,0,0,3,2
882,0,0,0,0,0,0,1,3,2
883,1,1,0,0,0,0,1,0,2
884,1,1,0,0,0,0,1,0,2
885,1,1,0,0,0,1,2,0,2
886,2,2,0,0,0,1,2,0,2
887,2,2,0,0,0,1,2,0,2
888,2,2,1,0,1,2,2,0,2
889,2,2,1,0,1,2,2,0,3
890,2,2,1,0,1,2,2,0,3
891,2,2,2,0,2,2,2,0,3
892,2,2,2,1,2,2,2,0,0
893,2,2,2,1,2,2,2,1,0
894,2,2,2,1,2,2,2,1,0
895,2,2,2,2,2,2,3,1,0
896,3,3,2,2,2,2,3,2,0
897,3,3,2,2,2,2,3,2,0
898,3,3,2,2,2,3,0,2,0
899,0,0,2,2,2,3,0,2,0
900,0,0,2,2,2,3,0,2,0
901,0,0,3,2,3,0,0,2,0
902,0,0,3,2,3,0,0,2,1
903,0,0,3,2,3,0,0,2,1
904,0,0,0,2,0,0,0,2,1
905,0,0,0,3,0,0,0,2,2
906,0,0,0,3,0,0,0,3,2
907,0,0,0,3,0,0,0,3,2
908,0,0,0,0,0,0,1,3,2
909,1,1,0,0,0,0,1,0,2
910,1,1,0,0,0,0,1,0,2
911,1,1,0,0,0,0,2,0,2
912,2,2,0,0,0,0,2,0,2
913,2,2,0,0,0,0,2,0,2
914,2,2,0,0,0,0,2,0,2
915,2,2,0,0,0,0,2,0,3
916,2,2,0,0,0,0,2,0,3
917,2,2,0,0,0,0,2,0,3
918,2,2,0,1,0,0,2,0,0
919,2,2,1,1,1,0,2,1,0
920,2,2,1,1,1,0,2,1,0
921,2,2,1,2,1,1,3,1,0
922,3,3,2,2,2,1,3,2,0
923,3,3,2,2,2,1,3,2,0
924,3,3,2,2,2,2,0,2,0
925,0,0,2,2,2,2,0,2,0
926,0,0,2,2,2,2,0,2,0
927,0,0,2,2,2,2,0,2,0
928,0,0,2,2,2,2,0,2,1
929,0,0,2,2,2,2,0,2,1
930,0,0,2,2,2,2,0,2,1
931,0,0,2,3,2,2,0,2,2
932,0,0,3,3,3,2,0,3,2
933,0,0,3,3,3,2,0,3,2
934,0,0,3,0,3,3,0,3,2
935,1,1,0,0,0,3,0,0,2
936,1,1,0,0,0,3,0,0,2
937,1,1,0,0,0,0,0,0,2
938,2,2,0,0,0,0,0,0,2
939,2,2,0,0,0,0,1,0,2
940,2,2,0,0,0,0,1,0,2
941,2,2,0,0,0,0,1,0,3
942,2,2,0,0,0,0,2,0,3
943,2,2,0,0,0,0,2,0,3
944,2,2,0,1,0,0,2,0,0
945,2,2,1,1,1,0,2,1,0
946,2,2,1,1,1,0,2,1,0
947,2,2,1,2,1,0,2,1,0
948,3,3,2,2,2,0,2,2,0
949,3,3,2,2,2,0,2,2,0
950,3,3,2,2,2,0,2,2,0
951,0,0,2,2,2,0,2,2,0
952,0,0,2,2,2,0,3,2,0
953,0,0,2,2,2,0,3,2,0
954,0,0,2,2,2,0,3,2,1
955,0,0,2,2,2,0,0,2,1
956,0,0,2,2,2,0,0,2,1
957,0,0,2,3,2,1,0,2,2
958,0,0,3,3,3,1,0,3,2
959,0,0,3,3,3,1,0,3,2
960,0,0,3,0,3,2,0,3,2
961,0,1,0,0,0,2,0,0,2
962,0,1,0,0,0,2,0,0,2
963,0,1,0,0,0,2,0,0,2
964,0,2,0,0,0,2,0,0,2
965,0,2,0,0,0,2,1,0,2
966,1,2,0,0,0,2,1,0,2
967,1,2,0,0,0,2,1,0,3
968,1,2,0,0,0,2,2,0,3
969,2,2,0,0,0,2,2,0,3
970,2,2,0,1,0,3,2,0,0
971,2,2,0,1,1,3,2,0,0
972,2,2,0,1,1,3,2,0,0
973,2,2,0,2,1,0,2,0,0
974,2,3,0,2,2,0,2,0,0
975,2,3,0,2,2,0,2,0,0
976,2,3,1,2,2,0,2,1,0
977,2,0,1,2,2,0,2,1,0
978,2,0,1,2,2,0,3,1,0
979,3,0,2,2,2,0,3,2,0
980,3,0,2,2,2,0,3,2,1
981,3,0,2,2,2,0,0,2,1
982,0,0,2,2,2,0,0,2,1
983,0,0,2,3,2,0,0,2,2
984,0,0,2,3,3,0,0,2,2
985,0,0,2,3,3,0,0,2,2
986,0,0,2,0,3,0,0,2,2
987,0,1,2,0,0,0,0,2,2
988,0,1,2,0,0,0,0,2,2
989,0,1,3,0,0,0,0,3,2
990,0,2,3,0,0,0,0,3,2
991,0,2,3,0,0,0,0,3,2
992,0,2,0,0,0,0,0,0,2
993,0,2,0,0,0,1,0,0,3
994,0,2,0,0,0,1,0,0,3
995,0,2,0,0,0,1,0,0,3
996,0,2,0,0,0,2,1,0,0
997,1,2,0,0,1,2,1,0,0
998,1,2,0,0,1,2,1,0,0
999,1,2,0,0,1,2,2,0,0
1000,2,3,0,0,2,2,2,0,0
1001,2,3,0,1,2,2,2,0,0
1002,2,3,1,1,2,2,2,1,0
1003,2,0,1,1,2,2,2,1,0
1004,2,0,1,2,2,2,2,1,0
1005,2,0,2,2,2,2,2,2,0
1006,2,0,2,2,2,3,2,2,1
1007,2,0,2,2,2,3,2,2,1
1008,2,0,2,2,2,3,2,2,1
1009,2,0,2,2,2,0,3,2,2
1010,3,0,2,2,3,0,3,2,2
1011,3,0,2,2,3,0,3,2,2
1012,3,0,2,2,3,0,0,2,2
1013,0,0,2,2,0,0,0,2,2
1014,0,0,2,3,0,0,0,2,2
1015,0,0,3,3,0,0,0,3,2
1016,0,0,3,3,0,0,0,3,2
1017,0,0,3,0,0,0,0,3,2
1018,0,1,0,0,0,0,0,0,2
1019,0,1,0,0,0,0,0,0,3
1020,0,1,0,0,0,0,0,0,3
1021,0,2,0,0,0,0,0,0,3
1022,0,2,0,0,0,0,0,0,0
1023,1,2,0,0,1,0,0,0,0
1024,1,2,0,0,1,0,0,0,0
1025,1,2,0,0,1,0,0,0,0
1026,2,2,0,0,2,0,0,0,0
1027,2,2,0,1,2,0,1,0,0
1028,2,2,1,1,2,0,1,0,0
1029,2,2,1,1,2,1,1,0,0
1030,2,2,1,2,2,1,2,0,0
1031,2,3,2,2,2,1,2,0,0
1032,2,3,2,2,2,2,2,0,1
1033,2,3,2,2,2,2,2,1,1
1034,2,0,2,2,2,2,2,1,1
1035,2,0,2,2,2,2,2,1,2
1036,3,0,2,2,3,2,2,2,2
1037,3,0,2,2,3,2,2,2,2
1038,3,0,2,2,3,2,2,2,2
1039,0,0,2,2,0,2,2,2,2
1040,0,0,2,3,0,2,3,2,2
1041,0,0,3,3,0,2,3,2,2
1042,0,0,3,3,0,3,3,2,2
1043,0,0,3,0,0,3,0,2,2
1044,0,1,0,0,0,3,0,2,2
1045,0,1,0,0,0,0,0,2,3
1046,0,1,0,0,0,0,0,3,3
1047,0,2,0,0,0,0,0,3,3
1048,0,2,0,0,0,0,0,3,0
1049,1,2,0,0,1,0,0,0,0
1050,1,2,0,0,1,0,0,0,0
1051,1,2,0,0,1,0,0,0,0
1052,2,2,0,0,2,0,0,0,0
1053,2,2,0,1,2,0,1,0,0
1054,2,2,0,1,2,0,1,0,0
1055,2,2,0,1,2,0,1,0,0
1056,2,2,0,2,2,0,2,0,0
1057,2,3,0,2,2,0,2,0,0
1058,2,3,0,2,2,0,2,0,0
1059,2,3,1,2,2,0,2,1,0
1060,2,0,1,2,2,0,2,1,0
1061,2,0,1,2,2,0,2,1,0
1062,3,0,2,2,3,0,2,2,0
1063,3,0,2,2,3,0,2,2,1
1064,3,0,2,2,3,0,2,2,1
1065,0,0,2,2,0,0,2,2,1
1066,0,0,2,3,0,0,3,2,2
1067,0,0,2,3,0,0,3,2,2
1068,0,0,2,3,0,0,3,2,2
1069,0,0,2,0,0,0,0,2,2
1070,0,1,2,0,0,1,0,2,2
1071,0,1,2,0,0,1,0,2,2
1072,0,1,3,0,0,1,0,3,2
1073,0,2,3,0,0,2,0,3,2
1074,0,2,3,0,0,2,0,3,2
1075,0,2,0,0,0,2,0,0,2
1076,0,2,0,0,0,2,0,0,3
1077,0,2,0,0,0,2,0,0,3
1078,0,2,0,0,0,2,0,0,3
1079,0,2,0,0,0,2,0,0,0
1080,1,2,0,0,1,2,0,0,0
1081,1,2,0,0,1,2,0,0,0
1082,1,2,0,0,1,2,0,0,0
1083,2,3,0,0,2,3,0,0,0
1084,2,3,0,1,2,3,1,0,0
1085,2,3,1,1,2,3,1,1,0
1086,2,0,1,1,2,0,1,1,0
1087,2,0,1,2,2,0,2,1,0
1088,2,0,2,2,2,0,2,2,0
1089,2,0,2,2,2,0,2,2,0
1090,2,0,2,2,2,0,2,2,0
1091,2,0,2,2,2,0,2,2,0
1092,2,0,2,2,2,0,2,2,0
1093,3,0,2,2,3,0,2,2,0
1094,3,0,2,2,3,0,2,2,1
1095,3,0,2,2,3,0,2,2,1
1096,0,0,2,2,0,0,2,2,1
1097,0,0,2,3,0,0,3,2,2
1098,0,0,3,3,0,0,3,3,2
1099,0,0,3,3,0,0,3,3,2
1100,0,0,3,0,0,0,0,3,2
1101,0,1,0,0,0,1,0,0,2
1102,0,1,0,0,0,1,0,0,2
1103,0,1,0,0,0,1,0,0,2
1104,0,2,0,0,0,2,0,0,2
1105,0,2,0,0,0,2,0,0,2
1106,1,2,0,0,1,2,0,0,2
1107,1,2,0,0,1,2,0,0,3
1108,1,2,0,0,1,2,0,0,3
1109,2,2,0,0,2,2,0,0,3
1110,2,2,0,0,2,2,1,0,0
1111,2,2,1,0,2,2,1,0,0
1112,2,2,1,0,2,2,1,0,0
1113,2,2,1,0,2,2,2,0,0
1114,2,3,2,0,2,3,2,0,0
1115,2,3,2,1,2,3,2,0,0
1116,2,3,2,1,2,3,2,1,0
1117,2,0,2,1,2,0,2,1,0
1118,2,0,2,2,2,0,2,1,0
1119,3,0,2,2,3,0,2,2,0
1120,3,0,2,2,3,0,2,2,1
1121,3,0,2,2,3,0,2,2,1
1122,0,0,2,2,0,0,2,2,1
1123,0,0,2,2,0,0,3,2,2
1124,0,0,3,2,0,0,3,2,2
1125,0,0,3,2,0,0,3,2,2
1126,0,0,3,2,0,0,0,2,2
1127,0,1,0,2,0,0,0,2,2
1128,0,1,0,3,0,0,0,2,2
1129,0,1,0,3,0,0,0,3,2
1130,0,2,0,3,0,0,0,3,2
1131,0,2,0,0,0,0,0,3,2
1132,0,2,0,0,1,0,0,0,2
1133,0,2,0,0,1,0,0,0,3
1134,0,2,0,0,1,0,0,0,3
1135,0,2,0,0,2,0,0,0,3
1136,0,2,0,0,2,0,0,0,0
1137,1,2,1,0,2,1,0,0,0
1138,1,2,1,0,2,1,0,0,0
1139,1,2,1,0,2,1,0,0,0
1140,2,3,2,0,2,2,0,0,0
1141,2,3,2,1,2,2,1,0,0
1142,2,3,2,1,2,2,1,1,0
1143,2,0,2,1,2,2,1,1,0
1144,2,0,2,2,2,2,2,1,0
1145,2,0,2,2,3,2,2,2,0
1146,2,0,2,2,3,2,2,2,0
1147,2,0,2,2,3,2,2,2,0
1148,2,0,2,2,0,2,2,2,0
1149,2,0,2,2,0,2,2,2,0
1150,3,0,3,2,0,3,2,2,0
1151,3,0,3,2,0,3,2,2,1
1152,3,0,3,2,0,3,2,2,1
1153,0,0,0,2,0,0,2,2,1
1154,0,0,0,3,0,0,3,2,2
1155,0,0,0,3,0,0,3,3,2
1156,0,0,0,3,0,0,3,3,2
1157,0,0,0,0,0,0,0,3,2
1158,0,1,0,0,1,0,0,0,2
1159,0,1,0,0,1,0,0,0,2
1160,0,1,0,0,1,0,0,0,2
1161,0,2,0,0,2,0,0,0,2
1162,0,2,0,0,2,0,0,0,2
1163,1,2,1,0,2,0,0,0,2
1164,1,2,1,0,2,0,0,0,3
1165,1,2,1,0,2,0,0,0,3
1166,2,2,2,0,2,0,0,0,3
1167,2,2,2,0,2,0,1,0,0
1168,2,2,2,0,2,0,1,0,0
1169,2,2,2,0,2,0,1,0,0
1170,2,2,2,0,2,0,2,0,0
1171,2,3,2,0,3,0,2,0,0
1172,2,3,2,1,3,0,2,0,0
1173,2,3,2,1,3,1,2,1,0
1174,2,0,2,1,0,1,2,1,0
1175,2,0,2,2,0,1,2,1,0
1176,3,0,3,2,0,2,2,2,0
1177,3,0,3,2,0,2,2,2,1
1178,3,0,3,2,0,2,2,2,1
1179,0,0,0,2,0,2,2,2,1
1180,0,0,0,2,0,2,3,2,2
1181,0,0,0,2,0,2,3,2,2
1182,0,0,0,2,0,2,3,2,2
1183,0,0,0,2,0,2,0,2,2
1184,0,1,0,2,1,2,0,2,2
1185,0,1,0,3,1,2,0,2,2
1186,0,1,0,3,1,3,0,3,2
1187,0,2,0,3,2,3,0,3,2
1188,0,2,0,0,2,3,0,3,2
1189,1,2,1,0,2,0,0,0,2
1190,1,2,1,0,2,0,0,0,3
1191,1,2,1,0,2,0,0,0,3
1192,2,2,2,0,2,0,0,0,3
1193,2,2,2,0,2,0,0,0,0
1194,2,2,2,0,2,0,0,0,0
1195,2,2,2,0,2,0,0,0,0
1196,2,2,2,0,2,0,0,0,0
1197,2,3,2,0,3,0,0,0,0
1198,2,3,2,1,3,0,1,0,0
1199,2,3,2,1,3,0,1,1,0
1200,2,0,2,1,0,0,1,1,0
1201,2,0,2,2,0,0,2,1,0
1202,3,0,3,2,0,0,2,2,0
1203,3,0,3,2,0,0,2,2,1
1204,3,0,3,2,0,0,2,2,1
1205,0,0,0,2,0,0,2,2,1
1206,0,0,0,2,0,0,2,2,2
1207,0,0,0,2,0,0,2,2,2
1208,0,0,0,2,0,0,2,2,2
1209,0,0,0,2,0,1,2,2,2
1210,0,1,0,2,1,1,2,2,2
1211,0,1,0,3,1,1,3,2,2
1212,0,1,0,3,1,2,3,3,2
1213,0,2,0,3,2,2,3,3,2
1214,0,2,0,0,2,2,0,3,2
1215,1,2,1,0,2,2,0,0,2
1216,1,2,1,0,2,2,0,0,3
1217,1,2,1,0,2,2,0,0,3
1218,2,2,2,0,2,2,0,0,3
1219,2,2,2,0,2,2,0,0,0
1220,2,2,2,0,2,2,0,0,0
1221,2,2,2,0,2,2,0,0,0
1222,2,2,2,0,2,3,0,0,0
1223,2,3,2,0,3,3,0,0,0
1224,2,3,2,1,3,3,1,0,0
1225,2,3,2,1,3,0,1,1,0
1226,2,0,2,1,0,0,1,1,0
1227,2,0,2,2,0,0,2,1,0
1228,3,0,3,2,0,0,2,2,0
1229,3,0,3,2,0,0,2,2,1
1230,3,0,3,2,0,0,2,2,1
1231,0,0,0,2,0,0,2,2,1
1232,0,0,0,2,0,0,2,2,2
1233,0,0,0,2,0,0,2,2,2
1234,0,0,0,2,0,0,2,2,2
1235,0,0,0,2,0,0,2,2,2
1236,0,0,0,2,1,0,2,2,2
1237,0,0,0,3,1,0,3,2,2
1238,0,0,0,3,1,0,3,3,2
1239,0,0,0,3,2,0,3,3,2
1240,0,0,0,0,2,1,0,3,2
1241,1,1,1,0,2,1,0,0,2
1242,1,1,1,0,2,1,0,0,3
1243,1,1,1,0,2,2,0,0,3
1244,2,2,2,0,2,2,0,0,3
1245,2,2,2,0,2,2,0,0,0
1246,2,2,2,0,2,2,0,0,0
1247,2,2,2,0,2,2,0,0,0
1248,2,2,2,0,2,2,0,0,0
1249,2,2,2,0,3,2,0,0,0
1250,2,2,2,1,3,2,1,0,0
1251,2,2,2,1,3,2,1,1,0
1252,2,2,2,1,0,2,1,1,0
1253,2,2,2,2,0,3,2,1,0
1254,3,3,3,2,0,3,2,2,0
1255,3,3,3,2,0,3,2,2,1
1256,3,3,3,2,0,0,2,2,1
1257,0,0,0,2,0,0,2,2,1
1258,0,0,0,2,0,0,2,2,2
1259,0,0,0,2,0,0,2,2,2
1260,0,0,0,2,0,0,2,2,2
1261,0,0,0,2,0,0,2,2,2
1262,0,0,0,2,1,0,2,2,2
1263,0,0,0,3,1,0,3,2,2
1264,0,0,0,3,1,0,3,3,2
1265,0,0,0,3,2,0,3,3,2
1266,0,0,0,0,2,0,0,3,2
1267,0,1,0,0,2,0,0,0,2
1268,0,1,0,0,2,0,0,0,3
1269,0,1,0,0,2,0,0,0,3
1270,0,2,0,0,2,0,0,0,3
1271,0,2,0,0,2,0,0,0,0
1272,1,2,1,0,2,0,0,0,0
1273,1,2,1,0,2,0,0,0,0
1274,1,2,1,0,2,0,0,0,0
1275,2,2,2,0,3,0,0,0,0
1276,2,2,2,1,3,1,1,0,0
1277,2,2,2,1,3,1,1,1,0
1278,2,2,2,1,0,1,1,1,0
1279,2,2,2,2,0,2,2,1,0
1280,2,3,2,2,0,2,2,2,0
1281,2,3,2,2,0,2,2,2,1
1282,2,3,2,2,0,2,2,2,1
1283,2,0,2,2,0,2,2,2,1
1284,2,0,2,2,0,2,2,2,2
1285,3,0,3,2,0,2,2,2,2
1286,3,0,3,2,0,2,2,2,2
1287,3,0,3,2,0,2,2,2,2
1288,0,0,0,2,1,2,2,2,2
1289,0,0,0,3,1,3,3,2,2
1290,0,0,0,3,1,3,3,3,2
1291,0,0,0,3,2,3,3,3,2
1292,0,0,0,0,2,0,0,3,2
1293,0,1,0,0,2,0,0,0,2
1294,0,1,0,0,2,0,0,0,3
1295,0,1,0,0,2,0,0,0,3
1296,0,2,0,0,2,0,0,0,3
1297,0,2,0,0,2,0,0,0,0
1298,1,2,1,0,2,0,0,0,0
1299,1,2,1,0,2,0,0,0,0
1300,1,2,1,0,2,0,0,0,0
1301,2,2,2,0,3,0,0,0,0
1302,2,2,2,0,3,0,1,0,0
1303,2,2,2,0,3,0,1,1,0
1304,2,2,2,0,0,0,1,1,0
1305,2,2,2,0,0,0,2,1,0
1306,2,3,2,0,0,0,2,2,0
1307,2,3,2,1,0,0,2,2,1
1308,2,3,2,1,0,0,2,2,1
1309,2,0,2,1,0,0,2,2,1
1310,2,0,2,2,0,0,2,2,2
1311,3,0,3,2,0,0,2,2,2
1312,3,0,3,2,0,1,2,2,2
1313,3,0,3,2,0,1,2,2,2
1314,0,0,0,2,1,1,2,2,2
1315,0,0,0,2,1,2,3,2,2
1316,0,0,0,2,1,2,3,3,2
1317,0,0,0,2,2,2,3,3,2
1318,0,0,0,2,2,2,0,3,2
1319,0,1,0,2,2,2,0,0,2
1320,0,1,0,3,2,2,0,0,3
1321,0,1,0,3,2,2,0,0,3
1322,0,2,0,3,2,2,0,0,3
1323,0,2,0,0,2,2,0,0,0
1324,1,2,1,0,2,2,0,0,0
1325,1,2,1,0,2,3,0,0,0
1326,1,2,1,0,2,3,0,0,0
1327,2,2,2,0,3,3,0,0,0
1328,2,2,2,0,3,0,1,0,0
1329,2,2,2,0,3,0,1,1,0
1330,2,2,2,0,0,0,1,1,0
1331,2,2,2,0,0,0,2,1,0
1332,2,3,2,0,0,0,2,2,0
1333,2,3,2,1,0,0,2,2,0
1334,2,3,2,1,0,0,2,2,0
1335,2,0,2,1,0,0,2,2,0
1336,2,0,2,2,0,0,2,2,0
1337,3,0,3,2,0,0,2,2,0
1338,3,0,3,2,0,0,2,2,1
1339,3,0,3,2,0,0,2,2,1
1340,0,0,0,2,1,0,2,2,1
1341,0,0,0,2,1,0,3,2,2
1342,0,0,0,2,1,0,3,3,2
1343,0,0,0,2,2,1,3,3,2
1344,0,0,0,2,2,1,0,3,2
1345,0,1,0,2,2,1,0,0,2
1346,0,1,0,3,2,2,0,0,2
1347,0,1,0,3,2,2,0,0,2
1348,0,2,0,3,2,2,0,0,2
1349,0,2,0,0,2,2,0,0,2
1350,1,2,1,0,2,2,0,0,2
1351,1,2,1,0,2,2,0,0,3
1352,1,2,1,0,2,2,0,0,3
1353,2,2,2,0,3,2,0,0,3
1354,2,2,2,0,3,2,1,0,0
1355,2,2,2,0,3,2,1,1,0
1356,2,2,2,0,0,3,1,1,0
1357,2,2,2,0,0,3,2,1,0
1358,2,3,2,0,0,3,2,2,0
1359,2,3,2,0,0,0,2,2,0
1360,2,3,2,0,0,0,2,2,0
1361,2,0,2,0,0,0,2,2,0
1362,2,0,2,0,0,0,2,2,0
1363,3,0,3,0,0,0,2,2,0
1364,3,0,3,1,0,0,2,2,1
1365,3,0,3,1,0,0,2,2,1
1366,0,0,0,1,1,0,2,2,1
1367,0,0,0,2,1,0,3,2,2
1368,0,0,0,2,1,0,3,3,2
1369,0,0,0,2,2,0,3,3,2
1370,0,0,0,2,2,0,0,3,2
1371,0,1,0,2,2,0,0,0,2
1372,0,1,0,2,2,0,0,0,2
1373,0,1,0,2,2,0,0,0,2
1374,0,2,0,2,2,0,0,0,2
1375,0,2,0,2,2,0,0,0,2
1376,1,2,0,2,2,0,0,0,2
1377,1,2,0,3,2,0,0,0,3
1378,1,2,0,3,2,0,0,0,3
1379,2,2,0,3,3,1,0,0,3
1380,2,2,0,0,3,1,0,0,0
1381,2,2,1,0,3,1,0,1,0
1382,2,2,1,0,0,2,0,1,0
1383,2,2,1,0,0,2,0,1,0
1384,2,3,2,0,0,2,0,2,0
1385,2,3,2,0,0,2,1,2,0
1386,2,3,2,0,0,2,1,2,0
1387,2,0,2,0,0,2,1,2,0
1388,2,0,2,0,0,2,2,2,0
1389,3,0,2,0,0,2,2,2,0
1390,3,0,2,1,0,2,2,2,0
1391,3,0,2,1,0,2,2,2,0
1392,0,0,2,1,1,3,2,2,0
1393,0,0,2,2,1,3,2,2,0
1394,0,0,3,2,1,3,2,3,0
1395,0,0,3,2,2,0,2,3,1
1396,0,0,3,2,2,0,2,3,1
1397,0,0,0,2,2,0,2,0,1
1398,0,0,0,2,2,0,3,0,2
1399,0,0,0,2,2,0,3,0,2
1400,0,0,0,2,2,0,3,0,2
1401,0,0,0,2,2,0,0,0,2
1402,1,1,0,2,2,0,0,0,2
1403,1,1,0,3,2,0,0,0,2
1404,1,1,0,3,2,0,0,0,2
1405,2,2,0,3,3,0,0,0,2
1406,2,2,0,0,3,0,0,0,2
1407,2,2,1,0,3,0,0,0,2
1408,2,2,1,0,0,0,0,0,3
1409,2,2,1,0,0,0,0,0,3
1410,2,2,2,0,0,0,0,0,3
1411,2,2,2,0,0,0,1,0,0
1412,2,2,2,0,0,0,1,1,0
1413,2,2,2,0,0,0,1,1,0
1414,2,2,2,0,0,0,2,1,0
1415,3,3,2,0,0,1,2,2,0
1416,3,3,2,1,0,1,2,2,0
1417,3,3,2,1,0,1,2,2,0
1418,0,0,2,1,1,2,2,2,0
1419,0,0,2,2,1,2,2,2,0
1420,0,0,3,2,1,2,2,2,0
1421,0,0,3,2,2,2,2,2,1
1422,0,0,3,2,2,2,2,2,1
1423,0,0,0,2,2,2,2,2,1
1424,0,0,0,2,2,2,3,2,2
1425,0,0,0,2,2,2,3,3,2
1426,0,0,0,2,2,2,3,3,2
1427,0,0,0,2,2,2,0,3,2
1428,1,1,0,2,2,3,0,0,2
1429,1,1,0,3,2,3,0,0,2
1430,1,1,0,3,2,3,0,0,2
1431,2,2,0,3,3,0,0,0,2
1432,2,2,0,0,3,0,0,0,2
1433,2,2,0,0,3,0,0,0,2
1434,2,2,0,0,0,0,0,0,3
1435,2,2,0,0,0,0,0,0,3
1436,2,2,0,0,0,0,0,0,3
1437,2,2,0,0,0,0,0,0,0
1438,2,2,1,0,0,0,0,0,0
1439,2,2,1,0,0,0,0,0,0
1440,2,2,1,0,0,0,0,0,0
1441,3,3,2,0,0,0,0,0,0
1442,3,3,2,1,0,0,1,0,0
1443,3,3,2,1,0,0,1,1,0
1444,0,0,2,1,1,0,1,1,0
1445,0,0,2,2,1,0,2,1,0
1446,0,0,2,2,1,0,2,2,0
1447,0,0,2,2,2,0,2,2,0
1448,0,0,2,2,2,0,2,2,0
1449,0,0,2,2,2,0,2,2,0
1450,0,0,2,2,2,0,2,2,0
1451,0,0,3,2,2,1,2,2,0
1452,0,0,3,2,2,1,2,2,1
1453,0,0,3,2,2,1,2,2,1
1454,1,1,0,2,2,2,2,2,1
1455,1,1,0,3,2,2,3,2,2
1456,1,1,0,3,2,2,3,3,2
1457,2,2,0,3,3,2,3,3,2
1458,2,2,0,0,3,2,0,3,2
1459,2,2,0,0,3,2,0,0,2
1460,2,2,0,0,0,2,0,0,2
1461,2,2,0,0,0,2,0,0,2
1462,2,2,0,0,0,2,0,0,2
1463,2,2,0,0,0,2,0,0,2
1464,2,2,1,0,0,3,0,0,2
1465,2,2,1,0,0,3,0,0,3
1466,2,2,1,0,0,3,0,0,3
1467,3,3,2,0,0,0,0,0,3
1468,3,3,2,1,0,0,1,0,0
1469,3,3,2,1,0,0,1,0,0
1470,0,0,2,1,1,0,1,0,0
1471,0,0,2,2,1,0,2,0,0
1472,0,0,2,2,1,0,2,0,0
1473,0,0,2,2,2,0,2,0,0
1474,0,0,2,2,2,0,2,1,0
1475,0,0,2,2,2,0,2,1,0
1476,0,0,2,2,2,0,2,1,0
1477,0,0,3,2,2,0,2,2,0
1478,0,0,3,2,2,0,2,2,1
1479,0,0,3,2,2,0,2,2,1
1480,1,1,0,2,2,0,2,2,1
1481,1,1,0,3,2,0,3,2,2
1482,1,1,0,3,2,0,3,2,2
1483,2,2,0,3,3,0,3,2,2
1484,2,2,0,0,3,0,0,2,2
1485,2,2,0,0,3,0,0,2,2
1486,2,2,0,0,0,0,0,2,2
1487,2,2,0,0,0,0,0,3,2
1488,2,2,0,0,0,0,0,3,2
1489,2,2,0,0,0,0,0,3,2
1490,2,2,1,0,0,0,0,0,2
1491,2,2,1,0,0,0,0,0,3
1492,2,2,1,0,0,1,0,0,3
1493,3,3,2,0,0,1,0,0,3
1494,3,3,2,1,0,1,1,0,0
1495,3,3,2,1,0,2,1,0,0
1496,0,0,2,1,1,2,1,0,0
1497,0,0,2,2,1,2,2,0,0
1498,0,0,2,2,1,2,2,0,0
1499,0,0,2,2,2,2,2,0,0
1500,0,0,2,2,2,2,2,1,0
1501,0,0,2,2,2,2,2,1,0
1502,0,0,2,2,2,2,2,1,0
1503,0,0,3,2,2,2,2,2,0
1504,0,0,3,2,2,2,2,2,1
1505,0,0,3,2,2,3,2,2,1
1506,1,1,0,2,2,3,2,2,1
1507,1,1,0,3,2,3,3,2,2
1508,1,1,0,3,2,0,3,2,2
1509,2,2,0,3,3,0,3,2,2
1510,2,2,0,0,3,0,0,2,2
1511,2,2,0,0,3,0,0,2,2
1512,2,2,0,0,0,0,0,2,2
1513,2,2,0,0,0,0,0,3,2
1514,2,2,0,0,0,0,0,3,2
1515,2,2,0,0,0,0,0,3,2
1516,2,2,1,0,0,0,0,0,2
1517,2,2,1,0,0,0,0,0,3
1518,2,2,1,0,0,0,0,0,3
1519,3,3,2,0,0,0,0,0,3
1520,3,3,2,1,0,0,1,0,0
1521,3,3,2,1,0,0,1,0,0
1522,0,0,2,1,1,0,1,0,0
1523,0,0,2,2,1,0,2,0,0
1524,0,0,2,2,1,0,2,0,0
1525,0,0,2,2,2,0,2,0,0
1526,0,0,2,2,2,0,2,0,0
1527,0,0,2,2,2,0,2,0,0
1528,0,0,2,2,2,1,2,0,0
1529,0,0,3,2,2,1,2,0,0
1530,0,0,3,2,2,1,2,0,1
1531,0,0,3,2,2,2,2,1,1
1532,1,0,0,2,2,2,2,1,1
1533,1,0,0,3,2,2,3,1,2
1534,1,0,0,3,2,2,3,2,2
1535,2,0,0,3,3,2,3,2,2
1536,2,0,0,0,3,2,0,2,2
1537,2,1,0,0,3,2,0,2,2
1538,2,1,0,0,0,2,0,2,2
1539,2,1,0,0,0,2,0,2,2
1540,2,2,0,0,0,2,0,2,2
1541,2,2,0,0,0,3,0,2,2
1542,2,2,1,0,0,3,0,2,2
1543,2,2,1,0,0,3,0,2,3
1544,2,2,1,0,0,0,0,3,3
1545,3,2,2,0,0,0,0,3,3
1546,3,2,2,1,0,0,1,3,0
1547,3,2,2,1,0,0,1,0,0
1548,0,2,2,1,1,0,1,0,0
1549,0,2,2,2,1,0,2,0,0
1550,0,3,2,2,1,0,2,0,0
1551,0,3,2,2,2,0,2,0,0
1552,0,3,2,2,2,0,2,0,0
1553,0,0,2,2,2,0,2,0,0
1554,0,0,2,2,2,0,2,0,0
1555,0,0,3,2,2,0,2,0,0
1556,0,0,3,2,2,0,2,0,0
1557,0,0,3,2,2,0,2,1,0
1558,1,0,0,2,2,0,2,1,0
1559,1,0,0,3,2,0,3,1,0
1560,1,0,0,3,2,0,3,2,0
1561,2,0,0,3,3,0,3,2,1
1562,2,0,0,0,3,0,0,2,1
1563,2,1,0,0,3,0,0,2,1
1564,2,1,0,0,0,1,0,2,2
1565,2,1,0,0,0,1,0,2,2
1566,2,2,0,0,0,1,0,2,2
1567,2,2,0,0,0,2,0,2,2
1568,2,2,1,0,0,2,0,2,2
1569,2,2,1,0,0,2,0,2,2
1570,2,2,1,0,0,2,0,3,2
1571,3,2,2,0,0,2,0,3,2
1572,3,2,2,1,0,2,0,3,2
1573,3,2,2,1,0,2,0,0,2
1574,0,2,2,1,1,2,0,0,3
1575,0,2,2,2,1,2,0,0,3
1576,0,3,2,2,1,2,0,0,3
1577,0,3,2,2,2,3,1,0,0
1578,0,3,2,2,2,3,1,0,0
1579,0,0,2,2,2,3,1,0,0
1580,0,0,2,2,2,0,2,0,0
1581,0,0,3,2,2,0,2,0,0
1582,0,0,3,2,2,0,2,0,0
1583,0,0,3,2,2,0,2,1,0
1584,1,0,0,2,2,0,2,1,0
1585,1,0,0,3,2,0,2,1,0
1586,1,0,0,3,2,0,2,2,0
1587,2,0,0,3,3,0,2,2,0
1588,2,0,0,0,3,0,2,2,0
1589,2,1,0,0,3,0,2,2,0
1590,2,1,0,0,0,0,3,2,0
1591,2,1,0,0,0,0,3,2,0
1592,2,2,0,0,0,0,3,2,1
1593,2,2,0,0,0,0,0,2,1
1594,2,2,1,0,0,0,0,2,1
1595,2,2,1,0,0,0,0,2,2
1596,2,2,1,0,0,0,0,3,2
1597,3,2,2,0,0,0,0,3,2
1598,3,2,2,1,0,0,0,3,2
1599,3,2,2,1,0,0,0,0,2
1600,0,2,2,1,1,1,0,0,2
1601,0,2,2,2,1,1,0,0,2
1602,0,3,2,2,1,1,0,0,2
1603,0,3,2,2,2,2,1,0,2
1604,0,3,2,2,2,2,1,0,2
1605,0,0,2,2,2,2,1,0,3
1606,0,0,2,2,2,2,2,0,3
1607,0,0,3,2,2,2,2,0,3
1608,0,0,3,2,2,2,2,0,0
1609,0,0,3,2,2,2,2,1,0
1610,1,0,0,2,2,2,2,1,0
1611,1,0,0,3,2,2,2,1,0
1612,1,0,0,3,2,2,2,2,0
1613,2,0,0,3,3,3,2,2,0
1614,2,0,0,0,3,3,2,2,0
1615,2,1,0,0,3,3,2,2,0
1616,2,1,0,0,0,0,3,2,0
1617,2,1,0,0,0,0,3,2,0
1618,2,2,0,0,0,0,3,2,0
1619,2,2,0,0,0,0,0,2,0
1620,2,2,1,0,0,0,0,2,0
1621,2,2,1,0,0,0,0,2,0
1622,2,2,1,0,0,0,0,3,0
1623,3,2,2,0,0,0,0,3,1
1624,3,2,2,1,0,0,0,3,1
1625,3,2,2,1,0,0,0,0,1
1626,0,2,2,1,1,0,0,0,2
1627,0,2,2,2,1,0,0,0,2
1628,0,3,2,2,1,0,0,0,2
1629,0,3,2,2,2,0,0,0,2
1630,0,3,2,2,2,0,0,0,2
1631,0,0,2,2,2,1,0,0,2
1632,0,0,2,2,2,1,0,0,2
1633,0,0,3,2,2,1,0,0,2
1634,0,0,3,2,2,2,1,0,2
1635,0,0,3,2,2,2,1,1,2
1636,1,0,0,2,2,2,1,1,3
1637,1,0,0,3,2,2,2,1,3
1638,1,0,0,3,2,2,2,2,3
1639,2,0,0,3,3,2,2,2,0
1640,2,0,0,0,3,2,2,2,0
1641,2,1,0,0,3,2,2,2,0
1642,2,1,0,0,0,2,2,2,0
1643,2,1,0,0,0,2,2,2,0
1644,2,2,0,0,0,3,2,2,0
1645,2,2,0,0,0,3,2,2,0
1646,2,2,1,0,0,3,2,2,0
1647,2,2,1,0,0,0,3,2,0
1648,2,2,1,0,0,0,3,3,0
1649,3,2,2,0,0,0,3,3,0
1650,3,2,2,1,0,0,0,3,0
1651,3,2,2,1,0,0,0,0,0
1652,0,2,2,1,1,0,0,0,0
1653,0,2,2,2,1,0,0,0,0
1654,0,3,2,2,1,0,0,0,0
1655,0,3,2,2,2,0,0,0,0
1656,0,3,2,2,2,0,0,0,0
1657,0,0,2,2,2,0,0,0,0
1658,0,0,2,2,2,0,0,0,0
1659,0,0,3,2,2,0,0,0,1
1660,0,0,3,2,2,0,1,0,1
1661,0,0,3,2,2,0,1,1,1
1662,1,0,0,2,2,1,1,1,2
1663,1,0,0,3,2,1,2,1,2
1664,1,0,0,3,2,1,2,2,2
1665,2,0,0,3,3,2,2,2,2
1666,2,0,0,0,3,2,2,2,2
1667,2,1,0,0,3,2,2,2,2
1668,2,1,0,0,0,2,2,2,2
1669,2,1,0,0,0,2,2,2,2
1670,2,2,0,0,0,2,2,2,2
1671,2,2,0,0,0,2,2,2,2
1672,2,2,1,0,0,2,2,2,3
1673,2,2,1,0,0,2,3,2,3
1674,2,2,1,0,0,2,3,3,3
1675,3,2,2,0,0,3,3,3,0
1676,3,2,2,1,0,3,0,3,0
1677,3,2,2,1,0,3,0,0,0
1678,0,2,2,1,1,0,0,0,0
1679,0,2,2,2,1,0,0,0,0
1680,0,3,2,2,1,0,0,0,0
1681,0,3,2,2,2,0,0,0,0
1682,0,3,2,2,2,0,0,0,0
1683,0,0,2,2,2,0,0,0,0
1684,0,0,2,2,2,0,0,0,0
1685,0,0,3,2,2,0,0,0,1
1686,0,0,3,2,2,0,1,0,1
1687,0,0,3,2,2,0,1,1,1
1688,1,0,0,2,2,0,1,1,2
1689,1,0,0,3,2,0,2,1,2
1690,1,0,0,3,2,0,2,2,2
1691,2,0,0,3,3,0,2,2,2
1692,2,0,0,0,3,0,2,2,2
1693,2,1,0,0,3,0,2,2,2
1694,2,1,0,0,0,0,2,2,2
1695,2,1,0,0,0,0,2,2,2
1696,2,2,0,0,0,0,2,2,2
1697,2,2,0,0,0,0,2,2,2
1698,2,2,1,0,0,0,2,2,3
1699,2,2,1,0,0,0,3,2,3
1700,2,2,1,0,0,0,3,3,3
1701,3,2,2,0,0,0,3,3,0
1702,3,2,2,1,0,0,0,3,0
1703,3,2,2,1,0,1,0,0,0
1704,0,2,2,1,1,1,0,0,0
1705,0,2,2,2,1,1,0,0,0
1706,0,3,2,2,1,2,0,0,0
1707,0,3,2,2,2,2,0,0,0
1708,0,3,2,2,2,2,0,0,0
1709,0,0,2,2,2,2,0,0,0
1710,0,0,2,2,2,2,0,0,0
1711,0,0,3,2,2,2,0,0,0
1712,0,0,3,2,2,2,1,0,0
1713,0,0,3,2,2,2,1,1,0
1714,1,0,0,2,2,2,1,1,0
1715,1,0,0,3,2,2,2,1,0
1716,1,0,0,3,2,3,2,2,0
1717,2,0,0,3,3,3,2,2,0
1718,2,0,0,0,3,3,2,2,0
1719,2,1,0,0,3,0,2,2,0
1720,2,1,0,0,0,0,2,2,0
1721,2,1,0,0,0,0,2,2,1
1722,2,2,0,0,0,0,2,2,1
1723,2,2,0,0,0,0,2,2,1
1724,2,2,1,0,0,0,2,2,2
1725,2,2,1,0,0,0,3,2,2
1726,2,2,1,0,0,0,3,3,2
1727,3,2,2,0,0,0,3,3,2
1728,3,2,2,1,0,0,0,3,2
1729,3,2,2,1,0,0,0,0,2
1730,0,2,2,1,1,0,0,0,2
1731,0,2,2,2,1,0,0,0,2
1732,0,3,2,2,1,0,0,0,2
1733,0,3,2,2,2,0,0,0,2
1734,0,3,2,2,2,0,0,0,3
1735,0,0,2,2,2,0,0,0,3
1736,0,0,2,2,2,0,0,0,3
1737,0,0,3,2,2,0,0,0,0
1738,0,0,3,2,2,0,1,0,0
1739,0,0,3,2,2,1,1,1,0
1740,1,0,0,2,2,1,1,1,0
1741,1,0,0,3,2,1,2,1,0
1742,1,0,0,3,2,2,2,2,0
1743,2,0,0,3,3,2,2,2,0
1744,2,0,0,0,3,2,2,2,0
1745,2,1,0,0,3,2,2,2,0
1746,2,1,0,0,0,2,2,2,0
1747,2,1,0,0,0,2,2,2,1
1748,2,2,0,0,0,2,2,2,1
1749,2,2,0,0,0,2,2,2,1
1750,2,2,1,0,0,2,2,2,2
1751,2,2,1,0,0,2,3,2,2
1752,2,2,1,0,0,3,3,3,2
1753,3,2,2,0,0,3,3,3,2
1754,3,2,2,1,0,3,0,3,2
1755,3,2,2,1,0,0,0,0,2
1756,0,2,2,1,1,0,0,0,2
1757,0,2,2,2,1,0,0,0,2
1758,0,3,2,2,1,0,0,0,2
1759,0,3,2,2,2,0,0,0,2
1760,0,3,2,2,2,0,0,0,3
1761,0,0,2,2,2,0,0,0,3
1762,0,0,2,2,2,0,0,0,3
1763,0,0,3,2,2,0,0,0,0
1764,0,0,3,2,2,0,1,0,0
1765,0,0,3,2,2,0,1,1,0
1766,1,0,0,2,2,0,1,1,0
1767,1,0,0,3,2,0,2,1,0
1768,1,0,0,3,2,0,2,2,0
1769,2,0,0,3,3,0,2,2,0
1770,2,0,0,0,3,0,2,2,0
1771,2,1,0,0,3,0,2,2,0
1772,2,1,0,0,0,0,2,2,0
1773,2,1,0,0,0,0,2,2,0
1774,2,2,0,0,0,0,2,2,0
1775,2,2,0,0,0,1,2,2,0
1776,2,2,1,0,0,1,2,2,0
1777,2,2,1,0,0,1,3,2,0
1778,2,2,1,0,0,2,3,3,1
1779,3,2,2,0,0,2,3,3,1
1780,3,2,2,1,0,2,0,3,1
1781,3,2,2,1,0,2,0,0,2
1782,0,2,2,1,1,2,0,0,2
1783,0,2,2,2,1,2,0,0,2
1784,0,3,2,2,1,2,0,0,2
1785,0,3,2,2,2,2,0,0,2
1786,0,3,2,2,2,2,0,0,2
1787,0,0,2,2,2,2,0,0,2
1788,0,0,2,2,2,3,0,0,2
1789,0,0,3,2,2,3,0,0,2
1790,0,0,3,2,2,3,1,0,2
1791,0,0,3,2,2,0,1,1,3
1792,1,0,0,2,2,0,1,1,3
1793,1,0,0,3,2,0,2,1,3
1794,1,0,0,3,2,0,2,2,0
1795,2,0,0,3,3,0,2,2,0
1796,2,0,0,0,3,0,2,2,0
1797,2,1,0,0,3,0,2,2,0
1798,2,1,0,0,0,0,2,2,0
1799,2,1,0,0,0,0,2,2,0
1800,2,2,0,0,0,0,2,2,0
1801,2,2,0,0,0,0,2,2,0
1802,2,2,1,0,0,0,2,2,0
1803,2,2,1,0,0,0,3,2,0
1804,2,2,1,0,0,0,3,3,1
1805,3,2,2,0,0,0,3,3,1
1806,3,2,2,1,0,0,0,3,1
1807,3,2,2,1,0,0,0,0,2
1808,0,2,2,1,1,0,0,0,2
1809,0,2,2,2,1,0,0,0,2
1810,0,3,2,2,1,0,0,0,2
1811,0,3,2,2,2,1,0,0,2
1812,0,3,2,2,2,1,0,0,2
1813,0,0,2,2,2,1,0,0,2
1814,0,0,2,2,2,2,0,0,2
1815,0,0,3,2,2,2,0,0,2
1816,0,0,3,2,2,2,1,0,2
1817,0,0,3,2,2,2,1,1,3
1818,1,0,0,2,2,2,1,1,3
1819,1,0,0,3,2,2,2,1,3
1820,1,0,0,3,2,2,2,2,0
1821,2,0,0,3,3,2,2,2,0
1822,2,0,0,0,3,2,2,2,0
1823,2,1,0,0,3,2,2,2,0
1824,2,1,0,0,0,3,2,2,0
1825,2,1,0,0,0,3,2,2,0
1826,2,2,0,0,0,3,2,2,0
1827,2,2,0,0,0,0,2,2,0
1828,2,2,1,0,0,0,2,2,0
1829,2,2,1,0,0,0,3,2,0
1830,2,2,1,0,0,0,3,3,1
1831,3,2,2,0,0,0,3,3,1
1832,3,2,2,1,0,0,0,3,1
1833,3,2,2,1,0,0,0,0,2
1834,0,2,2,1,1,0,0,0,2
1835,0,2,2,2,1,0,0,0,2
1836,0,3,2,2,1,0,0,0,2
1837,0,3,2,2,2,1,0,0,2
1838,0,3,2,2,2,1,0,0,2
1839,0,0,2,2,2,1,0,0,2
1840,0,0,2,2,2,2,0,0,2
1841,0,0,3,2,2,2,0,0,2
1842,0,0,3,2,2,2,1,0,2
1843,0,0,3,2,2,2,1,1,3
1844,1,0,0,2,2,2,1,1,3
1845,1,0,0,3,2,2,2,1,3
1846,1,0,0,3,2,2,2,2,0
1847,2,0,0,3,3,2,2,2,0
1848,2,0,0,0,3,2,2,2,0
1849,2,1,0,0,3,2,2,2,0
1850,2,1,0,0,0,3,2,2,0
1851,2,1,0,0,0,3,2,2,0
1852,2,2,0,0,0,3,2,2,0
1853,2,2,0,0,0,0,2,2,0
1854,2,2,1,0,0,0,2,2,0
1855,2,2,1,0,0,0,3,2,0
1856,2,2,1,0,0,0,3,3,1
1857,3,2,2,0,0,0,3,3,1
1858,3,2,2,1,0,0,0,3,1
1859,3,2,2,1,0,0,0,0,2
1860,0,2,2,1,1,0,0,0,2
1861,0,2,2,2,1,0,0,0,2
1862,0,3,2,2,1,0,0,0,2
1863,0,3,2,2,2,0,0,0,2
1864,0,3,2,2,2,0,0,0,2
1865,0,0,2,2,2,0,0,0,2
1866,0,0,2,2,2,0,0,0,2
1867,0,0,3,2,2,0,0,0,2
1868,0,0,3,2,2,1,0,0,2
1869,0,0,3,2,2,1,0,1,3
1870,0,0,0,2,2,1,0,1,3
1871,0,0,0,3,2,2,0,1,3
1872,0,0,0,3,2,2,0,2,0
1873,0,0,0,3,3,2,1,2,0
1874,0,0,0,0,3,2,1,2,0
1875,1,1,0,0,3,2,1,2,0
1876,1,1,0,0,0,2,2,2,0
1877,1,1,0,0,0,2,2,2,0
1878,2,2,0,0,0,2,2,2,0
1879,2,2,0,0,0,2,2,2,0
1880,2,2,1,0,0,2,2,2,0
1881,2,2,1,0,0,3,2,2,0
1882,2,2,1,0,0,3,2,3,1
1883,2,2,2,0,0,3,2,3,1
1884,2,2,2,1,0,0,2,3,1
1885,2,2,2,1,0,0,2,0,2
1886,2,2,2,1,1,0,3,0,2
1887,2,2,2,2,1,0,3,0,2
1888,3,3,2,2,1,0,3,0,2
1889,3,3,2,2,2,0,0,0,2
1890,3,3,2,2,2,0,0,0,2
1891,0,0,2,2,2,0,0,0,2
1892,0,0,2,2,2,0,0,0,2
1893,0,0,3,2,2,0,0,0,2
1894,0,0,3,2,2,0,0,0,2
1895,0,0,3,2,2,0,0,1,3
1896,0,0,0,2,2,0,0,1,3
1897,0,0,0,3,2,0,0,1,3
1898,0,0,0,3,2,0,0,2,0
1899,0,0,0,3,3,1,1,2,0
1900,0,0,0,0,3,1,1,2,0
1901,1,1,0,0,3,1,1,2,0
1902,1,1,0,0,0,2,2,2,0
1903,1,1,0,0,0,2,2,2,0
1904,2,2,0,0,0,2,2,2,0
1905,2,2,0,0,0,2,2,2,0
1906,2,2,1,0,0,2,2,2,0
1907,2,2,1,0,0,2,2,2,0
1908,2,2,1,0,0,2,2,3,1
1909,2,2,2,0,0,2,2,3,1
1910,2,2,2,1,0,2,2,3,1
1911,2,2,2,1,0,2,2,0,2
1912,2,2,2,1,1,3,3,0,2
1913,2,2,2,2,1,3,3,0,2
1914,3,3,2,2,1,3,3,0,2
1915,3,3,2,2,2,0,0,0,2
1916,3,3,2,2,2,0,0,0,2
1917,0,0,2,2,2,0,0,0,2
1918,0,0,2,2,2,0,0,0,2
1919,0,0,3,2,2,0,0,0,2
1920,0,0,3,2,2,0,0,0,2
1921,0,0,3,2,2,0,0,1,3
1922,0,0,0,2,2,0,0,1,3
1923,0,0,0,3,2,0,0,1,3
1924,0,0,0,3,2,0,0,2,0
1925,0,0,0,3,3,0,1,2,0
1926,0,0,0,0,3,0,1,2,0
1927,0,1,0,0,3,0,1,2,0
1928,0,1,0,0,0,0,2,2,0
1929,0,1,0,0,0,0,2,2,0
1930,0,2,0,0,0,0,2,2,0
1931,0,2,0,0,0,0,2,2,0
1932,1,2,1,0,0,0,2,2,0
1933,1,2,1,0,0,0,2,2,0
1934,1,2,1,0,0,0,2,3,1
1935,2,2,2,0,0,1,2,3,1
1936,2,2,2,1,0,1,2,3,1
1937,2,2,2,1,0,1,2,0,2
1938,2,2,2,1,1,2,3,0,2
1939,2,2,2,2,1,2,3,0,2
1940,2,3,2,2,1,2,3,0,2
1941,2,3,2,2,2,2,0,0,2
1942,2,3,2,2,2,2,0,0,2
1943,2,0,2,2,2,2,0,0,2
1944,2,0,2,2,2,2,0,0,2
1945,3,0,3,2,2,2,0,0,2
1946,3,0,3,2,2,2,0,0,2
1947,3,0,3,2,2,2,0,1,3
1948,0,0,0,2,2,3,0,1,3
1949,0,0,0,3,2,3,0,1,3
1950,0,0,0,3,2,3,0,2,0
1951,0,0,0,3,3,0,1,2,0
1952,0,0,0,0,3,0,1,2,0
1953,0,1,0,0,3,0,1,2,0
1954,0,1,0,0,0,0,2,2,0
1955,0,1,0,0,0,0,2,2,0
1956,0,2,0,0,0,0,2,2,0
1957,0,2,0,0,0,0,2,2,0
1958,1,2,1,0,0,0,2,2,0
1959,1,2,1,0,0,0,2,2,0
1960,1,2,1,0,0,0,2,3,0
1961,2,2,2,0,0,0,2,3,0
1962,2,2,2,1,0,0,2,3,0
1963,2,2,2,1,0,0,2,0,0
1964,2,2,2,1,1,0,3,0,0
1965,2,2,2,2,1,0,3,0,1
1966,2,3,2,2,1,0,3,0,1
1967,2,3,2,2,2,0,0,0,1
1968,2,3,2,2,2,0,0,0,2
1969,2,0,2,2,2,0,0,0,2
1970,2,0,2,2,2,0,0,0,2
1971,3,0,3,2,2,1,0,0,2
1972,3,0,3,2,2,1,0,0,2
1973,3,0,3,2,2,1,0,1,2
1974,0,0,0,2,2,2,0,1,2
1975,0,0,0,3,2,2,0,1,2
1976,0,0,0,3,2,2,0,2,2
1977,0,0,0,3,3,2,1,2,2
1978,0,0,0,0,3,2,1,2,3
1979,0,1,0,0,3,2,1,2,3
1980,0,1,0,0,0,2,2,2,3
1981,0,1,0,0,0,2,2,2,0
1982,0,2,0,0,0,2,2,2,0
1983,0,2,0,0,0,2,2,2,0
1984,1,2,1,0,0,3,2,2,0
1985,1,2,1,0,0,3,2,2,0
1986,1,2,1,0,0,3,2,3,0
1987,2,2,2,0,0,0,2,3,0
1988,2,2,2,1,0,0,2,3,0
1989,2,2,2,1,0,0,2,0,0
1990,2,2,2,1,1,0,3,0,0
1991,2,2,2,2,1,0,3,0,0
1992,2,3,2,2,1,0,3,0,0
1993,2,3,2,2,2,0,0,0,0
1994,2,3,2,2,2,0,0,0,0
1995,2,0,2,2,2,0,0,0,0
1996,2,0,2,2,2,0,0,0,1
1997,3,0,3,2,2,0,0,0,1
1998,3,0,3,2,2,0,0,0,1
1999,3,0,3,2,2,0,0,1,2
2000,0,0,0,2,2,0,0,1,2
2001,0,0,0,3,2,0,0,1,2
2002,0,0,0,3,2,1,0,2,2
2003,0,0,0,3,3,1,1,2,2
2004,0,0,0,0,3,1,1,2,2
2005,0,1,0,0,3,2,1,2,2
2006,0,1,0,0,0,2,2,2,2
2007,0,1,0,0,0,2,2,2,2
2008,0,2,0,0,0,2,2,2,2
2009,0,2,0,0,0,2,2,2,3
2010,1,2,1,0,0,2,2,2,3
2011,1,2,1,0,0,2,2,2,3
2012,1,2,1,0,0,2,2,3,0
2013,2,2,2,0,0,2,2,3,0
2014,2,2,2,1,0,2,2,3,0
2015,2,2,2,1,0,3,2,0,0
2016,2,2,2,1,1,3,3,0,0
2017,2,2,2,2,1,3,3,0,0
2018,2,3,2,2,1,0,3,0,0
2019,2,3,2,2,2,0,0,0,0
2020,2,3,2,2,2,0,0,0,0
2021,2,0,2,2,2,0,0,0,0
2022,2,0,2,2,2,0,0,0,1
2023,3,0,3,2,2,0,0,0,1
2024,3,0,3,2,2,0,0,0,1
2025,3,0,3,2,2,0,0,1,2
2026,0,0,0,2,2,0,0,1,2
2027,0,0,0,3,2,0,0,1,2
2028,0,0,0,3,2,0,0,2,2
2029,0,0,0,3,3,0,1,2,2
2030,0,0,0,0,3,0,1,2,2
2031,0,1,0,0,3,0,1,2,2
2032,0,1,0,0,0,0,2,2,2
2033,0,1,0,0,0,1,2,2,2
2034,0,2,0,0,0,1,2,2,2
2035,0,2,0,0,0,1,2,2,3
2036,1,2,1,0,0,2,2,2,3
2037,1,2,1,0,0,2,2,2,3
2038,1,2,1,0,0,2,2,3,0
2039,2,2,2,0,0,2,2,3,0
2040,2,2,2,1,0,2,2,3,0
2041,2,2,2,1,0,2,2,0,0
2042,2,2,2,1,1,2,3,0,0
2043,2,2,2,2,1,2,3,0,0
2044,2,3,2,2,1,2,3,0,0
2045,2,3,2,2,2,2,0,0,0
2046,2,3,2,2,2,3,0,0,0
2047,2,0,2,2,2,3,0,0,0
2048,2,0,2,2,2,3,0,0,0
2049,3,0,3,2,2,0,0,0,0
2050,3,0,3,2,2,0,0,0,0
2051,3,0,3,2,2,0,0,1,0
2052,0,0,0,2,2,0,0,1,0
2053,0,0,0,3,2,0,0,1,1
2054,0,0,0,3,2,0,0,2,1
2055,0,0,0,3,3,0,1,2,1
2056,0,0,0,0,3,0,1,2,2
2057,0,1,0,0,3,0,1,2,2
2058,0,1,0,0,0,0,2,2,2
2059,0,1,0,0,0,0,2,2,2
2060,0,2,0,0,0,0,2,2,2
2061,0,2,0,0,0,0,2,2,2
2062,1,2,1,0,0,0,2,2,2
2063,1,2,1,0,0,0,2,2,2
2064,1,2,1,0,0,1,2,3,2
2065,2,2,2,0,0,1,2,3,2
2066,2,2,2,1,0,1,2,3,3
2067,2,2,2,1,0,2,2,0,3
2068,2,2,2,1,1,2,3,0,3
2069,2,2,2,2,1,2,3,0,0
2070,2,3,2,2,1,2,3,0,0
2071,2,3,2,2,2,2,0,0,0
2072,2,3,2,2,2,2,0,0,0
2073,2,0,2,2,2,2,0,0,0
2074,2,0,2,2,2,2,0,0,0
2075,3,0,3,2,2,2,0,0,0
2076,3,0,3,2,2,2,0,0,0
2077,3,0,3,2,2,3,0,1,0
2078,0,0,0,2,2,3,0,1,0
2079,0,0,0,3,2,3,0,1,1
2080,0,0,0,3,2,0,0,2,1
2081,0,0,0,3,3,0,1,2,1
2082,0,0,0,0,3,0,1,2,2
2083,0,1,0,0,3,0,1,2,2
2084,0,1,0,0,0,0,2,2,2
2085,0,1,0,0,0,0,2,2,2
2086,0,2,0,0,0,0,2,2,2
2087,0,2,0,0,0,0,2,2,2
2088,1,2,1,0,0,0,2,2,2
2089,1,2,1,0,0,0,2,2,2
2090,1,2,1,0,0,0,2,3,2
2091,2,2,2,0,0,0,2,3,2
2092,2,2,2,1,0,0,2,3,3
2093,2,2,2,1,0,0,2,0,3
2094,2,2,2,1,1,0,3,0,3
2095,2,2,2,2,1,1,3,0,0
2096,2,3,2,2,1,1,3,0,0
2097,2,3,2,2,2,1,0,0,0
2098,2,3,2,2,2,2,0,0,0
2099,2,0,2,2,2,2,0,0,0
2100,2,0,2,2,2,2,0,0,0
2101,3,0,3,2,2,2,0,0,0
2102,3,0,3,2,2,2,0,0,0
2103,3,0,3,2,2,2,0,1,0
2104,0,0,0,2,2,2,0,1,0
2105,0,0,0,3,2,2,0,1,1
2106,0,0,0,3,2,2,0,2,1
2107,0,0,0,3,3,2,1,2,1
2108,0,0,0,0,3,3,1,2,2
2109,0,1,0,0,3,3,1,2,2
2110,0,1,0,0,0,3,2,2,2
2111,0,1,0,0,0,0,2,2,2
2112,0,2,0,0,0,0,2,2,2
2113,0,2,0,0,0,0,2,2,2
2114,1,2,1,0,0,0,2,2,2
2115,1,2,1,0,0,0,2,2,2
2116,1,2,1,0,0,0,2,3,2
2117,2,2,2,0,0,0,2,3,2
2118,2,2,2,1,0,0,2,3,3
2119,2,2,2,1,0,0,2,0,3
2120,2,2,2,1,1,0,3,0,3
2121,2,2,2,2,1,0,3,0,0
2122,2,3,2,2,1,0,3,0,0
2123,2,3,2,2,2,0,0,0,0
2124,2,3,2,2,2,0,0,0,0
2125,2,0,2,2,2,0,0,0,0
2126,2,0,2,2,2,1,0,0,0
2127,3,0,3,2,2,1,0,0,0
2128,3,0,3,2,2,1,0,0,0
2129,3,0,3,2,2,2,0,1,0
2130,0,0,0,2,2,2,0,1,0
2131,0,0,0,3,2,2,0,1,1
2132,0,0,0,3,2,2,0,2,1
2133,0,0,0,3,3,2,1,2,1
2134,0,0,0,0,3,2,1,2,2
2135,0,1,0,0,3,2,1,2,2
2136,0,1,0,0,0,2,2,2,2
2137,0,1,0,0,0,2,2,2,2
2138,0,2,0,0,0,2,2,2,2
2139,0,2,0,0,0,3,2,2,2
2140,1,2,1,0,0,3,2,2,2
2141,1,2,1,0,0,3,2,2,2
2142,1,2,1,0,0,0,2,3,2
2143,2,2,2,0,0,0,2,3,2
2144,2,2,2,1,0,0,2,3,3
2145,2,2,2,1,0,0,2,0,3
2146,2,2,2,1,0,0,3,0,3
2147,2,2,2,2,0,0,3,0,0
2148,2,3,2,2,0,0,3,0,0
2149,2,3,2,2,0,0,0,0,0
2150,2,3,2,2,0,0,0,0,0
2151,2,0,2,2,1,0,0,0,0
2152,2,0,2,2,1,0,0,0,0
2153,3,0,3,2,1,0,0,0,0
2154,3,0,3,2,2,0,0,0,0
2155,3,0,3,2,2,0,0,0,0
2156,0,0,0,2,2,0,0,0,0
2157,0,0,0,3,2,0,0,0,0
2158,0,0,0,3,2,0,0,0,0
2159,0,0,0,3,2,0,1,0,0
2160,0,0,0,0,2,0,1,1,0
2161,0,1,0,0,2,0,1,1,0
2162,0,1,0,0,2,0,2,1,1
2163,0,1,0,0,2,0,2,2,1
2164,0,2,0,0,3,0,2,2,1
2165,0,2,0,0,3,0,2,2,2
2166,1,2,1,0,3,0,2,2,2
2167,1,2,1,0,0,1,2,2,2
2168,1,2,1,0,0,1,2,2,2
2169,2,2,2,0,0,1,2,2,2
2170,2,2,2,1,0,2,2,2,2
2171,2,2,2,1,0,2,2,2,2
2172,2,2,2,1,0,2,3,2,2
2173,2,2,2,2,0,2,3,3,2
2174,2,3,2,2,0,2,3,3,2
2175,2,3,2,2,0,2,0,3,3
2176,2,3,2,2,0,2,0,0,3
2177,2,0,2,2,0,2,0,0,3
2178,2,0,2,2,0,2,0,0,0
2179,3,0,3,2,0,2,0,0,0
2180,3,0,3,2,0,3,0,0,0
2181,3,0,3,2,0,3,0,0,0
2182,0,0,0,2,1,3,0,0,0
2183,0,0,0,3,1,0,0,0,0
2184,0,0,0,3,1,0,0,0,0
2185,0,0,0,3,2,0,1,0,0
2186,0,0,0,0,2,0,1,1,0
2187,0,1,0,0,2,0,1,1,0
2188,0,1,0,0,2,0,2,1,0
2189,0,1,0,0,2,0,2,2,0
2190,0,2,0,0,2,0,2,2,0
2191,0,2,0,0,2,0,2,2,0
2192,1,2,0,0,2,0,2,2,0
2193,1,2,0,0,2,0,2,2,1
2194,1,2,0,0,2,0,2,2,1
2195,2,2,0,0,3,0,2,2,1
2196,2,2,0,0,3,0,2,2,2
2197,2,2,1,0,3,0,2,2,2
2198,2,2,1,0,0,0,3,2,2
2199,2,2,1,0,0,0,3,3,2
2200,2,3,2,0,0,0,3,3,2
2201,2,3,2,1,0,0,0,3,2
2202,2,3,2,1,0,0,0,0,2
2203,2,0,2,1,0,1,0,0,2
2204,2,0,2,2,0,1,0,0,2
2205,3,0,2,2,0,1,0,0,2
2206,3,0,2,2,0,2,0,0,3
2207,3,0,2,2,0,2,0,0,3
2208,0,0,2,2,1,2,0,0,3
2209,0,0,2,2,1,2,0,0,0
2210,0,0,3,2,1,2,0,0,0
2211,0,0,3,2,2,2,1,0,0
2212,0,0,3,2,2,2,1,0,0
2213,0,0,0,2,2,2,1,0,0
2214,0,0,0,3,2,2,2,0,0
2215,0,0,0,3,2,2,2,0,0
2216,0,0,0,3,2,3,2,0,0
2217,0,0,0,0,2,3,2,1,0
2218,1,1,0,0,2,3,2,1,0
2219,1,1,0,0,2,0,2,1,1
2220,1,1,0,0,2,0,2,2,1
2221,2,2,0,0,3,0,2,2,1
2222,2,2,0,0,3,0,2,2,2
2223,2,2,1,0,3,0,2,2,2
2224,2,2,1,0,0,0,3,2,2
2225,2,2,1,0,0,0,3,2,2
2226,2,2,2,0,0,0,3,2,2
2227,2,2,2,1,0,0,0,2,2
2228,2,2,2,1,0,0,0,2,2
2229,2,2,2,1,0,0,0,2,2
2230,2,2,2,2,0,0,0,3,2
2231,3,3,2,2,0,0,0,3,2
2232,3,3,2,2,0,0,0,3,3
2233,3,3,2,2,0,0,0,0,3
2234,0,0,2,2,1,0,0,0,3
2235,0,0,2,2,1,0,0,0,0
2236,0,0,3,2,1,0,0,0,0
2237,0,0,3,2,2,0,1,0,0
2238,0,0,3,2,2,0,1,0,0
2239,0,0,0,2,2,1,1,0,0
2240,0,0,0,3,2,1,2,0,0
2241,0,0,0,3,2,1,2,0,0
2242,0,0,0,3,2,2,2,0,0
2243,0,0,0,0,2,2,2,1,0
2244,1,1,0,0,2,2,2,1,0
2245,1,1,0,0,2,2,2,1,1
2246,1,1,0,0,2,2,2,2,1
2247,2,2,0,0,3,2,2,2,1
2248,2,2,0,0,3,2,2,2,2
2249,2,2,1,0,3,2,2,2,2
2250,2,2,1,0,0,2,3,2,2
2251,2,2,1,0,0,2,3,2,2
2252,2,2,2,0,0,3,3,2,2
2253,2,2,2,1,0,3,0,2,2
2254,2,2,2,1,0,3,0,2,2
2255,2,2,2,1,0,0,0,2,2
2256,2,2,2,2,0,0,0,3,2
2257,3,3,2,2,0,0,0,3,2
2258,3,3,2,2,0,0,0,3,3
2259,3,3,2,2,0,0,0,0,3
2260,0,0,2,2,0,0,0,0,3
2261,0,0,2,2,0,0,0,0,0
2262,0,0,3,2,0,0,0,0,0
2263,0,0,3,2,0,0,1,0,0
2264,0,0,3,2,0,0,1,0,0
2265,0,0,0,2,1,0,1,0,0
2266,0,0,0,3,1,0,2,0,0
2267,0,0,0,3,1,0,2,0,0
2268,0,0,0,3,2,0,2,0,0
2269,0,0,0,0,2,0,2,1,0
2270,1,0,0,0,2,0,2,1,0
2271,1,0,0,0,2,0,2,1,0
2272,1,0,0,0,2,0,2,2,0
2273,2,0,0,0,2,0,2,2,0
2274,2,0,0,0,2,0,2,2,0
2275,2,1,0,0,2,1,2,2,0
2276,2,1,0,0,2,1,3,2,1
2277,2,1,0,0,2,1,3,2,1
2278,2,2,0,0,3,2,3,2,1
2279,2,2,0,1,3,2,0,2,2
2280,2,2,1,1,3,2,0,2,2
2281,2,2,1,1,0,2,0,2,2
2282,2,2,1,2,0,2,0,3,2
2283,3,2,2,2,0,2,0,3,2
2284,3,2,2,2,0,2,0,3,2
2285,3,2,2,2,0,2,0,0,2
2286,0,2,2,2,0,2,0,0,2
2287,0,2,2,2,0,2,0,0,2
2288,0,3,2,2,0,3,0,0,2
2289,0,3,2,2,0,3,1,0,3
2290,0,3,2,2,0,3,1,0,3
2291,0,0,2,2,1,0,1,0,3
2292,0,0,2,3,1,0,2,0,0
2293,0,0,3,3,1,0,2,0,0
2294,0,0,3,3,2,0,2,0,0
2295,0,0,3,0,2,0,2,0,0
2296,1,0,0,0,2,0,2,0,0
2297,1,0,0,0,2,0,2,0,0
2298,1,0,0,0,2,0,2,0,0
2299,2,0,0,0,2,0,2,0,0
2300,2,0,0,0,2,0,2,1,0
2301,2,1,0,0,2,0,2,1,0
2302,2,1,0,0,2,0,3,1,1
2303,2,1,0,0,2,0,3,2,1
2304,2,2,0,0,3,0,3,2,1
2305,2,2,0,1,3,0,0,2,2
2306,2,2,1,1,3,0,0,2,2
2307,2,2,1,1,0,0,0,2,2
2308,2,2,1,2,0,0,0,2,2
2309,3,2,2,2,0,0,0,2,2
2310,3,2,2,2,0,0,0,2,2
2311,3,2,2,2,0,1,0,2,2
2312,0,2,2,2,0,1,0,2,2
2313,0,2,2,2,0,1,0,3,2
2314,0,3,2,2,0,2,0,3,2
2315,0,3,2,2,0,2,1,3,3
2316,0,3,2,2,0,2,1,0,3
2317,0,0,2,2,1,2,1,0,3
2318,0,0,2,3,1,2,2,0,0
2319,0,0,3,3,1,2,2,0,0
2320,0,0,3,3,2,2,2,0,0
2321,0,0,3,0,2,2,2,0,0
2322,1,0,0,0,2,2,2,0,0
2323,1,0,0,0,2,2,2,0,0
2324,1,0,0,0,2,3,2,0,0
2325,2,0,0,0,2,3,2,0,0
2326,2,0,0,0,2,3,2,1,0
2327,2,1,0,0,2,0,2,1,0
2328,2,1,0,0,2,0,3,1,1
2329,2,1,0,0,2,0,3,2,1
2330,2,2,0,0,3,0,3,2,1
2331,2,2,0,1,3,0,0,2,2
2332,2,2,1,1,3,0,0,2,2
2333,2,2,1,1,0,0,0,2,2
2334,2,2,1,2,0,0,0,2,2
2335,3,2,2,2,0,0,0,2,2
2336,3,2,2,2,0,0,0,2,2
2337,3,2,2,2,0,0,0,2,2
2338,0,2,2,2,0,0,0,2,2
2339,0,2,2,2,0,0,0,3,2
2340,0,3,2,2,0,0,0,3,2
2341,0,3,2,2,0,0,1,3,3
2342,0,3,2,2,0,0,1,0,3
2343,0,0,2,2,1,0,1,0,3
2344,0,0,2,3,1,0,2,0,0
2345,0,0,3,3,1,0,2,0,0
2346,0,0,3,3,2,0,2,0,0
2347,0,0,3,0,2,1,2,0,0
2348,1,0,0,0,2,1,2,0,0
2349,1,0,0,0,2,1,2,0,0
2350,1,0,0,0,2,2,2,0,0
2351,2,0,0,0,2,2,2,0,0
2352,2,0,0,0,2,2,2,1,0
2353,2,1,0,0,2,2,2,1,0
2354,2,1,0,0,2,2,3,1,0
2355,2,1,0,0,2,2,3,2,0
2356,2,2,0,0,3,2,3,2,0
2357,2,2,0,1,3,2,0,2,0
2358,2,2,1,1,3,2,0,2,0
2359,2,2,1,1,0,2,0,2,1
2360,2,2,1,2,0,3,0,2,1
2361,3,2,2,2,0,3,0,2,1
2362,3,2,2,2,0,3,0,2,2
2363,3,2,2,2,0,0,0,2,2
2364,0,2,2,2,0,0,0,2,2
2365,0,2,2,2,0,0,0,3,2
2366,0,3,2,2,0,0,0,3,2
2367,0,3,2,2,0,0,1,3,2
2368,0,3,2,2,0,0,1,0,2
2369,0,0,2,2,1,0,1,0,2
2370,0,0,2,3,1,0,2,0,2
2371,0,0,3,3,1,0,2,0,2
2372,0,0,3,3,2,0,2,0,3
2373,0,0,3,0,2,0,2,0,3
2374,1,0,0,0,2,0,2,0,3
2375,1,0,0,0,2,0,2,0,0
2376,1,0,0,0,2,0,2,0,0
2377,2,0,0,0,2,0,2,0,0
2378,2,0,0,0,2,1,2,0,0
2379,2,1,0,0,2,1,2,0,0
2380,2,1,0,0,2,1,3,0,0
2381,2,1,0,0,2,2,3,0,0
2382,2,2,0,0,3,2,3,0,0
2383,2,2,0,1,3,2,0,1,0
2384,2,2,1,1,3,2,0,1,0
2385,2,2,1,1,0,2,0,1,1
2386,2,2,1,2,0,2,0,2,1
2387,3,2,2,2,0,2,0,2,1
2388,3,2,2,2,0,2,0,2,2
2389,3,2,2,2,0,2,0,2,2
2390,0,2,2,2,0,2,0,2,2
2391,0,2,2,2,0,3,0,2,2
2392,0,3,2,2,0,3,0,2,2
2393,0,3,2,2,0,3,1,2,2
2394,0,3,2,2,0,0,1,2,2
2395,0,0,2,2,0,0,1,2,2
2396,0,0,2,3,0,0,2,3,2
2397,0,0,3,3,0,0,2,3,2
2398,0,0,3,3,0,0,2,3,3
2399,0,0,3,0,0,0,2,0,3
2400,1,0,0,0,1,0,2,0,3
2401,1,0,0,0,1,0,2,0,0
2402,1,0,0,0,1,0,2,0,0
2403,2,0,0,0,2,0,2,0,0
2404,2,0,0,0,2,0,2,0,0
2405,2,1,0,0,2,0,2,0,0
2406,2,1,0,0,2,0,3,0,0
2407,2,1,0,0,2,0,3,0,0
2408,2,2,0,0,2,0,3,0,0
2409,2,2,0,1,2,0,0,1,0
2410,2,2,1,1,2,0,0,1,0
2411,2,2,1,1,2,0,0,1,1
2412,2,2,1,2,2,0,0,2,1
2413,3,2,2,2,3,0,0,2,1
2414,3,2,2,2,3,0,0,2,2
2415,3,2,2,2,3,0,0,2,2
2416,0,2,2,2,0,0,0,2,2
2417,0,2,2,2,0,0,0,2,2
2418,0,3,2,2,0,0,0,2,2
2419,0,3,2,2,0,1,1,2,2
2420,0,3,2,2,0,1,1,2,2
2421,0,0,2,2,0,1,1,2,2
2422,0,0,2,3,0,2,2,3,2
2423,0,0,3,3,0,2,2,3,2
2424,0,0,3,3,0,2,2,3,3
2425,0,0,3,0,0,2,2,0,3
2426,1,0,0,0,1,2,2,0,3
2427,1,0,0,0,1,2,2,0,0
2428,1,0,0,0,1,2,2,0,0
2429,2,0,0,0,2,2,2,0,0
2430,2,0,0,0,2,2,2,0,0
2431,2,1,0,0,2,2,2,0,0
2432,2,1,0,0,2,3,3,0,0
2433,2,1,0,0,2,3,3,0,0
2434,2,2,0,0,2,3,3,0,0
2435,2,2,0,1,2,0,0,1,0
2436,2,2,1,1,2,0,0,1,0
2437,2,2,1,1,2,0,0,1,0
2438,2,2,1,2,2,0,0,2,0
2439,3,2,2,2,3,0,0,2,0
2440,3,2,2,2,3,0,0,2,0
2441,3,2,2,2,3,0,0,2,0
2442,0,2,2,2,0,0,0,2,1
2443,0,2,2,2,0,0,0,2,1
2444,0,3,2,2,0,0,0,2,1
2445,0,3,2,2,0,0,1,2,2
2446,0,3,2,2,0,0,1,2,2
2447,0,0,2,2,0,0,1,2,2
2448,0,0,2,3,0,0,2,3,2
2449,0,0,3,3,0,0,2,3,2
2450,0,0,3,3,0,0,2,3,2
2451,0,0,3,0,0,0,2,0,2
2452,1,0,0,0,1,0,2,0,2
2453,1,0,0,0,1,0,2,0,2
2454,1,0,0,0,1,0,2,0,2
2455,2,0,0,0,2,1,2,0,3
2456,2,0,0,0,2,1,2,0,3
2457,2,0,0,0,2,1,2,0,3
2458,2,0,0,0,2,2,3,0,0
2459,2,0,0,0,2,2,3,0,0
2460,2,0,0,0,2,2,3,0,0
2461,2,0,0,1,2,2,0,1,0
2462,2,1,1,1,2,2,0,1,0
2463,2,1,1,1,2,2,0,1,0
2464,2,1,1,2,2,2,0,2,0
2465,3,2,2,2,3,2,0,2,0
2466,3,2,2,2,3,2,0,2,0
2467,3,2,2,2,3,2,0,2,0
2468,0,2,2,2,0,3,0,2,1
2469,0,2,2,2,0,3,0,2,1
2470,0,2,2,2,0,3,0,2,1
2471,0,2,2,2,0,0,1,2,2
2472,0,2,2,2,0,0,1,2,2
2473,0,2,2,2,0,0,1,2,2
2474,0,2,2,3,0,0,2,3,2
2475,0,3,3,3,0,0,2,3,2
2476,0,3,3,3,0,0,2,3,2
2477,0,3,3,0,0,0,2,0,2
2478,1,0,0,0,1,0,2,0,2
2479,1,0,0,0,1,0,2,0,2
2480,1,0,0,0,1,0,2,0,2
2481,2,0,0,0,2,0,2,0,3
2482,2,0,0,0,2,0,2,0,3
2483,2,0,0,0,2,0,2,0,3
2484,2,0,0,0,2,0,3,0,0
2485,2,0,0,0,2,0,3,0,0
2486,2,0,0,0,2,0,3,0,0
2487,2,0,0,1,2,0,0,1,0
2488,2,1,1,1,2,0,0,1,0
2489,2,1,1,1,2,0,0,1,0
2490,2,1,1,2,2,0,0,2,0
2491,3,2,2,2,3,1,0,2,0
2492,3,2,2,2,3,1,0,2,0
2493,3,2,2,2,3,1,0,2,0
2494,0,2,2,2,0,2,0,2,1
2495,0,2,2,2,0,2,0,2,1
2496,0,2,2,2,0,2,0,2,1
2497,0,2,2,2,0,2,1,2,2
2498,0,2,2,2,0,2,1,2,2
2499,0,2,2,2,0,2,1,2,2
2500,0,2,2,3,0,2,2,3,2
2501,0,3,3,3,0,2,2,3,2
2502,0,3,3,3,0,2,2,3,2
2503,0,3,3,0,0,2,2,0,2
2504,1,0,0,0,1,3,2,0,2
2505,1,0,0,0,1,3,2,0,2
2506,1,0,0,0,1,3,2,0,2
2507,2,0,0,0,2,0,2,0,3
2508,2,0,0,0,2,0,2,0,3
2509,2,0,0,0,2,0,2,0,3
2510,2,0,0,0,2,0,3,0,0
2511,2,0,0,0,2,0,3,0,0
2512,2,0,0,0,2,0,3,0,0
2513,2,0,0,1,2,0,0,0,0
2514,2,1,1,1,2,0,0,0,0
2515,2,1,1,1,2,0,0,0,0
2516,2,1,1,2,2,0,0,0,0
2517,3,2,2,2,3,0,0,0,0
2518,3,2,2,2,3,0,0,1,0
2519,3,2,2,2,3,0,0,1,0
2520,0,2,2,2,0,0,0,1,0
2521,0,2,2,2,0,0,0,2,0
2522,0,2,2,2,0,0,0,2,0
2523,0,2,2,2,0,0,1,2,0
2524,0,2,2,2,0,0,1,2,0
2525,0,2,2,2,0,0,1,2,1
2526,0,2,2,3,0,0,2,2,1
2527,0,3,3,3,0,1,2,2,1
2528,0,3,3,3,0,1,2,2,2
2529,0,3,3,0,0,1,2,2,2
2530,1,0,0,0,1,2,2,2,2
2531,1,0,0,0,1,2,2,3,2
2532,1,0,0,0,1,2,2,3,2
2533,2,0,0,0,2,2,2,3,2
2534,2,0,0,0,2,2,2,0,2
2535,2,0,0,0,2,2,2,0,2
2536,2,0,0,0,2,2,3,0,2
2537,2,0,0,0,2,2,3,0,2
2538,2,0,0,0,2,2,3,0,3
2539,2,0,0,1,2,2,0,0,3
2540,2,1,1,1,2,3,0,0,3
2541,2,1,1,1,2,3,0,0,0
2542,2,1,1,2,2,3,0,0,0
2543,3,2,2,2,3,0,0,0,0
2544,3,2,2,2,3,0,0,1,0
2545,3,2,2,2,3,0,0,1,0
2546,0,2,2,2,0,0,0,1,0
2547,0,2,2,2,0,0,0,2,0
2548,0,2,2,2,0,0,0,2,0
2549,0,2,2,2,0,0,1,2,0
2550,0,2,2,2,0,0,1,2,0
2551,0,2,2,2,0,0,1,2,0
2552,0,2,2,3,0,0,2,2,0
2553,0,3,3,3,0,0,2,2,0
2554,0,3,3,3,0,0,2,2,0
2555,0,3,3,0,0,0,2,2,0
2556,1,0,0,0,1,0,2,2,1
2557,1,0,0,0,1,0,2,3,1
2558,1,0,0,0,1,0,2,3,1
2559,2,0,0,0,2,0,2,3,2
2560,2,0,0,0,2,0,2,0,2
2561,2,0,0,0,2,0,2,0,2
2562,2,0,0,0,2,0,3,0,2
2563,2,0,0,0,2,1,3,0,2
2564,2,0,0,0,2,1,3,0,2
2565,2,0,0,1,2,1,0,0,2
2566,2,1,1,1,2,2,0,0,2
2567,2,1,1,1,2,2,0,0,2
2568,2,1,1,2,2,2,0,0,2
2569,3,2,2,2,3,2,0,0,3
2570,3,2,2,2,3,2,0,1,3
2571,3,2,2,2,3,2,0,1,3
2572,0,2,2,2,0,2,0,1,0
2573,0,2,2,2,0,2,0,2,0
2574,0,2,2,2,0,2,0,2,0
2575,0,2,2,2,0,2,1,2,0
2576,0,2,2,2,0,3,1,2,0
2577,0,2,2,2,0,3,1,2,0
2578,0,2,2,3,0,3,2,2,0
2579,0,3,3,3,0,0,2,2,0
2580,0,3,3,3,0,0,2,2,0
2581,0,3,3,0,0,0,2,2,0
2582,1,0,0,0,1,0,2,2,1
2583,1,0,0,0,1,0,2,3,1
2584,1,0,0,0,1,0,2,3,1
2585,2,0,0,0,2,0,2,3,2
2586,2,0,0,0,2,0,2,0,2
2587,2,0,0,0,2,0,2,0,2
2588,2,0,0,0,2,0,3,0,2
2589,2,0,0,0,2,0,3,0,2
2590,2,0,0,0,2,0,3,0,2
2591,2,0,0,1,2,0,0,0,2
2592,2,1,1,1,2,0,0,0,2
2593,2,1,1,1,2,0,0,0,2
2594,2,1,1,2,2,0,0,0,2
2595,3,2,2,2,3,0,0,0,3
2596,3,2,2,2,3,0,0,1,3
2597,3,2,2,2,3,0,0,1,3
2598,0,2,2,2,0,0,0,1,0
2599,0,2,2,2,0,1,0,2,0
2600,0,2,2,2,0,1,0,2,0
2601,0,2,2,2,0,1,1,2,0
2602,0,2,2,2,0,2,1,2,0
2603,0,2,2,2,0,2,1,2,0
2604,0,2,2,3,0,2,2,2,0
2605,0,3,3,3,0,2,2,2,0
2606,0,3,3,3,0,2,2,2,0
2607,0,3,3,0,0,2,2,2,0
2608,1,0,0,0,1,2,2,2,0
2609,1,0,0,0,1,2,2,3,0
2610,1,0,0,0,1,2,2,3,0
2611,2,0,0,0,2,2,2,3,0
2612,2,0,0,0,2,3,2,0,0
2613,2,0,0,0,2,3,2,0,1
2614,2,0,0,0,2,3,3,0,1
2615,2,0,0,0,2,0,3,0,1
2616,2,0,0,0,2,0,3,0,2
2617,2,0,0,1,2,0,0,0,2
2618,2,1,1,1,2,0,0,0,2
2619,2,1,1,1,2,0,0,0,2
2620,2,1,1,2,2,0,0,0,2
2621,3,2,2,2,3,0,0,0,2
2622,3,2,2,2,3,0,0,1,2
2623,3,2,2,2,3,0,0,1,2
2624,0,2,2,2,0,0,0,1,2
2625,0,2,2,2,0,0,0,2,2
2626,0,2,2,2,0,0,0,2,3
2627,0,2,2,2,0,0,1,2,3
2628,0,2,2,2,0,0,1,2,3
2629,0,2,2,2,0,0,1,2,0
2630,0,2,2,3,0,1,2,2,0
2631,0,3,3,3,0,1,2,2,0
2632,0,3,3,3,0,1,2,2,0
2633,0,3,3,0,0,2,2,2,0
2634,1,0,0,0,1,2,2,2,0
2635,1,0,0,0,1,2,2,3,0
2636,1,0,0,0,1,2,2,3,0
2637,2,0,0,0,2,2,2,3,0
2638,2,0,0,0,2,2,2,0,0
2639,2,0,0,0,2,2,2,0,1
2640,2,0,0,0,2,2,3,0,1
2641,2,0,0,0,2,2,3,0,1
2642,2,0,0,0,2,2,3,0,2
2643,2,0,0,1,2,3,0,0,2
2644,2,1,1,1,2,3,0,0,2
2645,2,1,1,1,2,3,0,0,2
2646,2,1,1,2,2,0,0,0,2
2647,3,2,2,2,3,0,0,0,2
2648,3,2,2,2,3,0,0,1,2
2649,3,2,2,2,3,0,0,1,2
2650,0,2,2,2,0,0,0,1,2
2651,0,2,2,2,0,0,0,2,2
2652,0,2,2,2,0,0,0,2,3
2653,0,2,2,2,0,0,1,2,3
2654,0,2,2,2,0,0,1,2,3
2655,0,2,2,2,0,0,1,2,0
2656,0,2,2,3,0,0,2,2,0
2657,0,3,3,3,0,0,2,2,0
2658,0,3,3,3,0,0,2,2,0
2659,0,3,3,0,0,0,2,2,0
2660,1,0,0,0,1,0,2,2,0
2661,1,0,0,0,1,0,2,3,0
2662,1,0,0,0,1,0,2,3,0
2663,2,0,0,0,2,0,2,3,0
2664,2,0,0,0,2,0,2,0,0
2665,2,0,0,0,2,0,2,0,1
2666,2,0,0,0,2,1,3,0,1
2667,2,0,0,0,2,1,3,0,1
2668,2,0,0,0,2,1,3,0,2
2669,2,0,0,1,2,2,0,0,2
2670,2,1,1,1,2,2,0,0,2
2671,2,1,1,1,2,2,0,0,2
2672,2,1,1,2,2,2,0,0,2
2673,3,2,2,2,3,2,0,0,2
2674,3,2,2,2,3,2,0,1,2
2675,3,2,2,2,3,2,0,1,2
2676,0,2,2,2,0,2,0,1,2
2677,0,2,2,2,0,2,0,2,2
2678,0,2,2,2,0,2,0,2,3
2679,0,2,2,2,0,3,1,2,3
2680,0,2,2,2,0,3,1,2,3
2681,0,2,2,2,0,3,1,2,0
2682,0,2,2,3,0,0,2,2,0
2683,0,3,3,3,0,0,2,2,0
2684,0,3,3,3,0,0,2,2,0
2685,0,3,3,0,0,0,2,2,0
2686,1,0,0,0,1,0,2,2,0
2687,1,0,0,0,1,0,2,3,0
2688,1,0,0,0,1,0,2,3,0
2689,2,0,0,0,2,0,2,3,0
2690,2,0,0,0,2,0,2,0,0
2691,2,0,0,0,2,0,2,0,0
2692,2,0,0,0,2,0,3,0,0
2693,2,0,0,0,2,0,3,0,0
2694,2,0,0,0,2,0,3,0,0
2695,2,0,0,1,2,0,0,0,0
2696,2,1,0,1,2,0,0,0,1
2697,2,1,0,1,2,0,0,0,1
2698,2,1,0,2,2,0,0,0,1
2699,3,2,0,2,3,0,0,0,2
2700,3,2,0,2,3,0,0,1,2
2701,3,2,1,2,3,0,0,1,2
2702,0,2,1,2,0,1,0,1,2
2703,0,2,1,2,0,1,0,2,2
2704,0,2,2,2,0,1,0,2,2
2705,0,2,2,2,0,2,1,2,2
2706,0,2,2,2,0,2,1,2,2
2707,0,2,2,2,0,2,1,2,2
2708,0,2,2,3,0,2,2,2,2
2709,0,3,2,3,0,2,2,2,3
2710,0,3,2,3,0,2,2,2,3
2711,0,3,2,0,0,2,2,2,3
2712,0,0,2,0,1,2,2,2,0
2713,0,0,2,0,1,2,2,3,0
2714,0,0,3,0,1,2,2,3,0
2715,0,0,3,0,2,3,2,3,0
2716,0,0,3,0,2,3,2,0,0
2717,1,0,0,0,2,3,2,0,0
2718,1,0,0,0,2,0,3,0,0
2719,1,0,0,0,2,0,3,0,0
2720,2,0,0,0,2,0,3,0,0
2721,2,0,0,1,2,0,0,0,0
2722,2,1,0,1,2,0,0,0,1
2723,2,1,0,1,2,0,0,0,1
2724,2,1,0,2,2,0,0,0,1
2725,2,2,0,2,3,0,0,0,2
2726,2,2,0,2,3,0,0,1,2
2727,2,2,1,2,3,0,0,1,2
2728,2,2,1,2,0,0,0,1,2
2729,2,2,1,2,0,0,0,2,2
2730,3,2,2,2,0,0,0,2,2
2731,3,2,2,2,0,0,1,2,2
2732,3,2,2,2,0,0,1,2,2
2733,0,2,2,2,0,0,1,2,2
2734,0,2,2,3,0,0,2,2,2
2735,0,3,2,3,0,0,2,2,3
2736,0,3,2,3,0,0,2,2,3
2737,0,3,2,0,0,0,2,2,3
2738,0,0,2,0,1,1,2,2,0
2739,0,0,2,0,1,1,2,3,0
2740,0,0,3,0,1,1,2,3,0
2741,0,0,3,0,2,2,2,3,0
2742,0,0,3,0,2,2,2,0,0
2743,1,0,0,0,2,2,2,0,0
2744,1,0,0,0,2,2,3,0,0
2745,1,0,0,0,2,2,3,0,0
2746,2,0,0,0,2,2,3,0,0
2747,2,0,0,0,2,2,0,0,0
2748,2,1,0,0,2,2,0,0,1
2749,2,1,0,0,2,2,0,0,1
2750,2,1,0,0,2,2,0,0,1
2751,2,2,0,0,3,3,0,0,2
2752,2,2,0,1,3,3,0,1,2
2753,2,2,1,1,3,3,0,1,2
2754,2,2,1,1,0,0,0,1,2
2755,2,2,1,2,0,0,0,2,2
2756,3,2,2,2,0,0,0,2,2
2757,3,2,2,2,0,0,1,2,2
2758,3,2,2,2,0,0,1,2,2
2759,0,2,2,2,0,0,1,2,2
2760,0,2,2,2,0,0,2,2,2
2761,0,3,2,2,0,0,2,2,3
2762,0,3,2,2,0,0,2,2,3
2763,0,3,2,2,0,0,2,2,3
2764,0,0,2,2,1,0,2,2,0
2765,0,0,2,3,1,0,2,3,0
2766,0,0,3,3,1,0,2,3,0
2767,0,0,3,3,2,0,2,3,0
2768,0,0,3,0,2,0,2,0,0
2769,1,0,0,0,2,1,2,0,0
2770,1,0,0,0,2,1,3,0,0
2771,1,0,0,0,2,1,3,0,0
2772,2,0,0,0,2,2,3,0,0
2773,2,0,0,0,2,2,0,0,0
2774,2,1,0,0,2,2,0,0,1
2775,2,1,0,0,2,2,0,0,1
2776,2,1,0,0,2,2,0,0,1
2777,2,2,0,0,3,2,0,0,2
2778,2,2,0,1,3,2,0,0,2
2779,2,2,1,1,3,2,0,0,2
2780,2,2,1,1,0,2,0,0,2
2781,2,2,1,2,0,2,0,0,2
2782,3,2,2,2,0,3,0,0,2
2783,3,2,2,2,0,3,1,1,2
2784,3,2,2,2,0,3,1,1,2
2785,0,2,2,2,0,0,1,1,2
2786,0,2,2,2,0,0,2,2,2
2787,0,3,2,2,0,0,2,2,3
2788,0,3,2,2,0,0,2,2,3
2789,0,3,2,2,0,0,2,2,3
2790,0,0,2,2,1,0,2,2,0
2791,0,0,2,3,1,0,2,2,0
2792,0,0,3,3,1,0,2,2,0
2793,0,0,3,3,2,0,2,2,0
2794,0,0,3,0,2,0,2,2,0
2795,1,0,0,0,2,0,2,2,0
2796,1,0,0,0,2,0,3,3,0
2797,1,0,0,0,2,0,3,3,0
2798,2,0,0,0,2,0,3,3,0
2799,2,0,0,0,2,0,0,0,0
2800,2,1,0,0,2,0,0,0,0
2801,2,1,0,0,2,0,0,0,0
2802,2,1,0,0,2,0,0,0,0
2803,2,2,0,0,3,0,0,0,0
2804,2,2,0,1,3,0,0,0,0
2805,2,2,1,1,3,0,0,0,1
2806,2,2,1,1,0,0,0,0,1
2807,2,2,1,2,0,0,0,0,1
2808,3,2,2,2,0,0,0,0,2
2809,3,2,2,2,0,0,1,1,2
2810,3,2,2,2,0,1,1,1,2
2811,0,2,2,2,0,1,1,1,2
2812,0,2,2,2,0,1,2,2,2
2813,0,3,2,2,0,2,2,2,2
2814,0,3,2,2,0,2,2,2,2
2815,0,3,2,2,0,2,2,2,2
2816,0,0,2,2,1,2,2,2,2
2817,0,0,2,3,1,2,2,2,2
2818,0,0,3,3,1,2,2,2,3
2819,0,0,3,3,2,2,2,2,3
2820,0,0,3,0,2,2,2,2,3
2821,1,0,0,0,2,2,2,2,0
2822,1,0,0,0,2,2,3,3,0
2823,1,0,0,0,2,3,3,3,0
2824,2,0,0,0,2,3,3,3,0
2825,2,0,0,0,2,3,0,0,0
2826,2,1,0,0,2,0,0,0,0
2827,2,1,0,0,2,0,0,0,0
2828,2,1,0,0,2,0,0,0,0
2829,2,2,0,0,3,0,0,0,0
2830,2,2,0,1,3,0,0,0,0
2831,2,2,1,1,3,0,0,0,0
2832,2,2,1,1,0,0,0,0,0
2833,2,2,1,2,0,0,0,0,0
2834,3,2,2,2,0,0,0,0,0
2835,3,2,2,2,0,0,1,1,0
2836,3,2,2,2,0,0,1,1,1
2837,0,2,2,2,0,0,1,1,1
2838,0,2,2,2,0,0,2,2,1
2839,0,3,2,2,0,0,2,2,2
2840,0,3,2,2,0,0,2,2,2
2841,0,3,2,2,0,1,2,2,2
2842,0,0,2,2,1,1,2,2,2
2843,0,0,2,3,1,1,2,2,2
2844,0,0,3,3,1,2,2,2,2
2845,0,0,3,3,2,2,2,2,2
2846,0,0,3,0,2,2,2,2,2
2847,1,0,0,0,2,2,2,2,2
2848,1,0,0,0,2,2,3,3,2
2849,1,0,0,0,2,2,3,3,3
2850,2,0,0,0,2,2,3,3,3
2851,2,0,0,0,2,2,0,0,3
2852,2,1,0,0,2,2,0,0,0
2853,2,1,0,0,2,2,0,0,0
2854,2,1,0,0,2,3,0,0,0
2855,2,2,0,0,3,3,0,0,0
2856,2,2,0,1,3,3,0,0,0
2857,2,2,1,1,3,0,0,0,0
2858,2,2,1,1,0,0,0,0,0
2859,2,2,1,2,0,0,0,0,0
2860,3,2,2,2,0,0,0,0,0
2861,3,2,2,2,0,0,1,1,0
2862,3,2,2,2,0,0,1,1,1
2863,0,2,2,2,0,0,1,1,1
2864,0,2,2,2,0,0,2,2,1
2865,0,3,2,2,0,0,2,2,2
2866,0,3,2,2,0,0,2,2,2
2867,0,3,2,2,0,0,2,2,2
2868,0,0,2,2,1,0,2,2,2
2869,0,0,2,3,1,0,2,2,2
2870,0,0,3,3,1,0,2,2,2
2871,0,0,3,3,2,0,2,2,2
2872,0,0,3,0,2,1,2,2,2
2873,1,0,0,0,2,1,2,2,2
2874,1,0,0,0,2,1,3,3,2
2875,1,0,0,0,2,2,3,3,3
2876,2,0,0,0,2,2,3,3,3
2877,2,0,0,0,2,2,0,0,3
2878,2,1,0,0,2,2,0,0,0
2879,2,1,0,0,2,2,0,0,0
2880,2,1,0,0,2,2,0,0,0
2881,2,2,0,0,3,2,0,0,0
2882,2,2,0,1,3,2,0,0,0
2883,2,2,1,1,3,2,0,0,0
2884,2,2,1,1,0,2,0,0,0
2885,2,2,1,2,0,3,0,0,0
2886,3,2,2,2,0,3,0,0,0
2887,3,2,2,2,0,3,1,1,0
2888,3,2,2,2,0,0,1,1,1
2889,0,2,2,2,0,0,1,1,1
2890,0,2,2,2,0,0,2,2,1
2891,0,3,2,2,0,0,2,2,2
2892,0,3,2,2,0,0,2,2,2
2893,0,3,2,2,0,0,2,2,2
2894,0,0,2,2,1,0,2,2,2
2895,0,0,2,3,1,0,2,2,2
2896,0,0,3,3,1,0,2,2,2
2897,0,0,3,3,2,0,2,2,2
2898,0,0,3,0,2,0,2,2,2
2899,1,0,0,0,2,0,2,2,2
2900,1,0,0,0,2,0,3,3,2
2901,1,0,0,0,2,0,3,3,3
2902,2,0,0,0,2,0,3,3,3
2903,2,0,0,0,2,1,0,0,3
2904,2,1,0,0,2,1,0,0,0
2905,2,1,0,0,2,1,0,0,0
2906,2,1,0,0,2,2,0,0,0
2907,2,2,0,0,3,2,0,0,0
2908,2,2,0,1,3,2,0,0,0
2909,2,2,1,1,3,2,0,0,0
2910,2,2,1,1,0,2,0,0,0
2911,2,2,1,2,0,2,0,0,0
2912,3,2,2,2,0,2,0,0,0
2913,3,2,2,2,0,2,1,1,0
2914,3,2,2,2,0,2,1,1,0
2915,0,2,2,2,0,2,1,1,0
2916,0,2,2,2,0,3,2,2,0
2917,0,3,2,2,0,3,2,2,0
2918,0,3,2,2,0,3,2,2,0
2919,0,3,2,2,0,0,2,2,1
2920,0,0,2,2,1,0,2,2,1
2921,0,0,2,3,1,0,2,2,1
2922,0,0,3,3,1,0,2,2,2
2923,0,0,3,3,2,0,2,2,2
2924,0,0,3,0,2,0,2,2,2
2925,1,0,0,0,2,0,2,2,2
2926,1,0,0,0,2,0,3,3,2
2927,1,0,0,0,2,0,3,3,2
2928,2,0,0,0,2,0,3,3,2
2929,2,0,0,0,2,0,0,0,2
2930,2,1,0,0,2,0,0,0,2
2931,2,1,0,0,2,0,0,0,2
2932,2,1,0,0,2,0,0,0,3
2933,2,2,0,0,3,0,0,0,3
2934,2,2,0,1,3,0,0,0,3
2935,2,2,0,1,3,0,0,0,0
2936,2,2,0,1,0,0,0,0,0
2937,2,2,0,2,0,0,0,0,0
2938,3,2,0,2,0,0,0,0,0
2939,3,2,0,2,0,0,1,1,0
2940,3,2,1,2,0,0,1,1,0
2941,0,2,1,2,0,0,1,1,0
2942,0,2,1,2,0,0,2,2,0
2943,0,3,2,2,0,0,2,2,0
2944,0,3,2,2,0,1,2,2,0
2945,0,3,2,2,0,1,2,2,1
2946,0,0,2,2,1,1,2,2,1
2947,0,0,2,3,1,2,2,2,1
2948,0,0,2,3,1,2,2,2,2
2949,0,0,2,3,2,2,2,2,2
2950,0,0,2,0,2,2,2,2,2
2951,1,0,2,0,2,2,2,2,2
2952,1,0,2,0,2,2,3,3,2
2953,1,0,3,0,2,2,3,3,2
2954,2,0,3,0,2,2,3,3,2
2955,2,0,3,0,2,2,0,0,2
2956,2,1,0,0,2,2,0,0,2
2957,2,1,0,0,2,3,0,0,2
2958,2,1,0,0,2,3,0,0,3
2959,2,2,0,0,3,3,0,0,3
2960,2,2,0,1,3,0,0,0,3
2961,2,2,0,1,3,0,0,0,0
2962,2,2,0,1,0,0,0,0,0
2963,2,2,0,2,0,0,0,0,0
2964,3,2,0,2,0,0,0,0,0
2965,3,2,0,2,0,0,1,1,0
2966,3,2,1,2,0,0,1,1,0
2967,0,2,1,2,0,0,1,1,0
2968,0,2,1,2,0,0,2,2,0
2969,0,3,2,2,0,0,2,2,0
2970,0,3,2,2,0,0,2,2,0
2971,0,3,2,2,0,0,2,2,0
2972,0,0,2,2,1,0,2,2,0
2973,0,0,2,3,1,0,2,2,0
2974,0,0,2,3,1,0,2,2,0
2975,0,0,2,3,2,0,2,2,0
2976,0,0,2,0,2,0,2,2,1
2977,1,0,2,0,2,0,2,2,1
2978,1,0,2,0,2,0,3,3,1
2979,1,0,3,0,2,0,3,3,2
2980,2,0,3,0,2,1,3,3,2
2981,2,0,3,0,2,1,0,0,2
2982,2,1,0,0,2,1,0,0,2
2983,2,1,0,0,2,2,0,0,2
2984,2,1,0,0,2,2,0,0,2
2985,2,2,0,0,3,2,0,0,2
2986,2,2,0,1,3,2,0,0,2
2987,2,2,0,1,3,2,0,0,2
2988,2,2,0,1,0,2,0,0,2
2989,2,2,0,2,0,2,0,0,3
2990,3,2,0,2,0,2,0,0,3
2991,3,2,0,2,0,2,0,0,3
2992,3,2,1,2,0,2,0,0,0
2993,0,2,1,2,0,3,0,0,0
2994,0,2,1,2,0,3,0,0,0
2995,0,3,2,2,0,3,0,0,0
2996,0,3,2,2,0,0,1,1,0
2997,0,3,2,2,0,0,1,1,0
2998,0,0,2,2,0,0,1,1,0
2999,0,0,2,3,0,0,2,2,0
3000,0,0,2,3,0,0,2,2,0
3001,0,0,2,3,0,0,2,2,0
3002,0,0,2,0,0,0,2,2,1
3003,1,0,2,0,1,0,2,2,1
3004,1,0,2,0,1,0,2,2,1
3005,1,0,3,0,1,0,2,2,2
3006,2,0,3,0,2,0,2,2,2
3007,2,0,3,0,2,0,2,2,2
3008,2,1,0,0,2,0,2,2,2
3009,2,1,0,0,2,0,3,3,2
3010,2,1,0,0,2,0,3,3,2
3011,2,2,0,0,2,1,3,3,2
3012,2,2,0,1,2,1,0,0,2
3013,2,2,0,1,2,1,0,0,2
3014,2,2,0,1,2,2,0,0,2
3015,2,2,0,2,2,2,0,0,3
3016,3,2,0,2,3,2,0,0,3
3017,3,2,0,2,3,2,0,0,3
3018,3,2,1,2,3,2,0,0,0
3019,0,2,1,2,0,2,0,0,0
3020,0,2,1,2,0,2,0,0,0
3021,0,3,2,2,0,2,0,0,0
3022,0,3,2,2,0,2,1,1,0
3023,0,3,2,2,0,2,1,1,0
3024,0,0,2,2,0,3,1,1,0
3025,0,0,2,3,0,3,2,2,0
3026,0,0,2,3,0,3,2,2,0
3027,0,0,2,3,0,0,2,2,0
3028,0,0,2,0,0,0,2,2,1
3029,1,0,2,0,1,0,2,2,1
3030,1,0,2,0,1,0,2,2,1
3031,1,0,3,0,1,0,2,2,2
3032,2,0,3,0,2,0,2,2,2
3033,2,0,3,0,2,0,2,2,2
3034,2,1,0,0,2,0,2,2,2
3035,2,1,0,0,2,0,3,3,2
3036,2,1,0,0,2,0,3,3,2
3037,2,2,0,0,2,0,3,3,2
3038,2,2,0,1,2,0,0,0,2
3039,2,2,0,1,2,0,0,0,2
3040,2,2,0,1,2,0,0,0,2
3041,2,2,0,2,2,0,0,0,3
3042,3,2,0,2,3,0,0,0,3
3043,3,2,0,2,3,0,0,0,3
3044,3,2,1,2,3,0,0,0,0
3045,0,2,1,2,0,0,0,0,0
3046,0,2,1,2,0,0,0,0,0
3047,0,3,2,2,0,0,0,0,0
3048,0,3,2,2,0,0,1,1,0
3049,0,3,2,2,0,0,1,1,0
3050,0,0,2,2,0,0,1,1,0
3051,0,0,2,3,0,0,2,2,0
3052,0,0,2,3,0,1,2,2,0
3053,0,0,2,3,0,1,2,2,0
3054,0,0,2,0,0,1,2,2,1
3055,0,0,2,0,1,2,2,2,1
3056,0,0,2,0,1,2,2,2,1
3057,0,0,3,0,1,2,2,2,2
3058,0,0,3,0,2,2,2,2,2
3059,0,0,3,0,2,2,2,2,2
3060,1,1,0,0,2,2,2,2,2
3061,1,1,0,0,2,2,3,3,2
3062,1,1,0,0,2,2,3,3,2
3063,2,2,0,0,2,2,3,3,2
3064,2,2,0,1,2,2,0,0,2
3065,2,2,0,1,2,3,0,0,2
3066,2,2,0,1,2,3,0,0,2
3067,2,2,0,2,2,3,0,0,3
3068,2,2,0,2,3,0,0,0,3
3069,2,2,0,2,3,0,0,0,3
3070,2,2,1,2,3,0,0,0,0
3071,2,2,1,2,0,0,0,0,0
3072,2,2,1,2,0,0,0,0,0
3073,3,3,2,2,0,0,0,0,0
3074,3,3,2,2,0,0,1,1,0
3075,3,3,2,2,0,0,1,1,0
3076,0,0,2,2,0,0,1,1,0
3077,0,0,2,3,0,0,2,2,0
3078,0,0,2,3,0,0,2,2,0
3079,0,0,2,3,0,0,2,2,0
3080,0,0,2,0,0,0,2,2,1
3081,0,0,2,0,1,0,2,2,1
3082,0,0,2,0,1,0,2,2,1
3083,0,0,3,0,1,1,2,2,2
3084,0,0,3,0,2,1,2,2,2
3085,0,0,3,0,2,1,2,2,2
3086,1,1,0,0,2,2,2,2,2
3087,1,1,0,0,2,2,3,3,2
3088,1,1,0,0,2,2,3,3,2
3089,2,2,0,0,2,2,3,3,2
3090,2,2,0,1,2,2,0,0,2
3091,2,2,0,1,2,2,0,0,2
3092,2,2,0,1,2,2,0,0,2
3093,2,2,0,2,2,2,0,0,3
3094,2,2,0,2,3,2,0,0,3
3095,2,2,0,2,3,2,0,0,3
3096,2,2,1,2,3,3,0,0,0
3097,2,2,1,2,0,3,0,0,0
3098,2,2,1,2,0,3,0,0,0
3099,3,3,2,2,0,0,0,0,0
3100,3,3,2,2,0,0,1,1,0
3101,3,3,2,2,0,0,1,1,0
3102,0,0,2,2,0,0,1,1,0
3103,0,0,2,3,0,0,2,2,0
3104,0,0,2,3,0,0,2,2,0
3105,0,0,2,3,0,0,2,2,0
3106,0,0,2,0,0,0,2,2,1
3107,0,0,2,0,1,0,2,2,1
3108,0,0,2,0,1,0,2,2,1
3109,0,0,3,0,1,0,2,2,2
3110,0,0,3,0,2,0,2,2,2
3111,0,0,3,0,2,0,2,2,2
3112,1,1,0,0,2,0,2,2,2
3113,1,1,0,0,2,0,3,3,2
3114,1,1,0,0,2,0,3,3,2
3115,2,2,0,0,2,0,3,3,2
3116,2,2,0,1,2,0,0,0,2
3117,2,2,0,1,2,0,0,0,2
3118,2,2,0,1,2,0,0,0,2
3119,2,2,0,2,2,1,0,0,3
3120,2,2,0,2,3,1,0,0,3
3121,2,2,0,2,3,1,0,0,3
3122,2,2,1,2,3,2,0,0,0
3123,2,2,1,2,0,2,0,0,0
3124,2,2,1,2,0,2,0,0,0
3125,3,3,2,2,0,2,0,0,0
3126,3,3,2,2,0,2,1,1,0
3127,3,3,2,2,0,2,1,1,0
3128,0,0,2,2,0,2,1,1,0
3129,0,0,2,3,0,2,2,2,0
3130,0,0,2,3,0,2,2,2,0
3131,0,0,2,3,0,2,2,2,0
3132,0,0,2,0,0,3,2,2,0
3133,0,0,2,0,1,3,2,2,0
3134,0,0,2,0,1,3,2,2,0
3135,0,0,3,0,1,0,2,2,0
3136,0,0,3,0,2,0,2,2,0
3137,0,0,3,0,2,0,2,2,1
3138,1,0,0,0,2,0,2,2,1
3139,1,0,0,0,2,0,3,3,1
3140,1,0,0,0,2,0,3,3,2
3141,2,0,0,0,2,0,3,3,2
3142,2,0,0,1,2,0,0,0,2
3143,2,1,0,1,2,0,0,0,2
3144,2,1,0,1,2,0,0,0,2
3145,2,1,0,2,2,0,0,0,2
3146,2,2,0,2,3,0,0,0,2
3147,2,2,0,2,3,0,0,0,2
3148,2,2,1,2,3,0,0,0,2
3149,2,2,1,2,0,0,0,0,2
3150,2,2,1,2,0,0,0,0,3
3151,3,2,2,2,0,0,0,0,3
3152,3,2,2,2,0,0,1,0,3
3153,3,2,2,2,0,0,1,0,0
3154,0,2,2,2,0,0,1,0,0
3155,0,2,2,3,0,1,2,0,0
3156,0,3,2,3,0,1,2,0,0
3157,0,3,2,3,0,1,2,0,0
3158,0,3,2,0,0,2,2,0,0
3159,0,0,2,0,1,2,2,0,0
3160,0,0,2,0,1,2,2,0,0
3161,0,0,3,0,1,2,2,0,0
3162,0,0,3,0,2,2,2,1,0
3163,0,0,3,0,2,2,2,1,1
3164,1,0,0,0,2,2,2,1,1
3165,1,0,0,0,2,2,3,2,1
3166,1,0,0,0,2,2,3,2,2
3167,2,0,0,0,2,2,3,2,2
3168,2,0,0,1,2,3,0,2,2
3169,2,1,0,1,2,3,0,2,2
3170,2,1,0,1,2,3,0,2,2
3171,2,1,0,2,2,0,0,2,2
3172,2,2,0,2,3,0,0,2,2
3173,2,2,0,2,3,0,0,2,2
3174,2,2,1,2,3,0,0,2,2
3175,2,2,1,2,0,0,0,3,2
3176,2,2,1,2,0,0,0,3,3
3177,3,2,2,2,0,0,0,3,3
3178,3,2,2,2,0,0,1,0,3
3179,3,2,2,2,0,0,1,0,0
3180,0,2,2,2,0,0,1,0,0
3181,0,2,2,3,0,0,2,0,0
3182,0,3,2,3,0,0,2,0,0
3183,0,3,2,3,0,0,2,0,0
3184,0,3,2,0,0,0,2,0,0
3185,0,0,2,0,1,0,2,0,0
3186,0,0,2,0,1,1,2,0,0
3187,0,0,3,0,1,1,2,0,0
3188,0,0,3,0,2,1,2,1,0
3189,0,0,3,0,2,2,2,1,1
3190,0,0,0,0,2,2,2,1,1
3191,0,0,0,0,2,2,3,2,1
3192,0,0,0,0,2,2,3,2,2
3193,0,0,0,0,2,2,3,2,2
3194,0,0,0,1,2,2,0,2,2
3195,1,1,0,1,2,2,0,2,2
3196,1,1,0,1,2,2,0,2,2
3197,1,1,0,2,2,2,0,2,2
3198,2,2,0,2,3,2,0,2,2
3199,2,2,0,2,3,3,0,2,2
3200,2,2,1,2,3,3,0,2,2
3201,2,2,1,2,0,3,0,3,2
3202,2,2,1,2,0,0,0,3,3
3203,2,2,2,2,0,0,0,3,3
3204,2,2,2,2,0,0,1,0,3
3205,2,2,2,2,0,0,1,0,0
3206,2,2,2,2,0,0,1,0,0
3207,2,2,2,3,0,0,2,0,0
3208,3,3,2,3,0,0,2,0,0
3209,3,3,2,3,0,0,2,0,0
3210,3,3,2,0,0,0,2,0,0
3211,0,0,2,0,1,0,2,0,0
3212,0,0,2,0,1,0,2,0,0
3213,0,0,3,0,1,0,2,0,0
3214,0,0,3,0,2,0,2,0,0
3215,0,0,3,0,2,0,2,0,0
3216,0,0,0,0,2,0,2,0,0
3217,0,0,0,0,2,0,3,0,0
3218,0,0,0,0,2,0,3,0,0
3219,0,0,0,0,2,0,3,1,0
3220,0,0,0,1,2,0,0,1,1
3221,1,1,0,1,2,0,0,1,1
3222,1,1,0,1,2,1,0,2,1
3223,1,1,0,2,2,1,0,2,2
3224,2,2,0,2,3,1,0,2,2
3225,2,2,0,2,3,2,0,2,2
3226,2,2,1,2,3,2,0,2,2
3227,2,2,1,2,0,2,0,2,2
3228,2,2,1,2,0,2,0,2,2
3229,2,2,2,2,0,2,0,2,2
3230,2,2,2,2,0,2,1,2,2
3231,2,2,2,2,0,2,1,2,2
3232,2,2,2,2,0,2,1,3,2
3233,2,2,2,3,0,2,2,3,3
3234,3,3,2,3,0,2,2,3,3
3235,3,3,2,3,0,3,2,0,3
3236,3,3,2,0,0,3,2,0,0
3237,0,0,2,0,0,3,2,0,0
3238,0,0,2,0,0,0,2,0,0
3239,0,0,3,0,0,0,2,0,0
3240,0,0,3,0,0,0,2,0,0
3241,0,0,3,0,0,0,2,0,0
3242,0,0,0,0,0,0,2,0,0
3243,0,0,0,0,0,0,3,0,0
3244,0,0,0,0,0,0,3,0,0
3245,0,0,0,0,0,0,3,1,0
3246,0,0,0,1,0,0,0,1,1
3247,0,1,0,1,1,0,0,1,1
3248,0,1,0,1,1,0,0,2,1
3249,0,1,0,2,1,0,0,2,2
3250,0,2,0,2,2,0,0,2,2
3251,0,2,0,2,2,0,0,2,2
3252,1,2,1,2,2,0,0,2,2
3253,1,2,1,2,2,1,0,2,2
3254,1,2,1,2,2,1,0,2,2
3255,2,2,2,2,2,1,0,2,2
3256,2,2,2,2,2,2,1,2,2
3257,2,2,2,2,2,2,1,2,2
3258,2,2,2,2,2,2,1,3,2
3259,2,2,2,3,2,2,2,3,3
3260,2,3,2,3,3,2,2,3,3
3261,2,3,2,3,3,2,2,0,3
3262,2,3,2,0,3,2,2,0,0
3263,2,0,2,0,0,2,2,0,0
3264,2,0,2,0,0,2,2,0,0
3265,3,0,3,0,0,2,2,0,0
3266,3,0,3,0,0,3,2,0,0
3267,3,0,3,0,0,3,2,0,0
3268,0,0,0,0,0,3,2,0,0
3269,0,0,0,0,0,0,3,0,0
3270,0,0,0,0,0,0,3,0,0
3271,0,0,0,0,0,0,3,0,0
3272,0,0,0,0,0,0,0,0,0
3273,0,1,0,0,1,0,0,0,0
3274,0,1,0,0,1,0,0,0,0
3275,0,1,0,0,1,0,0,0,0
3276,0,2,0,0,2,0,0,1,0
3277,0,2,0,1,2,0,0,1,1
3278,1,2,1,1,2,0,0,1,1
3279,1,2,1,1,2,0,0,2,1
3280,1,2,1,2,2,0,0,2,2
3281,2,2,2,2,2,0,0,2,2
3282,2,2,2,2,2,0,1,2,2
3283,2,2,2,2,2,0,1,2,2
3284,2,2,2,2,2,0,1,2,2
3285,2,2,2,2,2,0,2,2,2
3286,2,3,2,2,3,0,2,2,2
3287,2,3,2,2,3,0,2,2,2
3288,2,3,2,2,3,0,2,2,2
3289,2,0,2,2,0,1,2,3,2
3290,2,0,2,3,0,1,2,3,3
3291,3,0,3,3,0,1,2,3,3
3292,3,0,3,3,0,2,2,0,3
3293,3,0,3,0,0,2,2,0,0
3294,0,0,0,0,0,2,2,0,0
3295,0,0,0,0,0,2,3,0,0
3296,0,0,0,0,0,2,3,0,0
3297,0,0,0,0,0,2,3,0,0
3298,0,0,0,0,0,2,0,0,0
3299,0,1,0,0,0,2,0,0,0
3300,0,1,0,0,0,2,0,0,0
3301,0,1,0,0,0,2,0,0,0
3302,0,2,0,0,0,3,0,1,0
3303,0,2,0,1,0,3,0,1,1
3304,1,2,1,1,1,3,0,1,1
3305,1,2,1,1,1,0,0,2,1
3306,1,2,1,2,1,0,0,2,2
3307,2,2,2,2,2,0,0,2,2
3308,2,2,2,2,2,0,1,2,2
3309,2,2,2,2,2,0,1,2,2
3310,2,2,2,2,2,0,1,2,2
3311,2,2,2,2,2,0,2,2,2
3312,2,3,2,2,2,0,2,2,2
3313,2,3,2,2,2,0,2,2,2
3314,2,3,2,2,2,0,2,2,2
3315,2,0,2,2,2,0,2,3,2
3316,2,0,2,3,2,0,2,3,3
3317,3,0,3,3,3,0,2,3,3
3318,3,0,3,3,3,0,2,0,3
3319,3,0,3,0,3,0,2,0,0
3320,0,0,0,0,0,0,2,0,0
3321,0,0,0,0,0,0,3,0,0
3322,0,0,0,0,0,0,3,0,0
3323,0,0,0,0,0,0,3,0,0
3324,0,0,0,0,0,0,0,0,0
3325,0,1,0,0,0,1,0,0,0
3326,0,1,0,0,0,1,0,0,0
3327,0,1,0,0,0,1,0,0,0
3328,0,2,0,0,0,2,0,0,0
3329,0,2,0,0,0,2,0,0,1
3330,1,2,1,0,1,2,0,0,1
3331,1,2,1,0,1,2,0,0,1
3332,1,2,1,0,1,2,0,0,2
3333,2,2,2,0,2,2,0,1,2
3334,2,2,2,1,2,2,1,1,2
3335,2,2,2,1,2,2,1,1,2
3336,2,2,2,1,2,2,1,2,2
3337,2,2,2,2,2,2,2,2,2
3338,2,3,2,2,2,3,2,2,2
3339,2,3,2,2,2,3,2,2,2
3340,2,3,2,2,2,3,2,2,2
3341,2,0,2,2,2,0,2,2,2
3342,2,0,2,2,2,0,2,2,3
3343,3,0,3,2,3,0,2,2,3
3344,3,0,3,2,3,0,2,2,3
3345,3,0,3,2,3,0,2,2,0
3346,0,0,0,2,0,0,2,3,0
3347,0,0,0,3,0,0,3,3,0
3348,0,0,0,3,0,0,3,3,0
3349,0,0,0,3,0,0,3,0,0
3350,0,0,0,0,0,0,0,0,0
3351,0,1,0,0,0,0,0,0,0
3352,0,1,0,0,0,0,0,0,0
3353,0,1,0,0,0,0,0,0,0
3354,0,2,0,0,0,0,0,0,0
3355,0,2,0,0,0,0,0,0,0
3356,0,2,1,0,1,0,0,0,0
3357,0,2,1,0,1,0,0,0,0
3358,0,2,1,0,1,0,0,0,0
3359,0,2,2,0,2,0,0,1,0
3360,0,2,2,1,2,0,1,1,1
3361,1,2,2,1,2,1,1,1,1
3362,1,2,2,1,2,1,1,2,1
3363,1,2,2,2,2,1,2,2,2
3364,2,3,2,2,2,2,2,2,2
3365,2,3,2,2,2,2,2,2,2
3366,2,3,2,2,2,2,2,2,2
3367,2,0,2,2,2,2,2,2,2
3368,2,0,2,2,2,2,2,2,2
3369,2,0,3,2,3,2,2,2,2
3370,2,0,3,2,3,2,2,2,2
3371,2,0,3,2,3,2,2,2,2
3372,2,0,0,2,0,2,2,3,2
3373,2,0,0,3,0,2,3,3,3
3374,3,0,0,3,0,3,3,3,3
3375,3,0,0,3,0,3,3,0,3
3376,3,0,0,0,0,3,0,0,0
3377,0,0,0,0,0,0,0,0,0
3378,0,0,0,0,0,0,0,0,0
3379,0,0,0,0,0,0,0,0,0
3380,0,0,0,0,0,0,0,0,0
3381,0,0,0,0,0,0,0,0,0
3382,0,1,1,0,1,0,0,0,0
3383,0,1,1,0,1,0,0,0,0
3384,0,1,1,0,1,0,0,0,0
3385,0,2,2,0,2,0,0,1,0
3386,0,2,2,1,2,0,1,1,1
3387,1,2,2,1,2,0,1,1,1
3388,1,2,2,1,2,0,1,2,1
3389,1,2,2,2,2,0,2,2,2
3390,2,2,2,2,2,0,2,2,2
3391,2,2,2,2,2,0,2,2,2
3392,2,2,2,2,2,0,2,2,2
3393,2,2,2,2,2,0,2,2,2
3394,2,2,2,2,2,0,2,2,2
3395,2,3,3,2,3,0,2,2,2
3396,2,3,3,2,3,0,2,2,2
3397,2,3,3,2,3,1,2,2,2
3398,2,0,0,2,0,1,2,3,2
3399,2,0,0,3,0,1,3,3,3
3400,3,0,0,3,0,2,3,3,3
3401,3,0,0,3,0,2,3,0,3
3402,3,0,0,0,0,2,0,0,0
3403,0,0,0,0,0,2,0,0,0
3404,0,0,0,0,0,2,0,0,0
3405,0,0,0,0,0,2,0,0,0
3406,0,0,0,0,0,2,0,0,0
3407,0,0,0,0,0,2,0,0,0
3408,0,1,1,0,1,2,0,0,0
3409,0,1,1,0,1,2,0,0,0
3410,0,1,1,0,1,3,0,0,0
3411,0,2,2,0,2,3,0,1,0
3412,0,2,2,0,2,3,1,1,1
3413,1,2,2,0,2,0,1,1,1
3414,1,2,2,0,2,0,1,2,1
3415,1,2,2,0,2,0,2,2,2
3416,2,2,2,0,2,0,2,2,2
3417,2,2,2,1,2,0,2,2,2
3418,2,2,2,1,2,0,2,2,2
3419,2,2,2,1,2,0,2,2,2
3420,2,2,2,2,2,0,2,2,2
3421,2,3,3,2,3,0,2,2,2
3422,2,3,3,2,3,0,2,2,2
3423,2,3,3,2,3,0,2,2,2
3424,2,0,0,2,0,0,2,3,2
3425,2,0,0,2,0,0,3,3,3
3426,3,0,0,2,0,0,3,3,3
3427,3,0,0,2,0,0,3,0,3
3428,3,0,0,2,0,1,0,0,0
3429,0,0,0,2,0,1,0,0,0
3430,0,0,0,3,0,1,0,0,0
3431,0,0,0,3,0,2,0,0,0
3432,0,0,0,3,0,2,0,0,0
3433,0,0,0,0,0,2,0,0,0
3434,0,1,1,0,1,2,0,0,0
3435,0,1,1,0,1,2,0,0,0
3436,0,1,1,0,1,2,0,0,0
3437,0,2,2,0,2,2,0,1,0
3438,0,2,2,0,2,2,1,1,1
3439,1,2,2,0,2,2,1,1,1
3440,1,2,2,0,2,2,1,2,1
3441,1,2,2,0,2,3,2,2,2
3442,2,2,2,0,2,3,2,2,2
3443,2,2,2,1,2,3,2,2,2
3444,2,2,2,1,2,0,2,2,2
3445,2,2,2,1,2,0,2,2,2
3446,2,2,2,2,2,0,2,2,2
3447,2,3,3,2,3,0,2,2,2
3448,2,3,3,2,3,0,2,2,2
3449,2,3,3,2,3,0,2,2,2
3450,2,0,0,2,0,0,2,3,2
3451,2,0,0,2,0,0,3,3,3
3452,3,0,0,2,0,0,3,3,3
3453,3,0,0,2,0,0,3,0,3
3454,3,0,0,2,0,0,0,0,0
3455,0,0,0,2,0,0,0,0,0
3456,0,0,0,3,0,0,0,0,0
3457,0,0,0,3,0,0,0,0,0
3458,0,0,0,3,0,0,0,0,0
3459,0,0,0,0,0,0,0,0,0
3460,0,1,1,0,1,0,0,0,0
3461,0,1,1,0,1,0,0,0,0
3462,0,1,1,0,1,0,0,0,0
3463,0,2,2,0,2,0,0,1,0
3464,0,2,2,0,2,0,1,1,1
3465,1,2,2,0,2,0,1,1,1
3466,1,2,2,0,2,0,1,2,1
3467,1,2,2,0,2,0,2,2,2
3468,2,2,2,0,2,0,2,2,2
3469,2,2,2,0,2,1,2,2,2
3470,2,2,2,0,2,1,2,2,2
3471,2,2,2,0,2,1,2,2,2
3472,2,2,2,0,2,2,2,2,2
3473,2,3,3,0,3,2,2,2,2
3474,2,3,3,1,3,2,2,2,2
3475,2,3,3,1,3,2,2,2,2
3476,2,0,0,1,0,2,2,3,2
3477,2,0,0,2,0,2,3,3,3
3478,3,0,0,2,0,2,3,3,3
3479,3,0,0,2,0,2,3,0,3
3480,3,0,0,2,0,2,0,0,0
3481,0,0,0,2,0,2,0,0,0
3482,0,0,0,2,0,3,0,0,0
3483,0,0,0,2,0,3,0,0,0
3484,0,0,0,2,0,3,0,0,0
3485,0,0,0,2,0,0,0,0,0
3486,0,1,1,2,0,0,0,0,0
3487,0,1,1,3,0,0,0,0,0
3488,0,1,1,3,0,0,0,0,0
3489,0,2,2,3,0,0,0,1,0
3490,0,2,2,0,0,0,0,1,1
3491,1,2,2,0,1,0,0,1,1
3492,1,2,2,0,1,0,0,2,1
3493,1,2,2,0,1,0,0,2,2
3494,2,2,2,0,2,0,0,2,2
3495,2,2,2,0,2,0,1,2,2
3496,2,2,2,0,2,0,1,2,2
3497,2,2,2,0,2,0,1,2,2
3498,2,2,2,0,2,0,2,2,2
3499,2,3,3,0,2,0,2,2,2
3500,2,3,3,1,2,1,2,2,2
3501,2,3,3,1,2,1,2,2,2
3502,2,0,0,1,2,1,2,3,2
3503,2,0,0,2,2,2,2,3,3
3504,3,0,0,2,3,2,2,3,3
3505,3,0,0,2,3,2,2,0,3
3506,3,0,0,2,3,2,2,0,0
3507,0,0,0,2,0,2,2,0,0
3508,0,0,0,2,0,2,3,0,0
3509,0,0,0,2,0,2,3,0,0
3510,0,0,0,2,0,2,3,0,0
3511,0,0,0,2,0,2,0,0,0
3512,0,0,0,2,0,2,0,0,0
3513,0,0,0,3,0,3,0,0,0
3514,0,0,0,3,0,3,0,0,0
3515,0,0,0,3,0,3,0,0,0
3516,0,0,0,0,0,0,0,0,1
3517,1,1,1,0,0,0,0,0,1
3518,1,1,1,0,0,0,0,0,1
3519,1,1,1,0,0,0,0,0,2
3520,2,2,2,0,0,0,0,1,2
3521,2,2,2,0,0,0,1,1,2
3522,2,2,2,0,1,0,1,1,2
3523,2,2,2,0,1,0,1,2,2
3524,2,2,2,0,1,0,2,2,2
3525,2,2,2,0,2,0,2,2,2
3526,2,2,2,1,2,0,2,2,2
3527,2,2,2,1,2,0,2,2,2
3528,2,2,2,1,2,0,2,2,2
3529,2,2,2,2,2,0,2,2,3
3530,3,3,3,2,2,0,2,2,3
3531,3,3,3,2,2,1,2,2,3
3532,3,3,3,2,2,1,2,2,0
3533,0,0,0,2,2,1,2,3,0
3534,0,0,0,2,2,2,3,3,0
3535,0,0,0,2,3,2,3,3,0
3536,0,0,0,2,3,2,3,0,0
3537,0,0,0,2,3,2,0,0,0
3538,0,0,0,2,0,2,0,0,0
3539,0,0,0,3,0,2,0,0,0
3540,0,0,0,3,0,2,0,0,0
3541,0,0,0,3,0,2,0,0,0
3542,0,0,0,0,0,2,0,0,1
3543,1,1,1,0,0,2,0,0,1
3544,1,1,1,0,0,3,0,0,1
3545,1,1,1,0,0,3,0,0,2
3546,2,2,2,0,0,3,0,1,2
3547,2,2,2,0,0,0,1,1,2
3548,2,2,2,0,0,0,1,1,2
3549,2,2,2,0,0,0,1,2,2
3550,2,2,2,0,0,0,2,2,2
3551,2,2,2,0,0,0,2,2,2
3552,2,2,2,1,0,0,2,2,2
3553,2,2,2,1,1,0,2,2,2
3554,2,2,2,1,1,0,2,2,2
3555,2,2,2,2,1,0,2,2,3
3556,3,3,3,2,2,0,2,2,3
3557,3,3,3,2,2,0,2,2,3
3558,3,3,3,2,2,0,2,2,0
3559,0,0,0,2,2,0,2,3,0
3560,0,0,0,2,2,0,3,3,0
3561,0,0,0,2,2,0,3,3,0
3562,0,0,0,2,2,0,3,0,0
3563,0,0,0,2,2,0,0,0,0
3564,0,0,0,2,2,0,0,0,0
3565,0,0,0,3,2,0,0,0,0
3566,0,0,0,3,3,0,0,0,0
3567,0,0,0,3,3,1,0,0,0
3568,0,0,0,0,3,1,0,0,1
3569,1,1,1,0,0,1,0,0,1
3570,1,1,1,0,0,2,0,0,1
3571,1,1,1,0,0,2,0,0,2
3572,2,2,2,0,0,2,0,1,2
3573,2,2,2,0,0,2,1,1,2
3574,2,2,2,0,0,2,1,1,2
3575,2,2,2,0,0,2,1,2,2
3576,2,2,2,0,0,2,2,2,2
3577,2,2,2,0,0,2,2,2,2
3578,2,2,2,1,0,2,2,2,2
3579,2,2,2,1,1,2,2,2,2
3580,2,2,2,1,1,3,2,2,2
3581,2,2,2,2,1,3,2,2,3
3582,3,3,3,2,2,3,2,2,3
3583,3,3,3,2,2,0,2,2,3
3584,3,3,3,2,2,0,2,2,0
3585,0,0,0,2,2,0,2,3,0
3586,0,0,0,2,2,0,3,3,0
3587,0,0,0,2,2,0,3,3,0
3588,0,0,0,2,2,0,3,0,0
3589,0,0,0,2,2,0,0,0,0
3590,0,0,0,2,2,0,0,0,0
3591,0,0,0,3,2,0,0,0,0
3592,0,0,0,3,3,0,0,0,0
3593,0,0,0,3,3,0,0,0,0
3594,0,0,0,0,3,0,0,0,0
3595,1,1,0,0,0,0,0,0,0
3596,1,1,0,0,0,0,0,0,0
3597,1,1,0,0,0,0,0,0,0
3598,2,2,0,0,0,0,0,1,0
3599,2,2,0,0,0,0,1,1,1
3600,2,2,1,0,0,0,1,1,1
