t,semaforo_C1,semaforo_C2,semaforo_C3
1,0,0,0
2,0,0,0
3,0,0,0
4,0,0,0
5,0,0,0
6,0,0,0
7,0,0,0
8,0,0,0
9,0,0,0
10,0,0,0
11,1,1,1
12,1,1,1
13,1,1,1
14,2,2,2
15,2,2,2
16,2,2,2
17,2,2,2
18,2,2,2
19,2,2,2
20,2,2,2
21,2,2,2
22,2,2,2
23,2,2,2
24,3,3,3
25,3,3,3
26,3,3,3
27,0,0,0
28,0,0,0
29,0,0,0
30,0,0,0
31,0,0,0
32,0,0,0
33,0,0,0
34,0,0,0
35,0,0,0
36,0,0,0
37,1,1,1
38,1,1,1
39,1,1,1
40,2,2,2
41,2,2,2
42,2,2,2
43,2,2,2
44,2,2,2
45,2,2,2
46,2,2,2
47,2,2,2
48,2,2,2
49,2,2,2
50,3,3,3
51,3,3,3
52,3,3,3
53,0,0,0
54,0,0,0
55,0,0,0
56,0,0,0
57,0,0,0
58,0,0,0
59,0,0,0
60,0,0,0
61,0,0,0
62,0,0,0
63,1,1,1
64,1,1,1
65,1,1,1
66,2,2,2
67,2,2,2
68,2,2,2
69,2,2,2
70,2,2,2
71,2,2,2
72,2,2,2
73,2,2,2
74,2,2,2
75,2,2,2
76,3,3,3
77,3,3,3
78,3,3,3
79,0,0,0
80,0,0,0
81,0,0,0
82,0,0,0
83,0,0,0
84,0,0,0
85,0,0,0
86,0,0,0
87,0,0,0
88,0,0,0
89,1,1,1
90,1,1,1
91,1,1,1
92,2,2,2
93,2,2,2
94,2,2,2
95,2,2,2
96,2,2,2
97,2,2,2
98,2,2,2
99,2,2,2
100,2,2,2
101,2,2,2
102,3,3,3
103,3,3,3
104,3,3,3
105,0,0,0
106,0,0,0
107,0,0,0
108,0,0,0
109,0,0,0
110,0,0,0
111,0,0,0
112,0,0,0
113,0,0,0
114,0,0,0
115,1,1,1
116,1,1,1
117,1,1,1
118,2,2,2
119,2,2,2
120,2,2,2
121,2,2,2
122,2,2,2
123,2,2,2
124,2,2,2
125,2,2,2
126,2,2,2
127,2,2,2
128,3,3,3
129,3,3,3
130,3,3,3
131,0,0,0
132,0,0,0
133,0,0,0
134,0,0,0
135,0,0,0
136,0,0,0
137,0,0,0
138,0,0,0
139,0,0,0
140,0,0,0
141,1,1,1
142,1,1,1
143,1,1,1
144,2,2,2
145,2,2,2
146,2,2,2
147,2,2,2
148,2,2,2
149,2,2,2
150,2,2,2
151,2,2,2
152,2,2,2
153,2,2,2
154,3,3,3
155,3,3,3
156,3,3,3
157,0,0,0
158,0,0,0
159,0,0,0
160,0,0,0
161,0,0,0
162,0,0,0
163,0,0,0
164,0,0,0
165,0,0,0
166,0,0,0
167,1,1,1
168,1,1,1
169,1,1,1
170,2,2,2
171,2,2,2
172,2,2,2
173,2,2,2
174,2,2,2
175,2,2,2
176,2,2,2
177,2,2,2
178,2,2,2
179,2,2,2
180,3,3,3
181,3,3,3
182,3,3,3
183,0,0,0
184,0,0,0
185,0,0,0
186,0,0,0
187,0,0,0
188,0,0,0
189,0,0,0
190,0,0,0
191,0,0,0
192,0,0,0
193,1,1,1
194,1,1,1
195,1,1,1
196,2,2,2
197,2,2,2
198,2,2,2
199,2,2,2
200,2,2,2
201,2,2,2
202,2,2,2
203,2,2,2
204,2,2,2
205,2,2,2
206,3,3,3
207,3,3,3
208,3,3,3
209,0,0,0
210,0,0,0
211,0,0,0
212,0,0,0
213,0,0,0
214,0,0,0
215,0,0,0
216,0,0,0
217,0,0,0
218,0,0,0
219,1,1,1
220,1,1,1
221,1,1,1
222,2,2,2
223,2,2,2
224,2,2,2
225,2,2,2
226,2,2,2
227,2,2,2
228,2,2,2
229,2,2,2
230,2,2,2
231,2,2,2
232,3,3,3
233,3,3,3
234,3,3,3
235,0,0,0
236,0,0,0
237,0,0,0
238,0,0,0
239,0,0,0
240,0,0,0
241,0,0,0
242,0,0,0
243,0,0,0
244,0,0,0
245,1,1,1
246,1,1,1
247,1,1,1
248,2,2,2
249,2,2,2
250,2,2,2
251,2,2,2
252,2,2,2
253,2,2,2
254,2,2,2
255,2,2,2
256,2,2,2
257,2,2,2
258,3,3,3
259,3,3,3
260,3,3,3
261,0,0,0
262,0,0,0
263,0,0,0
264,0,0,0
265,0,0,0
266,0,0,0
267,0,0,0
268,0,0,0
269,0,0,0
270,0,0,0
271,1,1,1
272,1,1,1
273,1,1,1
274,2,2,2
275,2,2,2
276,2,2,2
277,2,2,2
278,2,2,2
279,2,2,2
280,2,2,2
281,2,2,2
282,2,2,2
283,2,2,2
284,3,3,3
285,3,3,3
286,3,3,3
287,0,0,0
288,0,0,0
289,0,0,0
290,0,0,0
291,0,0,0
292,0,0,0
293,0,0,0
294,0,0,0
295,0,0,0
296,0,0,0
297,1,1,1
298,1,1,1
299,1,1,1
300,2,2,2
301,2,2,2
302,2,2,2
303,2,2,2
304,2,2,2
305,2,2,2
306,2,2,2
307,2,2,2
308,2,2,2
309,2,2,2
310,3,3,3
311,3,3,3
312,3,3,3
313,0,0,0
314,0,0,0
315,0,0,0
316,0,0,0
317,0,0,0
318,0,0,0
319,0,0,0
320,0,0,0
321,0,0,0
322,0,0,0
323,1,1,1
324,1,1,1
325,1,1,1
326,2,2,2
327,2,2,2
328,2,2,2
329,2,2,2
330,2,2,2
331,2,2,2
332,2,2,2
333,2,2,2
334,2,2,2
335,2,2,2
336,3,3,3
337,3,3,3
338,3,3,3
339,0,0,0
340,0,0,0
341,0,0,0
342,0,0,0
343,0,0,0
344,0,0,0
345,0,0,0
346,0,0,0
347,0,0,0
348,0,0,0
349,1,1,1
350,1,1,1
351,1,1,1
352,2,2,2
353,2,2,2
354,2,2,2
355,2,2,2
356,2,2,2
357,2,2,2
358,2,2,2
359,2,2,2
360,2,2,2
361,2,2,2
362,3,3,3
363,3,3,3
364,3,3,3
365,0,0,0
366,0,0,0
367,0,0,0
368,0,0,0
369,0,0,0
370,0,0,0
371,0,0,0
372,0,0,0
373,0,0,0
374,0,0,0
375,1,1,1
376,1,1,1
377,1,1,1
378,2,2,2
379,2,2,2
380,2,2,2
381,2,2,2
382,2,2,2
383,2,2,2
384,2,2,2
385,2,2,2
386,2,2,2
387,2,2,2
388,3,3,3
389,3,3,3
390,3,3,3
391,0,0,0
392,0,0,0
393,0,0,0
394,0,0,0
395,0,0,0
396,0,0,0
397,0,0,0
398,0,0,0
399,0,0,0
400,0,0,0
401,1,1,1
402,1,1,1
403,1,1,1
404,2,2,2
405,2,2,2
406,2,2,2
407,2,2,2
408,2,2,2
409,2,2,2
410,2,2,2
411,2,2,2
412,2,2,2
413,2,2,2
414,3,3,3
415,3,3,3
416,3,3,3
417,0,0,0
418,0,0,0
419,0,0,0
420,0,0,0
421,0,0,0
422,0,0,0
423,0,0,0
424,0,0,0
425,0,0,0
426,0,0,0
427,1,1,1
428,1,1,1
429,1,1,1
430,2,2,2
431,2,2,2
432,2,2,2
433,2,2,2
434,2,2,2
435,2,2,2
436,2,2,2
437,2,2,2
438,2,2,2
439,2,2,2
440,3,3,3
441,3,3,3
442,3,3,3
443,0,0,0
444,0,0,0
445,0,0,0
446,0,0,0
447,0,0,0
448,0,0,0
449,0,0,0
450,0,0,0
451,0,0,0
452,0,0,0
453,1,1,1
454,1,1,1
455,1,1,1
456,2,2,2
457,2,2,2
458,2,2,2
459,2,2,2
460,2,2,2
461,2,2,2
462,2,2,2
463,2,2,2
464,2,2,2
465,2,2,2
466,3,3,3
467,3,3,3
468,3,3,3
469,0,0,0
470,0,0,0
471,0,0,0
472,0,0,0
473,0,0,0
474,0,0,0
475,0,0,0
476,0,0,0
477,0,0,0
478,0,0,0
479,1,1,1
480,1,1,1
481,1,1,1
482,2,2,2
483,2,2,2
484,2,2,2
485,2,2,2
486,2,2,2
487,2,2,2
488,2,2,2
489,2,2,2
490,2,2,2
491,2,2,2
492,3,3,3
493,3,3,3
494,3,3,3
495,0,0,0
496,0,0,0
497,0,0,0
498,0,0,0
499,0,0,0
500,0,0,0
501,0,0,0
502,0,0,0
503,0,0,0
504,0,0,0
505,1,1,1
506,1,1,1
507,1,1,1
508,2,2,2
509,2,2,2
510,2,2,2
511,2,2,2
512,2,2,2
513,2,2,2
514,2,2,2
515,2,2,2
516,2,2,2
517,2,2,2
518,3,3,3
519,3,3,3
520,3,3,3
521,0,0,0
522,0,0,0
523,0,0,0
524,0,0,0
525,0,0,0
526,0,0,0
527,0,0,0
528,0,0,0
529,0,0,0
530,0,0,0
531,1,1,1
532,1,1,1
533,1,1,1
534,2,2,2
535,2,2,2
536,2,2,2
537,2,2,2
538,2,2,2
539,2,2,2
540,2,2,2
541,2,2,2
542,2,2,2
543,2,2,2
544,3,3,3
545,3,3,3
546,3,3,3
547,0,0,0
548,0,0,0
549,0,0,0
550,0,0,0
551,0,0,0
552,0,0,0
553,0,0,0
554,0,0,0
555,0,0,0
556,0,0,0
557,1,1,1
558,1,1,1
559,1,1,1
560,2,2,2
561,2,2,2
562,2,2,2
563,2,2,2
564,2,2,2
565,2,2,2
566,2,2,2
567,2,2,2
568,2,2,2
569,2,2,2
570,3,3,3
571,3,3,3
572,3,3,3
573,0,0,0
574,0,0,0
575,0,0,0
576,0,0,0
577,0,0,0
578,0,0,0
579,0,0,0
580,0,0,0
581,0,0,0
582,0,0,0
583,1,1,1
584,1,1,1
585,1,1,1
586,2,2,2
587,2,2,2
588,2,2,2
589,2,2,2
590,2,2,2
591,2,2,2
592,2,2,2
593,2,2,2
594,2,2,2
595,2,2,2
596,3,3,3
597,3,3,3
598,3,3,3
599,0,0,0
600,0,0,0
601,0,0,0
602,0,0,0
603,0,0,0
604,0,0,0
605,0,0,0
606,0,0,0
607,0,0,0
608,0,0,0
609,1,1,1
610,1,1,1
611,1,1,1
612,2,2,2
613,2,2,2
614,2,2,2
615,2,2,2
616,2,2,2
617,2,2,2
618,2,2,2
619,2,2,2
620,2,2,2
621,2,2,2
622,3,3,3
623,3,3,3
624,3,3,3
625,0,0,0
626,0,0,0
627,0,0,0
628,0,0,0
629,0,0,0
630,0,0,0
631,0,0,0
632,0,0,0
633,0,0,0
634,0,0,0
635,1,1,1
636,1,1,1
637,1,1,1
638,2,2,2
639,2,2,2
640,2,2,2
641,2,2,2
642,2,2,2
643,2,2,2
644,2,2,2
645,2,2,2
646,2,2,2
647,2,2,2
648,3,3,3
649,3,3,3
650,3,3,3
651,0,0,0
652,0,0,0
653,0,0,0
654,0,0,0
655,0,0,0
656,0,0,0
657,0,0,0
658,0,0,0
659,0,0,0
660,0,0,0
661,1,1,1
662,1,1,1
663,1,1,1
664,2,2,2
665,2,2,2
666,2,2,2
667,2,2,2
668,2,2,2
669,2,2,2
670,2,2,2
671,2,2,2
672,2,2,2
673,2,2,2
674,3,3,3
675,3,3,3
676,3,3,3
677,0,0,0
678,0,0,0
679,0,0,0
680,0,0,0
681,0,0,0
682,0,0,0
683,0,0,0
684,0,0,0
685,0,0,0
686,0,0,0
687,1,1,1
688,1,1,1
689,1,1,1
690,2,2,2
691,2,2,2
692,2,2,2
693,2,2,2
694,2,2,2
695,2,2,2
696,2,2,2
697,2,2,2
698,2,2,2
699,2,2,2
700,3,3,3
701,3,3,3
702,3,3,3
703,0,0,0
704,0,0,0
705,0,0,0
706,0,0,0
707,0,0,0
708,0,0,0
709,0,0,0
710,0,0,0
711,0,0,0
712,0,0,0
713,1,1,1
714,1,1,1
715,1,1,1
716,2,2,2
717,2,2,2
718,2,2,2
719,2,2,2
720,2,2,2
721,2,2,2
722,2,2,2
723,2,2,2
724,2,2,2
725,2,2,2
726,3,3,3
727,3,3,3
728,3,3,3
729,0,0,0
730,0,0,0
731,0,0,0
732,0,0,0
733,0,0,0
734,0,0,0
735,0,0,0
736,0,0,0
737,0,0,0
738,0,0,0
739,1,1,1
740,1,1,1
741,1,1,1
742,2,2,2
743,2,2,2
744,2,2,2
745,2,2,2
746,2,2,2
747,2,2,2
748,2,2,2
749,2,2,2
750,2,2,2
751,2,2,2
752,3,3,3
753,3,3,3
754,3,3,3
755,0,0,0
756,0,0,0
757,0,0,0
758,0,0,0
759,0,0,0
760,0,0,0
761,0,0,0
762,0,0,0
763,0,0,0
764,0,0,0
765,1,1,1
766,1,1,1
767,1,1,1
768,2,2,2
769,2,2,2
770,2,2,2
771,2,2,2
772,2,2,2
773,2,2,2
774,2,2,2
775,2,2,2
776,2,2,2
777,2,2,2
778,3,3,3
779,3,3,3
780,3,3,3
781,0,0,0
782,0,0,0
783,0,0,0
784,0,0,0
785,0,0,0
786,0,0,0
787,0,0,0
788,0,0,0
789,0,0,0
790,0,0,0
791,1,1,1
792,1,1,1
793,1,1,1
794,2,2,2
795,2,2,2
796,2,2,2
797,2,2,2
798,2,2,2
799,2,2,2
800,2,2,2
801,2,2,2
802,2,2,2
803,2,2,2
804,3,3,3
805,3,3,3
806,3,3,3
807,0,0,0
808,0,0,0
809,0,0,0
810,0,0,0
811,0,0,0
812,0,0,0
813,0,0,0
814,0,0,0
815,0,0,0
816,0,0,0
817,1,1,1
818,1,1,1
819,1,1,1
820,2,2,2
821,2,2,2
822,2,2,2
823,2,2,2
824,2,2,2
825,2,2,2
826,2,2,2
827,2,2,2
828,2,2,2
829,2,2,2
830,3,3,3
831,3,3,3
832,3,3,3
833,0,0,0
834,0,0,0
835,0,0,0
836,0,0,0
837,0,0,0
838,0,0,0
839,0,0,0
840,0,0,0
841,0,0,0
842,0,0,0
843,1,1,1
844,1,1,1
845,1,1,1
846,2,2,2
847,2,2,2
848,2,2,2
849,2,2,2
850,2,2,2
851,2,2,2
852,2,2,2
853,2,2,2
854,2,2,2
855,2,2,2
856,3,3,3
857,3,3,3
858,3,3,3
859,0,0,0
860,0,0,0
861,0,0,0
862,0,0,0
863,0,0,0
864,0,0,0
865,0,0,0
866,0,0,0
867,0,0,0
868,0,0,0
869,0,1,1
870,0,1,1
871,0,1,1
872,0,2,2
873,0,2,2
874,0,2,2
875,0,2,2
876,0,2,2
877,0,2,2
878,0,2,2
879,0,2,2
880,0,2,2
881,0,2,2
882,0,3,3
883,0,3,3
884,0,3,3
885,0,0,0
886,0,0,0
887,0,0,0
888,0,0,0
889,1,0,0
890,1,0,0
891,1,0,0
892,2,0,0
893,2,0,0
894,2,0,0
895,2,0,1
896,2,0,1
897,2,0,1
898,2,0,2
899,2,0,2
900,2,0,2
901,2,0,2
902,3,0,2
903,3,0,2
904,3,0,2
905,0,0,2
906,0,0,2
907,0,0,2
908,0,0,3
909,0,0,3
910,0,1,3
911,0,1,0
912,0,1,0
913,0,2,0
914,0,2,0
915,0,2,0
916,0,2,0
917,0,2,0
918,0,2,0
919,0,2,0
920,0,2,0
921,0,2,0
922,0,2,0
923,0,3,0
924,0,3,0
925,0,3,0
926,0,0,1
927,0,0,1
928,0,0,1
929,0,0,2
930,1,0,2
931,1,0,2
932,1,0,2
933,2,0,2
934,2,0,2
935,2,0,2
936,2,0,2
937,2,0,2
938,2,0,2
939,2,0,3
940,2,0,3
941,2,0,3
942,2,0,0
943,3,0,0
944,3,0,0
945,3,0,0
946,0,1,0
947,0,1,0
948,0,1,0
949,0,2,0
950,0,2,0
951,0,2,0
952,0,2,0
953,0,2,0
954,0,2,0
955,0,2,0
956,0,2,0
957,0,2,0
958,0,2,0
959,0,3,0
960,0,3,0
961,0,3,0
962,0,0,0
963,0,0,0
964,0,0,0
965,0,0,0
966,1,0,0
967,1,0,1
968,1,0,1
969,2,0,1
970,2,0,2
971,2,0,2
972,2,0,2
973,2,0,2
974,2,0,2
975,2,0,2
976,2,0,2
977,2,0,2
978,2,0,2
979,3,0,2
980,3,0,3
981,3,0,3
982,0,0,3
983,0,0,0
984,0,0,0
985,0,0,0
986,0,0,0
987,0,1,0
988,0,1,0
989,0,1,0
990,0,2,0
991,0,2,0
992,0,2,0
993,0,2,0
994,0,2,0
995,0,2,0
996,0,2,0
997,0,2,0
998,0,2,0
999,0,2,0
1000,0,3,0
1001,0,3,0
1002,0,3,0
1003,0,0,0
1004,0,0,0
1005,0,0,0
1006,0,0,0
1007,1,0,0
1008,1,0,1
1009,1,0,1
1010,2,0,1
1011,2,0,2
1012,2,0,2
1013,2,0,2
1014,2,0,2
1015,2,0,2
1016,2,0,2
1017,2,0,2
1018,2,0,2
1019,2,0,2
1020,3,0,2
1021,3,0,3
1022,3,0,3
1023,0,0,3
1024,0,0,0
1025,0,0,0
1026,0,0,0
1027,0,0,0
1028,0,1,0
1029,0,1,0
1030,0,1,0
1031,0,2,0
1032,0,2,0
1033,0,2,0
1034,0,2,0
1035,0,2,0
1036,0,2,0
1037,0,2,0
1038,0,2,0
1039,0,2,0
1040,0,2,0
1041,0,3,0
1042,0,3,0
1043,0,3,0
1044,0,0,0
1045,0,0,0
1046,0,0,0
1047,0,0,0
1048,1,0,0
1049,1,0,1
1050,1,0,1
1051,2,0,1
1052,2,0,2
1053,2,0,2
1054,2,0,2
1055,2,0,2
1056,2,0,2
1057,2,0,2
1058,2,0,2
1059,2,0,2
1060,2,0,2
1061,3,0,2
1062,3,0,3
1063,3,0,3
1064,0,0,3
1065,0,0,0
1066,0,0,0
1067,0,0,0
1068,0,0,0
1069,0,1,0
1070,0,1,0
1071,0,1,0
1072,0,2,0
1073,0,2,0
1074,0,2,0
1075,0,2,0
1076,0,2,0
1077,0,2,0
1078,0,2,0
1079,0,2,0
1080,0,2,0
1081,0,2,0
1082,0,3,0
1083,0,3,0
1084,0,3,0
1085,0,0,0
1086,0,0,0
1087,0,0,0
1088,0,0,0
1089,1,0,0
1090,1,0,1
1091,1,0,1
1092,2,0,1
1093,2,0,2
1094,2,0,2
1095,2,0,2
1096,2,0,2
1097,2,0,2
1098,2,0,2
1099,2,0,2
1100,2,0,2
1101,2,0,2
1102,3,0,2
1103,3,0,3
1104,3,0,3
1105,0,0,3
1106,0,0,0
1107,0,0,0
1108,0,0,0
1109,0,0,0
1110,0,1,0
1111,0,1,0
1112,0,1,0
1113,0,2,0
1114,0,2,0
1115,0,2,0
1116,0,2,0
1117,0,2,0
1118,0,2,0
1119,0,2,0
1120,0,2,0
1121,0,2,0
1122,0,2,0
1123,0,3,0
1124,0,3,0
1125,0,3,0
1126,0,0,1
1127,0,0,1
1128,0,0,1
1129,0,0,2
1130,1,0,2
1131,1,0,2
1132,1,0,2
1133,2,0,2
1134,2,0,2
1135,2,0,2
1136,2,0,2
1137,2,0,2
1138,2,0,2
1139,2,0,3
1140,2,0,3
1141,2,0,3
1142,2,0,0
1143,3,0,0
1144,3,0,0
1145,3,0,0
1146,0,1,0
1147,0,1,0
1148,0,1,0
1149,0,2,0
1150,0,2,0
1151,0,2,0
1152,0,2,0
1153,0,2,0
1154,0,2,0
1155,0,2,0
1156,0,2,0
1157,0,2,0
1158,0,2,0
1159,0,3,0
1160,0,3,0
1161,0,3,0
1162,0,0,0
1163,0,0,0
1164,0,0,0
1165,0,0,0
1166,1,0,0
1167,1,0,1
1168,1,0,1
1169,2,0,1
1170,2,0,2
1171,2,0,2
1172,2,0,2
1173,2,0,2
1174,2,0,2
1175,2,0,2
1176,2,0,2
1177,2,0,2
1178,2,0,2
1179,3,0,2
1180,3,0,3
1181,3,0,3
1182,0,0,3
1183,0,0,0
1184,0,0,0
1185,0,0,0
1186,0,0,0
1187,0,1,0
1188,0,1,0
1189,0,1,0
1190,0,2,0
1191,0,2,0
1192,0,2,0
1193,0,2,0
1194,0,2,0
1195,0,2,0
1196,0,2,0
1197,0,2,0
1198,0,2,0
1199,0,2,0
1200,0,3,0
1201,0,3,0
1202,0,3,0
1203,0,0,0
1204,0,0,0
1205,0,0,0
1206,0,0,0
1207,1,0,0
1208,1,0,1
1209,1,0,1
1210,2,0,1
1211,2,0,2
1212,2,0,2
1213,2,0,2
1214,2,0,2
1215,2,0,2
1216,2,0,2
1217,2,0,2
1218,2,0,2
1219,2,0,2
1220,3,0,2
1221,3,0,3
1222,3,0,3
1223,0,0,3
1224,0,0,0
1225,0,0,0
1226,0,0,0
1227,0,0,0
1228,0,1,0
1229,0,1,0
1230,0,1,0
1231,0,2,0
1232,0,2,0
1233,0,2,0
1234,0,2,0
1235,0,2,0
1236,0,2,0
1237,0,2,0
1238,0,2,0
1239,0,2,0
1240,0,2,0
1241,0,3,0
1242,0,3,0
1243,0,3,0
1244,0,0,0
1245,0,0,0
1246,0,0,0
1247,0,0,0
1248,1,0,0
1249,1,0,1
1250,1,0,1
1251,2,0,1
1252,2,0,2
1253,2,0,2
1254,2,0,2
1255,2,0,2
1256,2,0,2
1257,2,0,2
1258,2,0,2
1259,2,0,2
1260,2,0,2
1261,3,0,2
1262,3,0,3
1263,3,0,3
1264,0,0,3
1265,0,0,0
1266,0,0,0
1267,0,0,0
1268,0,0,0
1269,0,1,0
1270,0,1,0
1271,0,1,0
1272,0,2,0
1273,0,2,0
1274,0,2,0
1275,0,2,0
1276,0,2,0
1277,0,2,0
1278,0,2,0
1279,0,2,0
1280,0,2,0
1281,0,2,0
1282,0,3,0
1283,0,3,0
1284,0,3,0
1285,0,0,0
1286,0,0,0
1287,0,0,0
1288,0,0,0
1289,1,0,0
1290,1,0,1
1291,1,0,1
1292,2,0,1
1293,2,0,2
1294,2,0,2
1295,2,0,2
1296,2,0,2
1297,2,0,2
1298,2,0,2
1299,2,0,2
1300,2,0,2
1301,2,0,2
1302,3,0,2
1303,3,0,3
1304,3,0,3
1305,0,0,3
1306,0,0,0
1307,0,0,0
1308,0,0,0
1309,0,0,0
1310,0,1,0
1311,0,1,0
1312,0,1,0
1313,0,2,0
1314,0,2,0
1315,0,2,0
1316,0,2,0
1317,0,2,0
1318,0,2,0
1319,0,2,0
1320,0,2,0
1321,0,2,0
1322,0,2,0
1323,0,3,0
1324,0,3,0
1325,0,3,0
1326,0,0,1
1327,0,0,1
1328,0,0,1
1329,0,0,2
1330,1,0,2
1331,1,0,2
1332,1,0,2
1333,2,0,2
1334,2,0,2
1335,2,0,2
1336,2,0,2
1337,2,0,2
1338,2,0,2
1339,2,0,3
1340,2,0,3
1341,2,0,3
1342,2,0,0
1343,3,0,0
1344,3,0,0
1345,3,0,0
1346,0,1,0
1347,0,1,0
1348,0,1,0
1349,0,2,0
1350,0,2,0
1351,0,2,0
1352,0,2,0
1353,0,2,0
1354,0,2,0
1355,0,2,0
1356,0,2,0
1357,0,2,0
1358,0,2,0
1359,0,3,0
1360,0,3,0
1361,0,3,0
1362,0,0,0
1363,0,0,0
1364,0,0,0
1365,0,0,0
1366,1,0,0
1367,1,0,1
1368,1,0,1
1369,2,0,1
1370,2,0,2
1371,2,0,2
1372,2,0,2
1373,2,0,2
1374,2,0,2
1375,2,0,2
1376,2,0,2
1377,2,0,2
1378,2,0,2
1379,3,0,2
1380,3,0,3
1381,3,0,3
1382,0,0,3
1383,0,0,0
1384,0,0,0
1385,0,0,0
1386,0,0,0
1387,0,1,0
1388,0,1,0
1389,0,1,0
1390,0,2,0
1391,0,2,0
1392,0,2,0
1393,0,2,0
1394,0,2,0
1395,0,2,0
1396,0,2,0
1397,0,2,0
1398,0,2,0
1399,0,2,0
1400,0,3,0
1401,0,3,0
1402,0,3,0
1403,0,0,0
1404,0,0,0
1405,0,0,0
1406,0,0,0
1407,1,0,0
1408,1,0,1
1409,1,0,1
1410,2,0,1
1411,2,0,2
1412,2,0,2
1413,2,0,2
1414,2,0,2
1415,2,0,2
1416,2,0,2
1417,2,0,2
1418,2,0,2
1419,2,0,2
1420,3,0,2
1421,3,0,3
1422,3,0,3
1423,0,0,3
1424,0,0,0
1425,0,0,0
1426,0,0,0
1427,0,0,0
1428,0,1,0
1429,0,1,0
1430,0,1,0
1431,0,2,0
1432,0,2,0
1433,0,2,0
1434,0,2,0
1435,0,2,0
1436,0,2,0
1437,0,2,0
1438,0,2,0
1439,0,2,0
1440,0,2,0
1441,0,3,0
1442,0,3,0
1443,0,3,0
1444,0,0,0
1445,0,0,0
1446,0,0,0
1447,0,0,0
1448,1,0,0
1449,1,0,1
1450,1,0,1
1451,2,0,1
1452,2,0,2
1453,2,0,2
1454,2,0,2
1455,2,0,2
1456,2,0,2
1457,2,0,2
1458,2,0,2
1459,2,0,2
1460,2,0,2
1461,3,0,2
1462,3,0,3
1463,3,0,3
1464,0,0,3
1465,0,0,0
1466,0,0,0
1467,0,0,0
1468,0,0,0
1469,0,1,0
1470,0,1,0
1471,0,1,0
1472,0,2,0
1473,0,2,0
1474,0,2,0
1475,0,2,0
1476,0,2,0
1477,0,2,0
1478,0,2,0
1479,0,2,0
1480,0,2,0
1481,0,2,0
1482,0,3,0
1483,0,3,0
1484,0,3,0
1485,0,0,0
1486,0,0,0
1487,0,0,0
1488,0,0,0
1489,1,0,0
1490,1,0,1
1491,1,0,1
1492,2,0,1
1493,2,0,2
1494,2,0,2
1495,2,0,2
1496,2,0,2
1497,2,0,2
1498,2,0,2
1499,2,0,2
1500,2,0,2
1501,2,0,2
1502,3,0,2
1503,3,0,3
1504,3,0,3
1505,0,0,3
1506,0,0,0
1507,0,0,0
1508,0,0,0
1509,0,0,0
1510,0,1,0
1511,0,1,0
1512,0,1,0
1513,0,2,0
1514,0,2,0
1515,0,2,0
1516,0,2,0
1517,0,2,0
1518,0,2,0
1519,0,2,0
1520,0,2,0
1521,0,2,0
1522,0,2,0
1523,0,3,0
1524,0,3,0
1525,0,3,0
1526,0,0,1
1527,0,0,1
1528,0,0,1
1529,0,0,2
1530,1,0,2
1531,1,0,2
1532,1,0,2
1533,2,0,2
1534,2,0,2
1535,2,0,2
1536,2,0,2
1537,2,0,2
1538,2,0,2
1539,2,0,3
1540,2,0,3
1541,2,0,3
1542,2,0,0
1543,3,0,0
1544,3,0,0
1545,3,0,0
1546,0,1,0
1547,0,1,0
1548,0,1,0
1549,0,2,0
1550,0,2,0
1551,0,2,0
1552,0,2,0
1553,0,2,0
1554,0,2,0
1555,0,2,0
1556,0,2,0
1557,0,2,0
1558,0,2,0
1559,0,3,0
1560,0,3,0
1561,0,3,0
1562,0,0,0
1563,0,0,0
1564,0,0,0
1565,0,0,0
1566,1,0,0
1567,1,0,1
1568,1,0,1
1569,2,0,1
1570,2,0,2
1571,2,0,2
1572,2,0,2
1573,2,0,2
1574,2,0,2
1575,2,0,2
1576,2,0,2
1577,2,0,2
1578,2,0,2
1579,3,0,2
1580,3,0,3
1581,3,0,3
1582,0,0,3
1583,0,0,0
1584,0,0,0
1585,0,0,0
1586,0,0,0
1587,0,1,0
1588,0,1,0
1589,0,1,0
1590,0,2,0
1591,0,2,0
1592,0,2,0
1593,0,2,0
1594,0,2,0
1595,0,2,0
1596,0,2,0
1597,0,2,0
1598,0,2,0
1599,0,2,0
1600,0,3,0
1601,0,3,0
1602,0,3,0
1603,0,0,0
1604,0,0,0
1605,0,0,0
1606,0,0,0
1607,1,0,0
1608,1,0,1
1609,1,0,1
1610,2,0,1
1611,2,0,2
1612,2,0,2
1613,2,0,2
1614,2,0,2
1615,2,0,2
1616,2,0,2
1617,2,0,2
1618,2,0,2
1619,2,0,2
1620,3,0,2
1621,3,0,3
1622,3,0,3
1623,0,0,3
1624,0,0,0
1625,0,0,0
1626,0,0,0
1627,0,0,0
1628,0,1,0
1629,0,1,0
1630,0,1,0
1631,0,2,0
1632,0,2,0
1633,0,2,0
1634,0,2,0
1635,0,2,0
1636,0,2,0
1637,0,2,0
1638,0,2,0
1639,0,2,0
1640,0,2,0
1641,0,3,0
1642,0,3,0
1643,0,3,0
1644,0,0,0
1645,0,0,0
1646,0,0,0
1647,0,0,0
1648,1,0,0
1649,1,0,1
1650,1,0,1
1651,2,0,1
1652,2,0,2
1653,2,0,2
1654,2,0,2
1655,2,0,2
1656,2,0,2
1657,2,0,2
1658,2,0,2
1659,2,0,2
1660,2,0,2
1661,3,0,2
1662,3,0,3
1663,3,0,3
1664,0,0,3
1665,0,0,0
1666,0,0,0
1667,0,0,0
1668,0,0,0
1669,0,1,0
1670,0,1,0
1671,0,1,0
1672,0,2,0
1673,0,2,0
1674,0,2,0
1675,0,2,0
1676,0,2,0
1677,0,2,0
1678,0,2,0
1679,0,2,0
1680,0,2,0
1681,0,2,0
1682,0,3,0
1683,0,3,0
1684,0,3,0
1685,0,0,0
1686,0,0,0
1687,0,0,0
1688,0,0,0
1689,1,0,0
1690,1,0,1
1691,1,0,1
1692,2,0,1
1693,2,0,2
1694,2,0,2
1695,2,0,2
1696,2,0,2
1697,2,0,2
1698,2,0,2
1699,2,0,2
1700,2,0,2
1701,2,0,2
1702,3,0,2
1703,3,0,3
1704,3,0,3
1705,0,0,3
1706,0,0,0
1707,0,0,0
1708,0,0,0
1709,0,0,0
1710,0,1,0
1711,0,1,0
1712,0,1,0
1713,0,2,0
1714,0,2,0
1715,0,2,0
1716,0,2,0
1717,0,2,0
1718,0,2,0
1719,0,2,0
1720,0,2,0
1721,0,2,0
1722,0,2,0
1723,0,3,0
1724,0,3,0
1725,0,3,0
1726,0,0,1
1727,0,0,1
1728,0,0,1
1729,0,0,2
1730,1,0,2
1731,1,0,2
1732,1,0,2
1733,2,0,2
1734,2,0,2
1735,2,0,2
1736,2,0,2
1737,2,0,2
1738,2,0,2
1739,2,0,3
1740,2,0,3
1741,2,0,3
1742,2,0,0
1743,3,0,0
1744,3,0,0
1745,3,0,0
1746,0,1,0
1747,0,1,0
1748,0,1,0
1749,0,2,0
1750,0,2,0
1751,0,2,0
1752,0,2,0
1753,0,2,0
1754,0,2,0
1755,0,2,0
1756,0,2,0
1757,0,2,0
1758,0,2,0
1759,0,3,0
1760,0,3,0
1761,0,3,0
1762,0,0,0
1763,0,0,0
1764,0,0,0
1765,0,0,0
1766,1,0,0
1767,1,0,1
1768,1,0,1
1769,2,0,1
1770,2,0,2
1771,2,0,2
1772,2,0,2
1773,2,0,2
1774,2,0,2
1775,2,0,2
1776,2,0,2
1777,2,0,2
1778,2,0,2
1779,3,0,2
1780,3,0,3
1781,3,0,3
1782,0,0,3
1783,0,0,0
1784,0,0,0
1785,0,0,0
1786,0,0,0
1787,0,1,0
1788,0,1,0
1789,0,1,0
1790,0,2,0
1791,0,2,0
1792,0,2,0
1793,0,2,0
1794,0,2,0
1795,0,2,0
1796,0,2,0
1797,0,2,0
1798,0,2,0
1799,0,2,0
1800,0,3,0
1801,0,3,0
1802,0,3,0
1803,0,0,0
1804,0,0,0
1805,0,0,0
1806,0,0,0
1807,1,0,0
1808,1,0,1
1809,1,0,1
1810,2,0,1
1811,2,0,2
1812,2,0,2
1813,2,0,2
1814,2,0,2
1815,2,0,2
1816,2,0,2
1817,2,0,2
1818,2,0,2
1819,2,0,2
1820,3,0,2
1821,3,0,3
1822,3,0,3
1823,0,0,3
1824,0,0,0
1825,0,0,0
1826,0,0,0
1827,0,0,0
1828,0,1,0
1829,0,1,0
1830,0,1,0
1831,0,2,0
1832,0,2,0
1833,0,2,0
1834,0,2,0
1835,0,2,0
1836,0,2,0
1837,0,2,0
1838,0,2,0
1839,0,2,0
1840,0,2,0
1841,0,3,0
1842,0,3,0
1843,0,3,0
1844,0,0,0
1845,0,0,0
1846,0,0,0
1847,0,0,0
1848,1,0,0
1849,1,0,1
1850,1,0,1
1851,2,0,1
1852,2,0,2
1853,2,0,2
1854,2,0,2
1855,2,0,2
1856,2,0,2
1857,2,0,2
1858,2,0,2
1859,2,0,2
1860,2,0,2
1861,3,0,2
1862,3,0,3
1863,3,0,3
1864,0,0,3
1865,0,0,0
1866,0,0,0
1867,0,0,0
1868,0,0,0
1869,0,1,0
1870,0,1,0
1871,0,1,0
1872,0,2,0
1873,0,2,0
1874,0,2,0
1875,0,2,0
1876,0,2,0
1877,0,2,0
1878,0,2,0
1879,0,2,0
1880,0,2,0
1881,0,2,0
1882,0,3,0
1883,0,3,0
1884,0,3,0
1885,0,0,0
1886,0,0,0
1887,0,0,0
1888,0,0,0
1889,1,0,0
1890,1,0,1
1891,1,0,1
1892,2,0,1
1893,2,0,2
1894,2,0,2
1895,2,0,2
1896,2,0,2
1897,2,0,2
1898,2,0,2
1899,2,0,2
1900,2,0,2
1901,2,0,2
1902,3,0,2
1903,3,0,3
1904,3,0,3
1905,0,0,3
1906,0,0,0
1907,0,0,0
1908,0,0,0
1909,0,0,0
1910,0,1,0
1911,0,1,0
1912,0,1,0
1913,0,2,0
1914,0,2,0
1915,0,2,0
1916,0,2,0
1917,0,2,0
1918,0,2,0
1919,0,2,0
1920,0,2,0
1921,0,2,0
1922,0,2,0
1923,0,3,0
1924,0,3,0
1925,0,3,0
1926,0,0,1
1927,0,0,1
1928,0,0,1
1929,0,0,2
1930,1,0,2
1931,1,0,2
1932,1,0,2
1933,2,0,2
1934,2,0,2
1935,2,0,2
1936,2,0,2
1937,2,0,2
1938,2,0,2
1939,2,0,3
1940,2,0,3
1941,2,0,3
1942,2,0,0
1943,3,0,0
1944,3,0,0
1945,3,0,0
1946,0,1,0
1947,0,1,0
1948,0,1,0
1949,0,2,0
1950,0,2,0
1951,0,2,0
1952,0,2,0
1953,0,2,0
1954,0,2,0
1955,0,2,0
1956,0,2,0
1957,0,2,0
1958,0,2,0
1959,0,3,0
1960,0,3,0
1961,0,3,0
1962,0,0,0
1963,0,0,0
1964,0,0,0
1965,0,0,0
1966,1,0,0
1967,1,0,1
1968,1,0,1
1969,2,0,1
1970,2,0,2
1971,2,0,2
1972,2,0,2
1973,2,0,2
1974,2,0,2
1975,2,0,2
1976,2,0,2
1977,2,0,2
1978,2,0,2
1979,3,0,2
1980,3,0,3
1981,3,0,3
1982,0,0,3
1983,0,0,0
1984,0,0,0
1985,0,0,0
1986,0,0,0
1987,0,1,0
1988,0,1,0
1989,0,1,0
1990,0,2,0
1991,0,2,0
1992,0,2,0
1993,0,2,0
1994,0,2,0
1995,0,2,0
1996,0,2,0
1997,0,2,0
1998,0,2,0
1999,0,2,0
2000,0,3,0
2001,0,3,0
2002,0,3,0
2003,0,0,0
2004,0,0,0
2005,0,0,0
2006,0,0,0
2007,1,0,0
2008,1,0,1
2009,1,0,1
2010,2,0,1
2011,2,0,2
2012,2,0,2
2013,2,0,2
2014,2,0,2
2015,2,0,2
2016,2,0,2
2017,2,0,2
2018,2,0,2
2019,2,0,2
2020,3,0,2
2021,3,0,3
2022,3,0,3
2023,0,0,3
2024,0,0,0
2025,0,0,0
2026,0,0,0
2027,0,0,0
2028,0,1,0
2029,0,1,0
2030,0,1,0
2031,0,2,0
2032,0,2,0
2033,0,2,0
2034,0,2,0
2035,0,2,0
2036,0,2,0
2037,0,2,0
2038,0,2,0
2039,0,2,0
2040,0,2,0
2041,0,3,0
2042,0,3,0
2043,0,3,0
2044,0,0,0
2045,0,0,0
2046,0,0,0
2047,0,0,0
2048,1,0,0
2049,1,0,1
2050,1,0,1
2051,2,0,1
2052,2,0,2
2053,2,0,2
2054,2,0,2
2055,2,0,2
2056,2,0,2
2057,2,0,2
2058,2,0,2
2059,2,0,2
2060,2,0,2
2061,3,0,2
2062,3,0,3
2063,3,0,3
2064,0,0,3
2065,0,0,0
2066,0,0,0
2067,0,0,0
2068,0,0,0
2069,0,1,0
2070,0,1,0
2071,0,1,0
2072,0,2,0
2073,0,2,0
2074,0,2,0
2075,0,2,0
2076,0,2,0
2077,0,2,0
2078,0,2,0
2079,0,2,0
2080,0,2,0
2081,0,2,0
2082,0,3,0
2083,0,3,0
2084,0,3,0
2085,0,0,0
2086,0,0,0
2087,0,0,0
2088,0,0,0
2089,1,0,0
2090,1,0,1
2091,1,0,1
2092,2,0,1
2093,2,0,2
2094,2,0,2
2095,2,0,2
2096,2,0,2
2097,2,0,2
2098,2,0,2
2099,2,0,2
2100,2,0,2
2101,2,0,2
2102,3,0,2
2103,3,0,3
2104,3,0,3
2105,0,0,3
2106,0,0,0
2107,0,0,0
2108,0,0,0
2109,0,0,0
2110,0,1,0
2111,0,1,0
2112,0,1,0
2113,0,2,0
2114,0,2,0
2115,0,2,0
2116,0,2,0
2117,0,2,0
2118,0,2,0
2119,0,2,0
2120,0,2,0
2121,0,2,0
2122,0,2,0
2123,0,3,0
2124,0,3,0
2125,0,3,0
2126,0,0,1
2127,0,0,1
2128,0,0,1
2129,0,0,2
2130,1,0,2
2131,1,0,2
2132,1,0,2
2133,2,0,2
2134,2,0,2
2135,2,0,2
2136,2,0,2
2137,2,0,2
2138,2,0,2
2139,2,0,3
2140,2,0,3
2141,2,0,3
2142,2,0,0
2143,3,0,0
2144,3,0,0
2145,3,0,0
2146,0,1,0
2147,0,1,0
2148,0,1,0
2149,0,2,0
2150,0,2,0
2151,0,2,0
2152,0,2,0
2153,0,2,0
2154,0,2,0
2155,0,2,0
2156,0,2,0
2157,0,2,0
2158,0,2,0
2159,0,3,0
2160,0,3,0
2161,0,3,0
2162,0,0,0
2163,0,0,0
2164,0,0,0
2165,0,0,0
2166,1,0,0
2167,1,0,1
2168,1,0,1
2169,2,0,1
2170,2,0,2
2171,2,0,2
2172,2,0,2
2173,2,0,2
2174,2,0,2
2175,2,0,2
2176,2,0,2
2177,2,0,2
2178,2,0,2
2179,3,0,2
2180,3,0,3
2181,3,0,3
2182,0,0,3
2183,0,0,0
2184,0,0,0
2185,0,0,0
2186,0,0,0
2187,0,1,0
2188,0,1,0
2189,0,1,0
2190,0,2,0
2191,0,2,0
2192,0,2,0
2193,0,2,0
2194,0,2,0
2195,0,2,0
2196,0,2,0
2197,0,2,0
2198,0,2,0
2199,0,2,0
2200,0,3,0
2201,0,3,0
2202,0,3,0
2203,0,0,0
2204,0,0,0
2205,0,0,0
2206,0,0,0
2207,1,0,0
2208,1,0,1
2209,1,0,1
2210,2,0,1
2211,2,0,2
2212,2,0,2
2213,2,0,2
2214,2,0,2
2215,2,0,2
2216,2,0,2
2217,2,0,2
2218,2,0,2
2219,2,0,2
2220,3,0,2
2221,3,0,3
2222,3,0,3
2223,0,0,3
2224,0,0,0
2225,0,0,0
2226,0,0,0
2227,0,0,0
2228,0,1,0
2229,0,1,0
2230,0,1,0
2231,0,2,0
2232,0,2,0
2233,0,2,0
2234,0,2,0
2235,0,2,0
2236,0,2,0
2237,0,2,0
2238,0,2,0
2239,0,2,0
2240,0,2,0
2241,0,3,0
2242,0,3,0
2243,0,3,0
2244,0,0,0
2245,0,0,0
2246,0,0,0
2247,0,0,0
2248,1,0,0
2249,1,0,1
2250,1,0,1
2251,2,0,1
2252,2,0,2
2253,2,0,2
2254,2,0,2
2255,2,0,2
2256,2,0,2
2257,2,0,2
2258,2,0,2
2259,2,0,2
2260,2,0,2
2261,3,0,2
2262,3,0,3
2263,3,0,3
2264,0,0,3
2265,0,0,0
2266,0,0,0
2267,0,0,0
2268,0,0,0
2269,0,1,0
2270,0,1,0
2271,0,1,0
2272,0,2,0
2273,0,2,0
2274,0,2,0
2275,0,2,0
2276,0,2,0
2277,0,2,0
2278,0,2,0
2279,0,2,0
2280,0,2,0
2281,0,2,0
2282,0,3,0
2283,0,3,0
2284,0,3,0
2285,0,0,0
2286,0,0,0
2287,0,0,0
2288,0,0,0
2289,1,0,0
2290,1,0,1
2291,1,0,1
2292,2,0,1
2293,2,0,2
2294,2,0,2
2295,2,0,2
2296,2,0,2
2297,2,0,2
2298,2,0,2
2299,2,0,2
2300,2,0,2
2301,2,0,2
2302,3,0,2
2303,3,0,3
2304,3,0,3
2305,0,0,3
2306,0,0,0
2307,0,0,0
2308,0,0,0
2309,0,0,0
2310,0,1,0
2311,0,1,0
2312,0,1,0
2313,0,2,0
2314,0,2,0
2315,0,2,0
2316,0,2,0
2317,0,2,0
2318,0,2,0
2319,0,2,0
2320,0,2,0
2321,0,2,0
2322,0,2,0
2323,0,3,0
2324,0,3,0
2325,0,3,0
2326,0,0,1
2327,0,0,1
2328,0,0,1
2329,0,0,2
2330,1,0,2
2331,1,0,2
2332,1,0,2
2333,2,0,2
2334,2,0,2
2335,2,0,2
2336,2,0,2
2337,2,0,2
2338,2,0,2
2339,2,0,3
2340,2,0,3
2341,2,0,3
2342,2,0,0
2343,3,0,0
2344,3,0,0
2345,3,0,0
2346,0,1,0
2347,0,1,0
2348,0,1,0
2349,0,2,0
2350,0,2,0
2351,0,2,0
2352,0,2,0
2353,0,2,0
2354,0,2,0
2355,0,2,0
2356,0,2,0
2357,0,2,0
2358,0,2,0
2359,0,3,0
2360,0,3,0
2361,0,3,0
2362,0,0,0
2363,0,0,0
2364,0,0,0
2365,0,0,0
2366,1,0,0
2367,1,0,1
2368,1,0,1
2369,2,0,1
2370,2,0,2
2371,2,0,2
2372,2,0,2
2373,2,0,2
2374,2,0,2
2375,2,0,2
2376,2,0,2
2377,2,0,2
2378,2,0,2
2379,3,0,2
2380,3,0,3
2381,3,0,3
2382,0,0,3
2383,0,0,0
2384,0,0,0
2385,0,0,0
2386,0,0,0
2387,0,1,0
2388,0,1,0
2389,0,1,0
2390,0,2,0
2391,0,2,0
2392,0,2,0
2393,0,2,0
2394,0,2,0
2395,0,2,0
2396,0,2,0
2397,0,2,0
2398,0,2,0
2399,0,2,0
2400,0,3,0
2401,0,3,0
2402,0,3,0
2403,0,0,0
2404,0,0,0
2405,0,0,0
2406,0,0,0
2407,1,0,0
2408,1,0,1
2409,1,0,1
2410,2,0,1
2411,2,0,2
2412,2,0,2
2413,2,0,2
2414,2,0,2
2415,2,0,2
2416,2,0,2
2417,2,0,2
2418,2,0,2
2419,2,0,2
2420,3,0,2
2421,3,0,3
2422,3,0,3
2423,0,0,3
2424,0,0,0
2425,0,0,0
2426,0,0,0
2427,0,0,0
2428,0,1,0
2429,0,1,0
2430,0,1,0
2431,0,2,0
2432,0,2,0
2433,0,2,0
2434,0,2,0
2435,0,2,0
2436,0,2,0
2437,0,2,0
2438,0,2,0
2439,0,2,0
2440,0,2,0
2441,0,3,0
2442,0,3,0
2443,0,3,0
2444,0,0,0
2445,0,0,0
2446,0,0,0
2447,0,0,0
2448,1,0,0
2449,1,0,1
2450,1,0,1
2451,2,0,1
2452,2,0,2
2453,2,0,2
2454,2,0,2
2455,2,0,2
2456,2,0,2
2457,2,0,2
2458,2,0,2
2459,2,0,2
2460,2,0,2
2461,3,0,2
2462,3,0,3
2463,3,0,3
2464,0,0,3
2465,0,0,0
2466,0,0,0
2467,0,0,0
2468,0,0,0
2469,0,1,0
2470,0,1,0
2471,0,1,0
2472,0,2,0
2473,0,2,0
2474,0,2,0
2475,0,2,0
2476,0,2,0
2477,0,2,0
2478,0,2,0
2479,0,2,0
2480,0,2,0
2481,0,2,0
2482,0,3,0
2483,0,3,0
2484,0,3,0
2485,0,0,0
2486,0,0,0
2487,0,0,0
2488,0,0,0
2489,1,0,0
2490,1,0,1
2491,1,0,1
2492,2,0,1
2493,2,0,2
2494,2,0,2
2495,2,0,2
2496,2,0,2
2497,2,0,2
2498,2,0,2
2499,2,0,2
2500,2,0,2
2501,2,0,2
2502,3,0,2
2503,3,0,3
2504,3,0,3
2505,0,0,3
2506,0,0,0
2507,0,0,0
2508,0,0,0
2509,0,0,0
2510,0,1,0
2511,0,1,0
2512,0,1,0
2513,0,2,0
2514,0,2,0
2515,0,2,0
2516,0,2,0
2517,0,2,0
2518,0,2,0
2519,0,2,0
2520,0,2,0
2521,0,2,0
2522,0,2,0
2523,0,3,0
2524,0,3,0
2525,0,3,0
2526,0,0,1
2527,0,0,1
2528,0,0,1
2529,0,0,2
2530,1,0,2
2531,1,0,2
2532,1,0,2
2533,2,0,2
2534,2,0,2
2535,2,0,2
2536,2,0,2
2537,2,0,2
2538,2,0,2
2539,2,0,3
2540,2,0,3
2541,2,0,3
2542,2,0,0
2543,3,0,0
2544,3,0,0
2545,3,0,0
2546,0,1,0
2547,0,1,0
2548,0,1,0
2549,0,2,0
2550,0,2,0
2551,0,2,0
2552,0,2,0
2553,0,2,0
2554,0,2,0
2555,0,2,0
2556,0,2,0
2557,0,2,0
2558,0,2,0
2559,0,3,0
2560,0,3,0
2561,0,3,0
2562,0,0,0
2563,0,0,0
2564,0,0,0
2565,0,0,0
2566,1,0,0
2567,1,0,1
2568,1,0,1
2569,2,0,1
2570,2,0,2
2571,2,0,2
2572,2,0,2
2573,2,0,2
2574,2,0,2
2575,2,0,2
2576,2,0,2
2577,2,0,2
2578,2,0,2
2579,3,0,2
2580,3,0,3
2581,3,0,3
2582,0,0,3
2583,0,0,0
2584,0,0,0
2585,0,0,0
2586,0,0,0
2587,0,1,0
2588,0,1,0
2589,0,1,0
2590,0,2,0
2591,0,2,0
2592,0,2,0
2593,0,2,0
2594,0,2,0
2595,0,2,0
2596,0,2,0
2597,0,2,0
2598,0,2,0
2599,0,2,0
2600,0,3,0
2601,0,3,0
2602,0,3,0
2603,0,0,0
2604,0,0,0
2605,0,0,0
2606,0,0,0
2607,1,0,0
2608,1,0,1
2609,1,0,1
2610,2,0,1
2611,2,0,2
2612,2,0,2
2613,2,0,2
2614,2,0,2
2615,2,0,2
2616,2,0,2
2617,2,0,2
2618,2,0,2
2619,2,0,2
2620,3,0,2
2621,3,0,3
2622,3,0,3
2623,0,0,3
2624,0,0,0
2625,0,0,0
2626,0,0,0
2627,0,0,0
2628,0,1,0
2629,0,1,0
2630,0,1,0
2631,0,2,0
2632,0,2,0
2633,0,2,0
2634,0,2,0
2635,0,2,0
2636,0,2,0
2637,0,2,0
2638,0,2,0
2639,0,2,0
2640,0,2,0
2641,0,3,0
2642,0,3,0
2643,0,3,0
2644,0,0,0
2645,0,0,0
2646,0,0,0
2647,0,0,0
2648,1,0,0
2649,1,0,1
2650,1,0,1
2651,2,0,1
2652,2,0,2
2653,2,0,2
2654,2,0,2
2655,2,0,2
2656,2,0,2
2657,2,0,2
2658,2,0,2
2659,2,0,2
2660,2,0,2
2661,3,0,2
2662,3,0,3
2663,3,0,3
2664,0,0,3
2665,0,0,0
2666,0,0,0
2667,0,0,0
2668,0,0,0
2669,0,1,0
2670,0,1,0
2671,0,1,0
2672,0,2,0
2673,0,2,0
2674,0,2,0
2675,0,2,0
2676,0,2,0
2677,0,2,0
2678,0,2,0
2679,0,2,0
2680,0,2,0
2681,0,2,0
2682,0,3,0
2683,0,3,0
2684,0,3,0
2685,0,0,0
2686,0,0,0
2687,0,0,0
2688,0,0,0
2689,1,0,0
2690,1,0,1
2691,1,0,1
2692,2,0,1
2693,2,0,2
2694,2,0,2
2695,2,0,2
2696,2,0,2
2697,2,0,2
2698,2,0,2
2699,2,0,2
2700,2,0,2
2701,2,0,2
2702,3,0,2
2703,3,0,3
2704,3,0,3
2705,0,0,3
2706,0,0,0
2707,0,0,0
2708,0,0,0
2709,0,0,0
2710,0,1,0
2711,0,1,0
2712,0,1,0
2713,0,2,0
2714,0,2,0
2715,0,2,0
2716,0,2,0
2717,0,2,0
2718,0,2,0
2719,0,2,0
2720,0,2,0
2721,0,2,0
2722,0,2,0
2723,0,3,0
2724,0,3,0
2725,0,3,0
2726,0,0,1
2727,0,0,1
2728,0,0,1
2729,0,0,2
2730,1,0,2
2731,1,0,2
2732,1,0,2
2733,2,0,2
2734,2,0,2
2735,2,0,2
2736,2,0,2
2737,2,0,2
2738,2,0,2
2739,2,0,3
2740,2,0,3
2741,2,0,3
2742,2,0,0
2743,3,0,0
2744,3,0,0
2745,3,0,0
2746,0,1,0
2747,0,1,0
2748,0,1,0
2749,0,2,0
2750,0,2,0
2751,0,2,0
2752,0,2,0
2753,0,2,0
2754,0,2,0
2755,0,2,0
2756,0,2,0
2757,0,2,0
2758,0,2,0
2759,0,3,0
2760,0,3,0
2761,0,3,0
2762,0,0,0
2763,0,0,0
2764,0,0,0
2765,0,0,0
2766,1,0,0
2767,1,0,1
2768,1,0,1
2769,2,0,1
2770,2,0,2
2771,2,0,2
2772,2,0,2
2773,2,0,2
2774,2,0,2
2775,2,0,2
2776,2,0,2
2777,2,0,2
2778,2,0,2
2779,3,0,2
2780,3,0,3
2781,3,0,3
2782,0,0,3
2783,0,0,0
2784,0,0,0
2785,0,0,0
2786,0,0,0
2787,0,1,0
2788,0,1,0
2789,0,1,0
2790,0,2,0
2791,0,2,0
2792,0,2,0
2793,0,2,0
2794,0,2,0
2795,0,2,0
2796,0,2,0
2797,0,2,0
2798,0,2,0
2799,0,2,0
2800,0,3,0
2801,0,3,0
2802,0,3,0
2803,0,0,0
2804,0,0,0
2805,0,0,0
2806,0,0,0
2807,1,0,0
2808,1,0,1
2809,1,0,1
2810,2,0,1
2811,2,0,2
2812,2,0,2
2813,2,0,2
2814,2,0,2
2815,2,0,2
2816,2,0,2
2817,2,0,2
2818,2,0,2
2819,2,0,2
2820,3,0,2
2821,3,0,3
2822,3,0,3
2823,0,0,3
2824,0,0,0
2825,0,0,0
2826,0,0,0
2827,0,0,0
2828,0,1,0
2829,0,1,0
2830,0,1,0
2831,0,2,0
2832,0,2,0
2833,0,2,0
2834,0,2,0
2835,0,2,0
2836,0,2,0
2837,0,2,0
2838,0,2,0
2839,0,2,0
2840,0,2,0
2841,0,3,0
2842,0,3,0
2843,0,3,0
2844,0,0,0
2845,0,0,0
2846,0,0,0
2847,0,0,0
2848,1,0,0
2849,1,0,1
2850,1,0,1
2851,2,0,1
2852,2,0,2
2853,2,0,2
2854,2,0,2
2855,2,0,2
2856,2,0,2
2857,2,0,2
2858,2,0,2
2859,2,0,2
2860,2,0,2
2861,3,0,2
2862,3,0,3
2863,3,0,3
2864,0,0,3
2865,0,0,0
2866,0,0,0
2867,0,0,0
2868,0,0,0
2869,0,1,0
2870,0,1,0
2871,0,1,0
2872,0,2,0
2873,0,2,0
2874,0,2,0
2875,0,2,0
2876,0,2,0
2877,0,2,0
2878,0,2,0
2879,0,2,0
2880,0,2,0
2881,0,2,0
2882,0,3,0
2883,0,3,0
2884,0,3,0
2885,0,0,0
2886,0,0,0
2887,0,0,0
2888,0,0,0
2889,1,0,0
2890,1,0,1
2891,1,0,1
2892,2,0,1
2893,2,0,2
2894,2,0,2
2895,2,0,2
2896,2,0,2
2897,2,0,2
2898,2,0,2
2899,2,0,2
2900,2,0,2
2901,2,0,2
2902,3,0,2
2903,3,0,3
2904,3,0,3
2905,0,0,3
2906,0,0,0
2907,0,0,0
2908,0,0,0
2909,0,0,0
2910,0,1,0
2911,0,1,0
2912,0,1,0
2913,0,2,0
2914,0,2,0
2915,0,2,0
2916,0,2,0
2917,0,2,0
2918,0,2,0
2919,0,2,0
2920,0,2,0
2921,0,2,0
2922,0,2,0
2923,0,3,0
2924,0,3,0
2925,0,3,0
2926,0,0,1
2927,0,0,1
2928,0,0,1
2929,0,0,2
2930,1,0,2
2931,1,0,2
2932,1,0,2
2933,2,0,2
2934,2,0,2
2935,2,0,2
2936,2,0,2
2937,2,0,2
2938,2,0,2
2939,2,0,3
2940,2,0,3
2941,2,0,3
2942,2,0,0
2943,3,0,0
2944,3,0,0
2945,3,0,0
2946,0,1,0
2947,0,1,0
2948,0,1,0
2949,0,2,0
2950,0,2,0
2951,0,2,0
2952,0,2,0
2953,0,2,0
2954,0,2,0
2955,0,2,0
2956,0,2,0
2957,0,2,0
2958,0,2,0
2959,0,3,0
2960,0,3,0
2961,0,3,0
2962,0,0,0
2963,0,0,0
2964,0,0,0
2965,0,0,0
2966,1,0,0
2967,1,0,1
2968,1,0,1
2969,2,0,1
2970,2,0,2
2971,2,0,2
2972,2,0,2
2973,2,0,2
2974,2,0,2
2975,2,0,2
2976,2,0,2
2977,2,0,2
2978,2,0,2
2979,3,0,2
2980,3,0,3
2981,3,0,3
2982,0,0,3
2983,0,0,0
2984,0,0,0
2985,0,0,0
2986,0,0,0
2987,0,1,0
2988,0,1,0
2989,0,1,0
2990,0,2,0
2991,0,2,0
2992,0,2,0
2993,0,2,0
2994,0,2,0
2995,0,2,0
2996,0,2,0
2997,0,2,0
2998,0,2,0
2999,0,2,0
3000,0,3,0
3001,0,3,0
3002,0,3,0
3003,0,0,0
3004,0,0,0
3005,0,0,0
3006,0,0,0
3007,1,0,0
3008,1,0,1
3009,1,0,1
3010,2,0,1
3011,2,0,2
3012,2,0,2
3013,2,0,2
3014,2,0,2
3015,2,0,2
3016,2,0,2
3017,2,0,2
3018,2,0,2
3019,2,0,2
3020,3,0,2
3021,3,0,3
3022,3,0,3
3023,0,0,3
3024,0,0,0
3025,0,0,0
3026,0,0,0
3027,0,0,0
3028,0,1,0
3029,0,1,0
3030,0,1,0
3031,0,2,0
3032,0,2,0
3033,0,2,0
3034,0,2,0
3035,0,2,0
3036,0,2,0
3037,0,2,0
3038,0,2,0
3039,0,2,0
3040,0,2,0
3041,0,3,0
3042,0,3,0
3043,0,3,0
3044,0,0,0
3045,0,0,0
3046,0,0,0
3047,0,0,0
3048,1,0,0
3049,1,0,1
3050,1,0,1
3051,2,0,1
3052,2,0,2
3053,2,0,2
3054,2,0,2
3055,2,0,2
3056,2,0,2
3057,2,0,2
3058,2,0,2
3059,2,0,2
3060,2,0,2
3061,3,0,2
3062,3,0,3
3063,3,0,3
3064,0,0,3
3065,0,0,0
3066,0,0,0
3067,0,0,0
3068,0,0,0
3069,0,1,0
3070,0,1,0
3071,0,1,0
3072,0,2,0
3073,0,2,0
3074,0,2,0
3075,0,2,0
3076,0,2,0
3077,0,2,0
3078,0,2,0
3079,0,2,0
3080,0,2,0
3081,0,2,0
3082,0,3,0
3083,0,3,0
3084,0,3,0
3085,0,0,0
3086,0,0,0
3087,0,0,0
3088,0,0,0
3089,1,0,0
3090,1,0,1
3091,1,0,1
3092,2,0,1
3093,2,0,2
3094,2,0,2
3095,2,0,2
3096,2,0,2
3097,2,0,2
3098,2,0,2
3099,2,0,2
3100,2,0,2
3101,2,0,2
3102,3,0,2
3103,3,0,3
3104,3,0,3
3105,0,0,3
3106,0,0,0
3107,0,0,0
3108,0,0,0
3109,0,0,0
3110,0,1,0
3111,0,1,0
3112,0,1,0
3113,0,2,0
3114,0,2,0
3115,0,2,0
3116,0,2,0
3117,0,2,0
3118,0,2,0
3119,0,2,0
3120,0,2,0
3121,0,2,0
3122,0,2,0
3123,0,3,0
3124,0,3,0
3125,0,3,0
3126,0,0,1
3127,0,0,1
3128,0,0,1
3129,0,0,2
3130,1,0,2
3131,1,0,2
3132,1,0,2
3133,2,0,2
3134,2,0,2
3135,2,0,2
3136,2,0,2
3137,2,0,2
3138,2,0,2
3139,2,0,3
3140,2,0,3
3141,2,0,3
3142,2,0,0
3143,3,0,0
3144,3,0,0
3145,3,0,0
3146,0,1,0
3147,0,1,0
3148,0,1,0
3149,0,2,0
3150,0,2,0
3151,0,2,0
3152,0,2,0
3153,0,2,0
3154,0,2,0
3155,0,2,0
3156,0,2,0
3157,0,2,0
3158,0,2,0
3159,0,3,0
3160,0,3,0
3161,0,3,0
3162,0,0,0
3163,0,0,0
3164,0,0,0
3165,0,0,0
3166,1,0,0
3167,1,0,1
3168,1,0,1
3169,2,0,1
3170,2,0,2
3171,2,0,2
3172,2,0,2
3173,2,0,2
3174,2,0,2
3175,2,0,2
3176,2,0,2
3177,2,0,2
3178,2,0,2
3179,3,0,2
3180,3,0,3
3181,3,0,3
3182,0,0,3
3183,0,0,0
3184,0,0,0
3185,0,0,0
3186,0,0,0
3187,0,1,0
3188,0,1,0
3189,0,1,0
3190,0,2,0
3191,0,2,0
3192,0,2,0
3193,0,2,0
3194,0,2,0
3195,0,2,0
3196,0,2,0
3197,0,2,0
3198,0,2,0
3199,0,2,0
3200,0,3,0
3201,0,3,0
3202,0,3,0
3203,0,0,0
3204,0,0,0
3205,0,0,0
3206,0,0,0
3207,1,0,0
3208,1,0,1
3209,1,0,1
3210,2,0,1
3211,2,0,2
3212,2,0,2
3213,2,0,2
3214,2,0,2
3215,2,0,2
3216,2,0,2
3217,2,0,2
3218,2,0,2
3219,2,0,2
3220,3,0,2
3221,3,0,3
3222,3,0,3
3223,0,0,3
3224,0,0,0
3225,0,0,0
3226,0,0,0
3227,0,0,0
3228,0,1,0
3229,0,1,0
3230,0,1,0
3231,0,2,0
3232,0,2,0
3233,0,2,0
3234,0,2,0
3235,0,2,0
3236,0,2,0
3237,0,2,0
3238,0,2,0
3239,0,2,0
3240,0,2,0
3241,0,3,0
3242,0,3,0
3243,0,3,0
3244,0,0,0
3245,0,0,0
3246,0,0,0
3247,0,0,0
3248,1,0,0
3249,1,0,1
3250,1,0,1
3251,2,0,1
3252,2,0,2
3253,2,0,2
3254,2,0,2
3255,2,0,2
3256,2,0,2
3257,2,0,2
3258,2,0,2
3259,2,0,2
3260,2,0,2
3261,3,0,2
3262,3,0,3
3263,3,0,3
3264,0,0,3
3265,0,0,0
3266,0,0,0
3267,0,0,0
3268,0,0,0
3269,0,1,0
3270,0,1,0
3271,0,1,0
3272,0,2,0
3273,0,2,0
3274,0,2,0
3275,0,2,0
3276,0,2,0
3277,0,2,0
3278,0,2,0
3279,0,2,0
3280,0,2,0
3281,0,2,0
3282,0,3,0
3283,0,3,0
3284,0,3,0
3285,0,0,0
3286,0,0,0
3287,0,0,0
3288,0,0,0
3289,1,0,0
3290,1,0,1
3291,1,0,1
3292,2,0,1
3293,2,0,2
3294,2,0,2
3295,2,0,2
3296,2,0,2
3297,2,0,2
3298,2,0,2
3299,2,0,2
3300,2,0,2
3301,2,0,2
3302,3,0,2
3303,3,0,3
3304,3,0,3
3305,0,0,3
3306,0,0,0
3307,0,0,0
3308,0,0,0
3309,0,0,0
3310,0,1,0
3311,0,1,0
3312,0,1,0
3313,0,2,0
3314,0,2,0
3315,0,2,0
3316,0,2,0
3317,0,2,0
3318,0,2,0
3319,0,2,0
3320,0,2,0
3321,0,2,0
3322,0,2,0
3323,0,3,0
3324,0,3,0
3325,0,3,0
3326,0,0,1
3327,0,0,1
3328,0,0,1
3329,0,0,2
3330,1,0,2
3331,1,0,2
3332,1,0,2
3333,2,0,2
3334,2,0,2
3335,2,0,2
3336,2,0,2
3337,2,0,2
3338,2,0,2
3339,2,0,3
3340,2,0,3
3341,2,0,3
3342,2,0,0
3343,3,0,0
3344,3,0,0
3345,3,0,0
3346,0,1,0
3347,0,1,0
3348,0,1,0
3349,0,2,0
3350,0,2,0
3351,0,2,0
3352,0,2,0
3353,0,2,0
3354,0,2,0
3355,0,2,0
3356,0,2,0
3357,0,2,0
3358,0,2,0
3359,0,3,0
3360,0,3,0
3361,0,3,0
3362,0,0,0
3363,0,0,0
3364,0,0,0
3365,0,0,0
3366,1,0,0
3367,1,0,1
3368,1,0,1
3369,2,0,1
3370,2,0,2
3371,2,0,2
3372,2,0,2
3373,2,0,2
3374,2,0,2
3375,2,0,2
3376,2,0,2
3377,2,0,2
3378,2,0,2
3379,3,0,2
3380,3,0,3
3381,3,0,3
3382,0,0,3
3383,0,0,0
3384,0,0,0
3385,0,0,0
3386,0,0,0
3387,0,1,0
3388,0,1,0
3389,0,1,0
3390,0,2,0
3391,0,2,0
3392,0,2,0
3393,0,2,0
3394,0,2,0
3395,0,2,0
3396,0,2,0
3397,0,2,0
3398,0,2,0
3399,0,2,0
3400,0,3,0
3401,0,3,0
3402,0,3,0
3403,0,0,0
3404,0,0,0
3405,0,0,0
3406,0,0,0
3407,1,0,0
3408,1,0,1
3409,1,0,1
3410,2,0,1
3411,2,0,2
3412,2,0,2
3413,2,0,2
3414,2,0,2
3415,2,0,2
3416,2,0,2
3417,2,0,2
3418,2,0,2
3419,2,0,2
3420,3,0,2
3421,3,0,3
3422,3,0,3
3423,0,0,3
3424,0,0,0
3425,0,0,0
3426,0,0,0
3427,0,0,0
3428,0,1,0
3429,0,1,0
3430,0,1,0
3431,0,2,0
3432,0,2,0
3433,0,2,0
3434,0,2,0
3435,0,2,0
3436,0,2,0
3437,0,2,0
3438,0,2,0
3439,0,2,0
3440,0,2,0
3441,0,3,0
3442,0,3,0
3443,0,3,0
3444,0,0,0
3445,0,0,0
3446,0,0,0
3447,0,0,0
3448,1,0,0
3449,1,0,1
3450,1,0,1
3451,2,0,1
3452,2,0,2
3453,2,0,2
3454,2,0,2
3455,2,0,2
3456,2,0,2
3457,2,0,2
3458,2,0,2
3459,2,0,2
3460,2,0,2
3461,3,0,2
3462,3,0,3
3463,3,0,3
3464,0,0,3
3465,0,0,0
3466,0,0,0
3467,0,0,0
3468,0,0,0
3469,0,1,0
3470,0,1,0
3471,0,1,0
3472,0,2,0
3473,0,2,0
3474,0,2,0
3475,0,2,0
3476,0,2,0
3477,0,2,0
3478,0,2,0
3479,0,2,0
3480,0,2,0
3481,0,2,0
3482,0,3,0
3483,0,3,0
3484,0,3,0
3485,0,0,0
3486,0,0,0
3487,0,0,0
3488,0,0,0
3489,1,0,0
3490,1,0,1
3491,1,0,1
3492,2,0,1
3493,2,0,2
3494,2,0,2
3495,2,0,2
3496,2,0,2
3497,2,0,2
3498,2,0,2
3499,2,0,2
3500,2,0,2
3501,2,0,2
3502,3,0,2
3503,3,0,3
3504,3,0,3
3505,0,0,3
3506,0,0,0
3507,0,0,0
3508,0,0,0
3509,0,0,0
3510,0,1,0
3511,0,1,0
3512,0,1,0
3513,0,2,0
3514,0,2,0
3515,0,2,0
3516,0,2,0
3517,0,2,0
3518,0,2,0
3519,0,2,0
3520,0,2,0
3521,0,2,0
3522,0,2,0
3523,0,3,0
3524,0,3,0
3525,0,3,0
3526,0,0,1
3527,0,0,1
3528,0,0,1
3529,0,0,2
3530,1,0,2
3531,1,0,2
3532,1,0,2
3533,2,0,2
3534,2,0,2
3535,2,0,2
3536,2,0,2
3537,2,0,2
3538,2,0,2
3539,2,0,3
3540,2,0,3
3541,2,0,3
3542,2,0,0
3543,3,0,0
3544,3,0,0
3545,3,0,0
3546,0,1,0
3547,0,1,0
3548,0,1,0
3549,0,2,0
3550,0,2,0
3551,0,2,0
3552,0,2,0
3553,0,2,0
3554,0,2,0
3555,0,2,0
3556,0,2,0
3557,0,2,0
3558,0,2,0
3559,0,3,0
3560,0,3,0
3561,0,3,0
3562,0,0,0
3563,0,0,0
3564,0,0,0
3565,0,0,0
3566,1,0,0
3567,1,0,1
3568,1,0,1
3569,2,0,1
3570,2,0,2
3571,2,0,2
3572,2,0,2
3573,2,0,2
3574,2,0,2
3575,2,0,2
3576,2,0,2
3577,2,0,2
3578,2,0,2
3579,3,0,2
3580,3,0,3
3581,3,0,3
3582,0,0,3
3583,0,0,0
3584,0,0,0
3585,0,0,0
3586,0,0,0
3587,0,1,0
3588,0,1,0
3589,0,1,0
3590,0,2,0
3591,0,2,0
3592,0,2,0
3593,0,2,0
3594,0,2,0
3595,0,2,0
3596,0,2,0
3597,0,2,0
3598,0,2,0
3599,0,2,0
3600,0,3,0
