variante,base,episodio,semilla,lr,segundos,vehiculos,espera_prom,timeloss_prom,cola_prom,cola_max,recompensa,recompensa_decision,recompensa_total_decision,decisiones,decisiones_libres,cambios_fase,paradas_prom,throughput,co2_prom,nox_prom,no_terminados,spillback_tasa,spillback_seg,spillback_eventos,cola_max_enlace,veh_max_enlace,viaje_corredor_prom,retraso_corredor_prom,retraso_corredor_punta,paradas_corredor,paradas_corredor_le1,spill_activaciones,spill_suma,epsilon,perdida_q,q_medio,actualizaciones,transiciones,eval_timeloss,eval_espera,ret_retraso,ret_colas,ret_spill,val_999,val_1999,val,algoritmo,recompensa_tipo
vecinos,2042,1,2043,5.00e-04,10.0,2582,20.78,42.72,8.72,46,-6956.1,-3.067,-7.303,1886,1240,642,1.43,2505,293.7,101.5,0,0.0,0,0,10,13,181.26,49.8,53.38,1.83,0.374,0,0.0,1.0,0.0504,-0.3163,887,1886,,,-68863.74,-35672.38,-68863.74,,,,dqn,retraso
vecinos,2042,2,2044,5.00e-04,12.1,2582,19.3,41.13,9.99,41,-8013.5,-3.533,-8.039,1897,1266,626,1.437,2504,292.3,100.7,0,0.0,0,0,15,16,187.35,55.64,61.0,2.035,0.303,0,0.0,0.9905,0.00623,-0.5185,2784,3783,,,-76249.39,-41078.07,-76249.39,,,,dqn,retraso
vecinos,2042,3,2045,5.00e-04,12.5,2582,16.54,37.41,8.33,35,-6631.0,-2.912,-7.047,1902,1265,631,1.311,2497,286.2,98.5,0,0.0,0,0,11,13,181.65,49.48,53.72,1.826,0.36,0,0.0,0.981,0.00356,-0.6916,4686,5685,,,-67016.36,-34156.67,-67016.36,,,,dqn,retraso
vecinos,2042,4,2046,5.00e-04,12.2,2582,16.87,37.94,8.26,37,-6551.8,-2.877,-7.061,1887,1225,655,1.344,2502,286.3,98.6,0,0.0,0,0,10,14,181.28,49.39,54.36,1.853,0.353,0,0.0,0.9715,0.00388,-0.8484,6573,7572,,,-66622.69,-33724.11,-66622.69,,,,dqn,retraso
vecinos,2042,5,2047,5.00e-04,12.4,2582,18.69,40.42,8.58,38,-6816.2,-3.005,-7.223,1892,1258,628,1.399,2502,290.8,100.3,0,0.0,0,0,8,15,182.11,50.42,55.1,1.83,0.363,0,0.0,0.962,0.00445,-0.9715,8465,9464,,,-68331.74,-35099.3,-68331.74,,,,dqn,retraso
vecinos,2042,6,2048,5.00e-04,12.0,2582,15.95,36.87,8.09,41,-6386.2,-2.827,-7.063,1872,1215,651,1.294,2497,284.7,97.9,0,0.0,0,0,11,13,181.18,49.08,53.03,1.8,0.367,0,0.0,0.9525,0.00494,-1.0656,10337,11336,,,-66106.52,-32889.26,-66106.52,,,,dqn,retraso
vecinos,2042,7,2049,5.00e-04,12.3,2582,21.25,43.54,8.84,48,-7169.9,-3.12,-7.292,1918,1271,641,1.449,2504,294.8,101.9,0,0.0,0,0,10,15,183.67,51.37,56.21,1.865,0.339,0,0.0,0.943,0.00514,-1.1457,12255,13254,,,-69930.63,-36729.13,-69930.63,,,,dqn,retraso
vecinos,2042,8,2050,5.00e-04,12.3,2582,19.31,41.24,8.97,37,-7120.8,-3.148,-7.459,1889,1253,628,1.45,2500,291.8,100.7,0,0.0,0,0,11,14,183.34,51.15,55.53,1.883,0.348,0,0.0,0.9335,0.00505,-1.2006,14144,15143,,,-70450.43,-36592.81,-70450.43,,,,dqn,retraso
vecinos,2042,9,2051,5.00e-04,12.1,2582,19.14,41.01,8.21,35,-6529.3,-2.856,-7.009,1897,1243,650,1.43,2498,291.1,100.4,0,0.0,0,0,9,13,181.16,49.31,54.62,1.832,0.353,0,0.0,0.924,0.00487,-1.261,16041,17040,,,-66480.64,-33586.8,-66480.64,,,,dqn,retraso
vecinos,2042,10,2052,5.00e-04,12.1,2582,16.07,36.95,8.11,33,-6431.5,-2.832,-6.905,1894,1252,636,1.334,2508,285.0,98.1,0,0.0,0,0,8,12,180.11,48.26,52.36,1.787,0.364,0,0.0,0.9145,0.00469,-1.3222,17935,18934,31.89,14.79,-65385.92,-33062.81,-65385.92,31.89,30.99,31.44,dqn,retraso
vecinos,2042,11,2053,5.00e-04,12.4,2582,20.49,42.92,8.37,34,-6698.4,-2.938,-7.11,1896,1242,646,1.468,2501,293.9,101.5,0,0.0,0,0,11,15,181.45,49.64,54.33,1.86,0.352,0,0.0,0.905,0.00465,-1.3595,19831,20830,,,-67398.16,-34264.99,-67398.16,,,,dqn,retraso
vecinos,2042,12,2054,5.00e-04,12.1,2582,15.56,36.15,8.29,33,-6516.7,-2.877,-6.998,1889,1249,635,1.3,2496,283.3,97.5,0,0.0,0,0,9,13,180.29,48.31,52.81,1.789,0.363,0,0.0,0.8955,0.00453,-1.406,21720,22719,,,-66099.84,-33684.04,-66099.84,,,,dqn,retraso
vecinos,2042,13,2055,5.00e-04,12.2,2582,16.17,36.98,8.23,42,-6564.2,-2.868,-6.987,1906,1259,642,1.287,2503,284.8,98.0,0,0.0,0,0,16,18,181.1,48.91,52.77,1.77,0.384,0,0.0,0.886,0.00418,-1.4505,23626,24625,,,-66588.01,-33924.93,-66588.01,,,,dqn,retraso
vecinos,2042,14,2056,5.00e-04,12.1,2582,16.79,37.04,8.07,39,-6359.6,-2.812,-6.801,1880,1234,640,1.32,2503,284.7,98.2,0,0.0,0,0,9,16,177.78,46.49,50.87,1.737,0.401,0,0.0,0.8765,0.00415,-1.4862,25506,26505,,,-63925.85,-32751.11,-63925.85,,,,dqn,retraso
vecinos,2042,15,2057,5.00e-04,12.6,2582,18.08,39.81,8.14,36,-6521.4,-2.849,-6.92,1916,1282,629,1.381,2498,288.5,99.5,0,0.0,0,0,10,13,180.5,48.29,52.05,1.721,0.424,0,0.0,0.867,0.00396,-1.5231,27422,28421,,,-66293.71,-33647.02,-66293.71,,,,dqn,retraso
vecinos,2042,16,2058,5.00e-04,12.0,2582,14.34,34.92,8.02,29,-6323.1,-2.792,-6.86,1893,1261,627,1.241,2499,281.5,96.7,0,0.0,0,0,10,12,179.95,47.85,52.47,1.716,0.401,0,0.0,0.8575,0.00376,-1.5596,29315,30314,,,-64931.29,-32550.62,-64931.29,,,,dqn,retraso
vecinos,2042,17,2059,5.00e-04,12.7,2582,19.41,41.3,8.13,33,-6505.9,-2.827,-6.86,1916,1264,646,1.426,2502,291.1,100.5,0,0.0,0,0,9,13,179.1,47.1,50.95,1.728,0.394,0,0.0,0.848,0.00386,-1.5979,31231,32230,,,-65722.17,-33559.02,-65722.17,,,,dqn,retraso
vecinos,2042,18,2060,5.00e-04,12.1,2582,15.35,35.84,7.96,30,-6274.2,-2.755,-6.868,1884,1222,657,1.258,2501,282.7,97.2,0,0.0,0,0,9,13,180.23,47.89,51.58,1.739,0.396,0,0.0,0.8385,0.00391,-1.6199,33115,34114,,,-64700.48,-32487.65,-64700.48,,,,dqn,retraso
vecinos,2042,19,2061,5.00e-04,12.2,2582,15.81,36.38,7.45,38,-5818.3,-2.569,-6.591,1875,1213,656,1.298,2503,283.4,97.5,0,0.0,0,0,10,13,177.81,45.58,48.81,1.729,0.406,0,0.0,0.829,0.00397,-1.6518,34990,35989,,,-61792.76,-30025.95,-61792.76,,,,dqn,retraso
vecinos,2042,20,2062,5.00e-04,12.1,2582,16.84,37.38,7.49,35,-5928.8,-2.604,-6.492,1897,1251,640,1.289,2503,284.3,98.0,0,0.0,0,0,9,16,176.04,44.41,47.78,1.616,0.457,0,0.0,0.8195,0.00417,-1.6816,36887,37886,27.92,11.16,-61571.92,-30570.73,-61571.92,27.92,31.29,29.605,dqn,retraso
vecinos,2042,21,2063,5.00e-04,12.4,2582,19.69,41.37,7.11,33,-5612.4,-2.465,-6.263,1890,1235,651,1.405,2502,290.2,100.3,0,0.0,0,0,9,12,174.66,43.36,46.52,1.649,0.452,0,0.0,0.81,0.00397,-1.6997,38777,39776,,,-59185.13,-28849.05,-59185.13,,,,dqn,retraso
vecinos,2042,22,2064,5.00e-04,11.9,2582,14.78,34.91,6.84,35,-5337.6,-2.357,-6.182,1877,1223,649,1.227,2499,280.6,96.6,0,0.0,0,0,9,12,173.47,41.76,44.71,1.526,0.511,0,0.0,0.8005,0.00413,-1.7164,40654,41653,,,-58020.49,-27602.35,-58020.49,,,,dqn,retraso
vecinos,2042,23,2065,5.00e-04,12.0,2582,12.25,31.77,7.4,27,-5795.3,-2.562,-6.516,1880,1234,640,1.141,2500,276.1,94.7,0,0.0,0,0,7,12,176.7,44.58,48.35,1.614,0.449,0,0.0,0.791,0.00415,-1.7349,42534,43533,,,-61249.44,-29924.12,-61249.44,,,,dqn,retraso
vecinos,2042,24,2066,5.00e-04,12.0,2582,15.79,36.46,6.58,26,-5101.6,-2.258,-6.151,1860,1184,670,1.298,2504,283.1,97.5,0,0.0,0,0,8,12,173.58,41.64,44.1,1.575,0.453,0,0.0,0.7815,0.00431,-1.7686,44394,45393,,,-57201.53,-26410.34,-57201.53,,,,dqn,retraso
vecinos,2042,25,2067,5.00e-04,12.3,2582,17.49,38.13,7.46,36,-5891.5,-2.598,-6.45,1887,1240,642,1.289,2508,284.9,98.3,0,0.0,0,0,9,13,175.64,43.76,47.1,1.567,0.464,0,0.0,0.772,0.00403,-1.8201,46281,47280,,,-60853.72,-30356.55,-60853.72,,,,dqn,retraso
vecinos,2042,26,2068,5.00e-04,12.2,2582,18.64,40.31,6.41,27,-4957.1,-2.186,-5.984,1874,1207,662,1.345,2499,288.0,99.5,0,0.0,0,0,8,13,173.21,41.02,44.17,1.488,0.509,0,0.0,0.7625,0.00397,-1.8306,48155,49154,,,-56067.86,-25797.96,-56067.86,,,,dqn,retraso
vecinos,2042,27,2069,5.00e-04,12.1,2582,16.02,36.17,7.1,30,-5612.0,-2.465,-6.165,1901,1263,632,1.242,2506,281.8,97.1,0,0.0,0,0,9,14,173.13,41.77,44.57,1.52,0.491,0,0.0,0.753,0.00412,-1.8041,50056,51055,,,-58594.23,-28930.97,-58594.23,,,,dqn,retraso
vecinos,2042,28,2070,5.00e-04,12.0,2582,14.09,33.53,6.8,26,-5313.7,-2.34,-6.06,1896,1259,631,1.133,2505,277.4,95.5,0,0.0,0,0,8,13,173.31,41.07,43.25,1.422,0.547,0,0.0,0.7435,0.004,-1.8095,51952,52951,,,-57444.76,-27659.23,-57444.76,,,,dqn,retraso
vecinos,2042,29,2071,5.00e-04,12.0,2582,12.59,31.83,6.45,27,-4973.8,-2.202,-5.937,1865,1197,664,1.158,2507,275.4,94.7,0,0.0,0,0,7,11,171.65,40.27,43.03,1.521,0.491,0,0.0,0.734,0.00399,-1.8262,53817,54816,,,-55361.31,-25862.9,-55361.31,,,,dqn,retraso
vecinos,2042,30,2072,5.00e-04,12.0,2582,13.09,32.4,6.74,24,-5237.2,-2.318,-6.101,1879,1233,641,1.144,2500,276.4,95.0,0,0.0,0,0,6,11,173.35,41.2,43.89,1.496,0.502,0,0.0,0.7245,0.004,-1.8337,55696,56695,29.9,13.22,-57319.67,-27142.47,-57319.67,29.9,29.96,29.93,dqn,retraso
vecinos,2042,31,2073,5.00e-04,12.2,2582,18.33,39.42,6.82,28,-5305.6,-2.33,-6.086,1885,1221,660,1.337,2502,286.7,99.0,0,0.0,0,0,8,11,173.33,41.48,44.25,1.493,0.512,0,0.0,0.715,0.00415,-1.8403,57581,58580,,,-57358.94,-27693.59,-57358.94,,,,dqn,retraso
vecinos,2042,32,2074,5.00e-04,12.2,2582,14.72,34.61,6.51,29,-5063.3,-2.233,-5.997,1878,1219,653,1.216,2506,279.0,96.1,0,0.0,0,0,8,12,172.87,40.63,43.58,1.489,0.501,0,0.0,0.7055,0.0039,-1.8551,59459,60458,,,-56316.23,-26249.24,-56316.23,,,,dqn,retraso
vecinos,2042,33,2075,5.00e-04,12.1,2582,16.72,37.12,6.85,39,-5386.3,-2.369,-6.149,1889,1235,649,1.244,2509,283.1,97.7,0,0.0,0,0,9,15,173.11,41.49,45.05,1.48,0.509,0,0.0,0.696,0.00388,-1.8576,61348,62347,,,-58081.1,-27868.4,-58081.1,,,,dqn,retraso
vecinos,2042,34,2076,5.00e-04,12.1,2582,16.17,36.46,6.71,36,-5221.2,-2.296,-6.038,1896,1258,634,1.235,2502,282.5,97.4,0,0.0,0,0,7,12,172.61,40.97,43.68,1.483,0.496,0,0.0,0.6865,0.00392,-1.8602,63244,64243,,,-57241.39,-27181.45,-57241.39,,,,dqn,retraso
vecinos,2042,35,2077,5.00e-04,12.1,2582,14.75,34.56,6.5,30,-5049.7,-2.229,-5.918,1882,1231,646,1.204,2506,278.6,96.0,0,0.0,0,0,9,14,171.97,39.81,43.02,1.426,0.565,0,0.0,0.677,0.00405,-1.8572,65126,66125,,,-55687.22,-26247.99,-55687.22,,,,dqn,retraso
vecinos,2042,36,2078,5.00e-04,12.1,2582,16.29,36.54,6.21,26,-4861.0,-2.132,-5.758,1878,1199,675,1.261,2510,281.7,97.3,0,0.0,0,0,8,12,170.87,39.0,41.56,1.424,0.557,0,0.0,0.6675,0.00404,-1.8709,67004,68003,,,-54069.29,-25148.46,-54069.29,,,,dqn,retraso
vecinos,2042,37,2079,5.00e-04,12.3,2582,17.59,38.04,6.36,26,-4977.1,-2.186,-5.752,1894,1246,644,1.254,2502,284.1,98.1,0,0.0,0,0,7,11,170.23,38.78,40.73,1.386,0.568,0,0.0,0.658,0.00408,-1.8559,68898,69897,,,-54472.96,-25848.01,-54472.96,,,,dqn,retraso
vecinos,2042,38,2080,5.00e-04,12.1,2582,13.5,32.65,6.49,31,-5062.3,-2.235,-5.963,1876,1221,651,1.132,2506,276.4,95.1,0,0.0,0,0,7,12,170.74,38.83,41.05,1.377,0.576,0,0.0,0.6485,0.00393,-1.8588,70774,71773,,,-55932.96,-26222.79,-55932.96,,,,dqn,retraso
vecinos,2042,39,2081,5.00e-04,12.1,2582,17.51,38.06,6.69,29,-5206.3,-2.302,-6.051,1880,1231,644,1.268,2501,284.5,98.2,0,0.0,0,0,8,12,172.15,40.24,42.71,1.465,0.53,0,0.0,0.639,0.00407,-1.8727,72654,73653,,,-56879.71,-26924.41,-56879.71,,,,dqn,retraso
vecinos,2042,40,2082,5.00e-04,12.2,2582,15.51,35.54,5.97,28,-4603.0,-2.04,-5.584,1876,1229,641,1.189,2509,279.7,96.5,0,0.0,0,0,7,12,168.66,36.99,38.87,1.311,0.603,0,0.0,0.6295,0.00411,-1.8783,74530,75529,28.95,12.4,-52380.38,-23941.57,-52380.38,28.95,29.71,29.33,dqn,retraso
vecinos,2042,41,2083,5.00e-04,12.0,2582,14.28,33.54,6.02,24,-4663.3,-2.056,-5.599,1872,1202,664,1.159,2505,277.0,95.5,0,0.0,0,0,8,12,169.28,37.81,40.12,1.396,0.556,0,0.0,0.62,0.00407,-1.8792,76402,77401,,,-52406.7,-24207.45,-52406.7,,,,dqn,retraso
vecinos,2042,42,2084,5.00e-04,12.1,2582,13.73,32.56,6.16,33,-4810.4,-2.11,-5.634,1893,1237,650,1.118,2502,275.2,94.8,0,0.0,0,0,8,10,169.47,37.64,39.8,1.335,0.592,0,0.0,0.6105,0.00402,-1.8862,78295,79294,,,-53323.02,-24958.24,-53323.02,,,,dqn,retraso
vecinos,2042,43,2085,5.00e-04,12.4,2582,15.87,36.04,6.1,33,-4741.8,-2.091,-5.681,1881,1224,652,1.223,2505,280.8,96.9,0,0.0,0,0,7,12,169.89,37.67,40.24,1.353,0.579,0,0.0,0.601,0.00411,-1.8855,80176,81175,,,-53428.23,-24616.33,-53428.23,,,,dqn,retraso
vecinos,2042,44,2086,5.00e-04,12.0,2582,12.95,31.86,6.21,27,-4821.6,-2.129,-5.703,1887,1249,633,1.091,2507,274.3,94.4,0,0.0,0,0,8,12,169.71,37.56,39.73,1.297,0.607,0,0.0,0.5915,0.00404,-1.8742,82063,83062,,,-53806.35,-25065.04,-53806.35,,,,dqn,retraso
vecinos,2042,45,2087,5.00e-04,11.9,2582,13.1,32.01,6.18,25,-4790.8,-2.121,-5.707,1874,1225,644,1.112,2506,274.4,94.5,0,0.0,0,0,7,10,169.37,37.41,39.21,1.327,0.598,0,0.0,0.582,0.00404,-1.8765,83937,84936,,,-53477.78,-24839.77,-53477.78,,,,dqn,retraso
vecinos,2042,46,2088,5.00e-04,12.1,2582,13.74,32.78,6.0,28,-4691.0,-2.063,-5.572,1881,1214,661,1.125,2496,275.5,94.9,0,0.0,0,0,7,11,168.63,37.09,39.32,1.315,0.6,0,0.0,0.5725,0.0038,-1.8848,85818,86817,,,-52406.32,-24240.96,-52406.32,,,,dqn,retraso
vecinos,2042,47,2089,5.00e-04,11.9,2582,13.21,32.18,6.33,25,-4885.4,-2.16,-5.777,1885,1249,631,1.104,2509,274.7,94.5,0,0.0,0,0,8,12,170.85,38.76,41.42,1.363,0.581,0,0.0,0.563,0.00404,-1.8973,87703,88702,,,-54452.88,-25484.57,-54452.88,,,,dqn,retraso
vecinos,2042,48,2090,5.00e-04,12.3,2582,16.35,36.42,6.21,36,-4884.6,-2.134,-5.644,1910,1268,637,1.22,2503,280.8,96.9,0,0.0,0,0,7,10,169.24,37.16,39.07,1.291,0.625,0,0.0,0.5535,0.00396,-1.8796,89613,90612,,,-53903.78,-25339.22,-53903.78,,,,dqn,retraso
vecinos,2042,49,2091,5.00e-04,12.1,2582,18.61,39.42,5.93,28,-4647.3,-2.025,-5.529,1905,1245,653,1.283,2508,285.0,98.6,0,0.0,0,0,7,10,168.66,36.39,38.4,1.289,0.601,0,0.0,0.544,0.004,-1.8858,91518,92517,,,-52663.87,-24253.0,-52663.87,,,,dqn,retraso
vecinos,2042,50,2092,5.00e-04,11.9,2582,11.86,30.6,5.98,26,-4653.8,-2.052,-5.671,1877,1214,657,1.074,2506,272.4,93.6,0,0.0,0,0,8,11,169.88,37.35,39.81,1.311,0.616,0,0.0,0.5345,0.00382,-1.8853,93395,94394,31.6,13.69,-53225.55,-24085.6,-53225.55,31.6,30.47,31.035,dqn,retraso
vecinos,2042,51,2093,5.00e-04,11.9,2582,12.5,30.88,5.49,24,-4256.7,-1.882,-5.287,1876,1221,649,1.042,2503,271.4,93.5,0,0.0,0,0,7,11,166.43,34.0,35.77,1.164,0.673,0,0.0,0.525,0.00376,-1.8917,95271,96270,,,-49592.98,-22061.19,-49592.98,,,,dqn,retraso
vecinos,2042,52,2094,5.00e-04,11.8,2582,12.1,30.57,5.82,23,-4487.4,-1.989,-5.518,1868,1212,650,1.06,2504,272.0,93.6,0,0.0,0,0,7,11,168.06,36.0,37.27,1.265,0.629,0,0.0,0.5155,0.00398,-1.8889,97139,98138,,,-51534.01,-23310.75,-51534.01,,,,dqn,retraso
vecinos,2042,53,2095,5.00e-04,12.2,2582,16.51,36.57,5.63,27,-4319.7,-1.902,-5.431,1867,1182,679,1.202,2501,280.5,96.9,0,0.0,0,0,8,12,167.39,35.68,37.08,1.239,0.65,0,0.0,0.506,0.00381,-1.8665,99006,100005,,,-50697.96,-22672.4,-50697.96,,,,dqn,retraso
vecinos,2042,54,2096,5.00e-04,12.0,2582,11.73,30.01,5.93,23,-4583.7,-2.021,-5.487,1892,1255,630,1.019,2505,271.0,93.2,0,0.0,0,0,7,11,168.23,36.24,37.92,1.243,0.641,0,0.0,0.4965,0.00378,-1.8617,100898,101897,,,-51905.73,-23938.89,-51905.73,,,,dqn,retraso
vecinos,2042,55,2097,5.00e-04,12.0,2582,12.98,31.59,5.64,28,-4304.0,-1.905,-5.365,1864,1196,662,1.059,2511,272.7,93.9,0,0.0,0,0,7,11,166.83,34.91,36.61,1.182,0.67,0,0.0,0.487,0.00381,-1.869,102762,103761,,,-50002.89,-22610.12,-50002.89,,,,dqn,retraso
vecinos,2042,56,2098,5.00e-04,12.0,2582,15.76,35.26,5.51,25,-4224.3,-1.868,-5.305,1871,1210,656,1.155,2501,278.0,96.1,0,0.0,0,0,6,12,166.22,34.11,35.79,1.174,0.672,0,0.0,0.4775,0.00382,-1.8765,104633,105632,,,-49625.87,-22127.84,-49625.87,,,,dqn,retraso
vecinos,2042,57,2099,5.00e-04,12.4,2582,11.89,29.99,5.56,25,-4271.9,-1.886,-5.225,1889,1252,631,1.019,2510,270.2,93.0,0,0.0,0,0,7,12,165.94,34.28,35.23,1.16,0.681,0,0.0,0.468,0.0037,-1.8701,106522,107521,,,-49347.07,-22405.86,-49347.07,,,,dqn,retraso
vecinos,2042,58,2100,5.00e-04,12.0,2582,14.8,33.63,5.75,23,-4446.0,-1.968,-5.33,1890,1266,619,1.107,2509,274.9,94.9,0,0.0,0,0,6,10,165.37,33.11,34.58,1.117,0.706,0,0.0,0.4585,0.00379,-1.8707,108412,109411,,,-50366.58,-23196.38,-50366.58,,,,dqn,retraso
vecinos,2042,59,2101,5.00e-04,12.1,2582,15.76,35.47,5.64,23,-4373.6,-1.928,-5.325,1882,1225,651,1.139,2507,278.7,96.3,0,0.0,0,0,9,12,165.94,34.52,36.25,1.165,0.683,0,0.0,0.449,0.00358,-1.8663,110294,111293,,,-50110.52,-22785.71,-50110.52,,,,dqn,retraso
vecinos,2042,60,2102,5.00e-04,11.9,2582,12.68,30.85,5.35,25,-4115.2,-1.814,-5.045,1902,1279,617,0.98,2503,270.0,93.1,0,0.0,0,0,7,12,163.79,32.18,33.6,1.017,0.759,0,0.0,0.4395,0.00364,-1.8621,112196,113195,30.1,13.17,-47978.77,-21600.73,-47978.77,30.1,30.67,30.385,dqn,retraso
vecinos,2042,61,2103,5.00e-04,12.1,2582,15.68,35.07,5.55,25,-4303.2,-1.89,-5.262,1887,1228,655,1.156,2509,277.8,96.0,0,0.0,0,0,7,11,165.6,33.82,34.39,1.161,0.69,0,0.0,0.43,0.0038,-1.8671,114083,115082,,,-49643.93,-22454.23,-49643.93,,,,dqn,retraso
vecinos,2042,62,2104,5.00e-04,12.2,2582,14.97,33.77,5.31,25,-4118.2,-1.806,-5.034,1902,1261,636,1.058,2505,274.4,94.8,0,0.0,0,0,6,10,164.68,32.61,32.94,1.053,0.754,0,0.0,0.4205,0.00376,-1.87,115985,116984,,,-47873.54,-21512.38,-47873.54,,,,dqn,retraso
vecinos,2042,63,2105,5.00e-04,11.9,2582,10.74,28.59,5.26,23,-4048.6,-1.78,-5.108,1891,1241,645,0.962,2507,268.0,92.1,0,0.0,0,0,6,11,165.01,32.88,34.36,1.068,0.713,0,0.0,0.411,0.00379,-1.8693,117876,118875,,,-48292.96,-21246.19,-48292.96,,,,dqn,retraso
vecinos,2042,64,2106,5.00e-04,11.9,2582,13.23,31.4,5.21,22,-3993.5,-1.77,-5.031,1880,1242,632,1.009,2510,270.8,93.5,0,0.0,0,0,5,10,163.08,31.22,32.22,1.006,0.762,0,0.0,0.4015,0.00347,-1.8798,119756,120755,,,-47291.1,-20887.8,-47291.1,,,,dqn,retraso
vecinos,2042,65,2107,5.00e-04,11.9,2582,12.06,29.99,5.16,19,-3956.9,-1.747,-5.061,1866,1192,669,1.012,2506,269.5,92.9,0,0.0,0,0,6,11,164.94,33.15,34.65,1.131,0.691,0,0.0,0.392,0.00371,-1.8647,121622,122621,,,-47218.78,-20665.99,-47218.78,,,,dqn,retraso
vecinos,2042,66,2108,5.00e-04,11.9,2582,11.68,29.54,5.35,22,-4120.9,-1.827,-5.1,1881,1245,631,0.981,2501,268.3,92.5,0,0.0,0,0,6,11,164.17,32.62,33.42,1.043,0.738,0,0.0,0.3825,0.00348,-1.8664,123503,124502,,,-47967.27,-21473.9,-47967.27,,,,dqn,retraso
vecinos,2042,67,2109,5.00e-04,12.1,2582,16.35,35.7,5.31,20,-4089.4,-1.813,-5.055,1875,1230,641,1.129,2506,277.5,96.0,0,0.0,0,0,7,11,163.28,31.75,33.2,1.05,0.732,0,0.0,0.373,0.0035,-1.8692,125378,126377,,,-47393.5,-21327.14,-47393.5,,,,dqn,retraso
vecinos,2042,68,2110,5.00e-04,12.0,2582,14.78,33.62,5.05,24,-3843.0,-1.701,-4.946,1871,1214,652,1.059,2510,274.2,94.7,0,0.0,0,0,7,10,163.54,31.55,32.47,1.011,0.759,0,0.0,0.3635,0.00335,-1.8598,127249,128248,,,-46269.47,-20243.2,-46269.47,,,,dqn,retraso
vecinos,2042,69,2111,5.00e-04,12.1,2582,14.11,32.83,5.39,21,-4170.9,-1.834,-5.139,1897,1257,634,1.062,2506,273.7,94.4,0,0.0,0,0,7,10,165.05,33.2,34.1,1.086,0.732,0,0.0,0.354,0.00342,-1.854,129146,130145,,,-48739.9,-21817.07,-48739.9,,,,dqn,retraso
vecinos,2042,70,2112,5.00e-04,11.9,2582,13.09,31.31,5.14,17,-3908.0,-1.735,-4.983,1873,1230,639,1.002,2506,271.0,93.5,0,0.0,0,0,7,11,163.42,31.77,33.22,1.034,0.748,0,0.0,0.3445,0.0032,-1.8518,131019,132018,29.93,12.94,-46661.34,-20544.14,-46661.34,29.93,29.71,29.82,dqn,retraso
vecinos,2042,71,2113,5.00e-04,12.3,2582,13.76,32.53,5.37,22,-4148.5,-1.832,-5.065,1894,1263,625,1.1,2499,273.3,94.4,0,0.0,0,0,6,10,163.3,31.89,33.0,1.071,0.725,0,0.0,0.335,0.00339,-1.8554,132913,133912,,,-47966.72,-21626.0,-47966.72,,,,dqn,retraso
vecinos,2042,72,2114,5.00e-04,12.1,2582,11.36,28.85,5.22,21,-4061.9,-1.791,-4.986,1896,1263,628,0.946,2507,266.8,91.9,0,0.0,0,0,6,12,162.7,30.78,31.85,0.982,0.777,0,0.0,0.3255,0.00341,-1.8356,134809,135808,,,-47264.55,-21153.65,-47264.55,,,,dqn,retraso
vecinos,2042,73,2115,5.00e-04,12.1,2582,11.62,29.31,5.26,24,-4032.3,-1.778,-5.047,1874,1209,661,0.99,2504,267.9,92.3,0,0.0,0,0,9,12,164.43,32.53,33.85,1.089,0.728,0,0.0,0.316,0.00337,-1.8356,136683,137682,,,-47294.81,-21127.78,-47294.81,,,,dqn,retraso
vecinos,2042,74,2116,5.00e-04,12.4,2582,13.65,32.21,4.82,20,-3719.3,-1.636,-4.773,1888,1233,649,1.034,2507,271.6,93.8,0,0.0,0,0,6,10,162.68,30.81,31.47,0.944,0.791,0,0.0,0.3065,0.00353,-1.8424,138571,139570,,,-45059.44,-19471.17,-45059.44,,,,dqn,retraso
vecinos,2042,75,2117,5.00e-04,12.6,2582,12.52,29.82,5.1,18,-3963.8,-1.75,-4.774,1914,1317,592,0.924,2510,266.8,92.2,0,0.0,0,0,7,12,160.3,28.29,29.46,0.848,0.834,0,0.0,0.297,0.0034,-1.8406,140485,141484,,,-45690.51,-20648.59,-45690.51,,,,dqn,retraso
vecinos,2042,76,2118,5.00e-04,12.3,2582,16.88,36.97,5.04,24,-3870.1,-1.715,-4.958,1864,1199,660,1.19,2505,279.3,96.8,0,0.0,0,0,9,14,163.14,31.39,32.4,1.029,0.76,0,0.0,0.2875,0.00346,-1.8233,142349,143348,,,-46204.72,-20119.81,-46204.72,,,,dqn,retraso
vecinos,2042,77,2119,5.00e-04,12.1,2582,16.07,35.09,5.32,24,-4114.2,-1.821,-4.99,1896,1279,610,1.087,2507,276.1,95.6,0,0.0,0,0,7,10,162.48,30.79,32.75,0.975,0.762,0,0.0,0.278,0.00326,-1.7972,144245,145244,,,-47304.64,-21473.81,-47304.64,,,,dqn,retraso
vecinos,2042,78,2120,5.00e-04,12.0,2582,11.38,28.59,5.19,21,-3981.2,-1.762,-4.896,1894,1275,614,0.902,2504,265.8,91.6,0,0.0,0,0,5,10,161.8,29.48,30.82,0.86,0.828,0,0.0,0.2685,0.00343,-1.7886,146139,147138,,,-46364.78,-20893.37,-46364.78,,,,dqn,retraso
vecinos,2042,79,2121,5.00e-04,11.8,2582,11.33,28.84,4.91,20,-3736.3,-1.654,-4.893,1859,1183,670,0.952,2504,267.2,92.1,0,0.0,0,0,6,10,163.11,31.15,31.8,1.015,0.76,0,0.0,0.259,0.00329,-1.7898,147998,148997,,,-45479.73,-19641.27,-45479.73,,,,dqn,retraso
vecinos,2042,80,2122,5.00e-04,11.9,2582,10.21,27.23,4.78,21,-3627.6,-1.604,-4.772,1885,1246,634,0.873,2507,263.7,90.8,0,0.0,0,0,6,10,162.69,30.2,30.95,0.911,0.797,0,0.0,0.2495,0.00327,-1.7945,149883,150882,29.34,12.69,-44971.43,-19185.68,-44971.43,29.34,29.64,29.49,dqn,retraso
vecinos,2042,81,2123,5.00e-04,12.0,2582,14.03,31.84,5.01,20,-3864.5,-1.708,-4.805,1897,1280,611,0.987,2507,270.5,93.5,0,0.0,0,0,5,10,161.41,29.1,29.98,0.873,0.824,0,0.0,0.24,0.00323,-1.7889,151780,152779,,,-45571.78,-20190.12,-45571.78,,,,dqn,retraso
vecinos,2042,82,2124,5.00e-04,11.8,2582,9.6,26.02,4.94,20,-3773.7,-1.677,-4.729,1883,1262,615,0.835,2505,261.3,90.0,0,0.0,0,0,6,10,160.39,28.66,29.65,0.86,0.829,0,0.0,0.2305,0.00346,-1.7885,153663,154662,,,-44519.96,-19791.41,-44519.96,,,,dqn,retraso
vecinos,2042,83,2125,5.00e-04,12.3,2582,9.47,26.11,5.12,22,-3975.0,-1.755,-4.815,1910,1308,596,0.835,2507,261.5,90.0,0,0.0,0,0,6,10,161.05,28.97,30.13,0.866,0.832,0,0.0,0.221,0.0033,-1.7945,155573,156572,,,-45982.07,-20724.23,-45982.07,,,,dqn,retraso
vecinos,2042,84,2126,5.00e-04,11.9,2582,12.89,30.54,4.9,20,-3721.7,-1.652,-4.811,1874,1231,638,0.96,2511,268.4,92.7,0,0.0,0,0,6,11,161.47,29.5,30.42,0.921,0.799,0,0.0,0.2115,0.00328,-1.7982,157447,158446,,,-45076.11,-19622.49,-45076.11,,,,dqn,retraso
vecinos,2042,85,2127,5.00e-04,11.9,2582,9.64,26.11,4.84,20,-3705.5,-1.638,-4.693,1888,1255,627,0.836,2511,261.2,90.0,0,0.0,0,0,6,11,159.99,28.17,28.72,0.836,0.839,0,0.0,0.202,0.00338,-1.7945,159335,160334,,,-44302.83,-19497.15,-44302.83,,,,dqn,retraso
vecinos,2042,86,2128,5.00e-04,12.1,2582,14.39,32.34,4.91,23,-3787.6,-1.681,-4.681,1882,1252,624,1.016,2508,270.6,93.7,0,0.0,0,0,6,9,159.58,27.84,28.41,0.848,0.835,0,0.0,0.1925,0.00332,-1.7975,161217,162216,,,-44045.44,-19694.59,-44045.44,,,,dqn,retraso
vecinos,2042,87,2129,5.00e-04,11.9,2582,9.07,25.7,4.72,18,-3595.6,-1.592,-4.685,1871,1214,653,0.844,2507,261.5,90.0,0,0.0,0,0,5,10,161.08,28.95,29.3,0.891,0.818,0,0.0,0.183,0.00325,-1.7923,163088,164087,,,-43830.99,-18924.77,-43830.99,,,,dqn,retraso
vecinos,2042,88,2130,5.00e-04,11.9,2582,12.4,30.02,4.46,19,-3415.3,-1.502,-4.598,1865,1173,687,0.948,2506,268.2,92.6,0,0.0,0,0,5,10,160.89,29.09,29.29,0.888,0.801,0,0.0,0.1735,0.00341,-1.7982,164953,165952,,,-42880.36,-17930.35,-42880.36,,,,dqn,retraso
vecinos,2042,89,2131,5.00e-04,11.9,2582,11.28,28.21,4.39,17,-3353.3,-1.475,-4.447,1892,1247,639,0.869,2509,264.4,91.2,0,0.0,0,0,4,9,159.0,27.18,27.35,0.781,0.857,0,0.0,0.164,0.00324,-1.7978,166845,167844,,,-42067.92,-17693.72,-42067.92,,,,dqn,retraso
vecinos,2042,90,2132,5.00e-04,12.0,2582,12.79,30.63,4.63,18,-3539.3,-1.569,-4.641,1875,1229,640,0.94,2506,268.3,92.7,0,0.0,0,0,5,10,160.07,27.79,28.24,0.809,0.849,0,0.0,0.1545,0.00345,-1.7974,168720,169719,30.16,12.84,-43509.33,-18609.91,-43509.33,30.16,29.12,29.64,dqn,retraso
vecinos,2042,91,2133,5.00e-04,12.2,2582,13.61,31.26,4.65,18,-3591.9,-1.58,-4.49,1907,1287,615,0.954,2508,268.6,93.0,0,0.0,0,0,6,10,159.28,27.62,28.11,0.777,0.888,0,0.0,0.145,0.00326,-1.8028,170627,171626,,,-42810.43,-18798.47,-42810.43,,,,dqn,retraso
vecinos,2042,92,2134,5.00e-04,11.9,2582,13.15,30.78,4.48,18,-3443.1,-1.516,-4.437,1905,1283,616,0.923,2503,267.2,92.4,0,0.0,0,0,5,11,159.4,27.1,27.68,0.749,0.872,0,0.0,0.1355,0.00309,-1.8067,172532,173531,,,-42265.08,-18107.1,-42265.08,,,,dqn,retraso
vecinos,2042,93,2135,5.00e-04,12.1,2582,12.62,30.44,4.6,25,-3531.5,-1.553,-4.65,1879,1208,665,0.99,2511,268.3,92.7,0,0.0,0,0,6,12,160.8,28.8,29.49,0.873,0.825,0,0.0,0.126,0.00313,-1.7869,174411,175410,,,-43690.59,-18547.96,-43690.59,,,,dqn,retraso
vecinos,2042,94,2136,5.00e-04,11.9,2582,12.5,29.81,4.5,17,-3391.0,-1.497,-4.513,1875,1216,654,0.935,2511,267.0,92.3,0,0.0,0,0,4,9,159.28,27.22,27.5,0.785,0.864,0,0.0,0.1165,0.00333,-1.7819,176286,177285,,,-42311.62,-18057.35,-42311.62,,,,dqn,retraso
vecinos,2042,95,2137,5.00e-04,12.2,2582,14.39,32.27,4.61,16,-3515.9,-1.554,-4.489,1893,1266,622,0.983,2509,269.5,93.4,0,0.0,0,0,5,11,158.21,26.22,26.57,0.721,0.889,0,0.0,0.107,0.00309,-1.7824,178179,179178,,,-42489.39,-18588.47,-42489.39,,,,dqn,retraso
vecinos,2042,96,2138,5.00e-04,11.9,2582,9.95,26.7,4.27,18,-3254.9,-1.443,-4.488,1857,1179,672,0.858,2513,262.8,90.5,0,0.0,0,0,5,10,159.06,27.25,27.48,0.798,0.83,0,0.0,0.0975,0.00342,-1.7739,180036,181035,,,-41670.08,-17105.88,-41670.08,,,,dqn,retraso
vecinos,2042,97,2139,5.00e-04,12.2,2582,11.83,28.54,4.54,21,-3486.7,-1.541,-4.46,1897,1275,615,0.846,2511,264.8,91.5,0,0.0,0,0,4,10,157.82,26.03,26.03,0.723,0.864,0,0.0,0.088,0.00325,-1.7626,181933,182932,,,-42300.61,-18300.37,-42300.61,,,,dqn,retraso
vecinos,2042,98,2140,5.00e-04,11.9,2582,11.43,28.58,4.24,15,-3196.1,-1.419,-4.465,1851,1169,677,0.909,2508,265.0,91.5,0,0.0,0,0,5,9,159.58,27.5,27.42,0.803,0.861,0,0.0,0.0785,0.00335,-1.769,183784,184783,,,-41322.83,-16888.77,-41322.83,,,,dqn,retraso
vecinos,2042,99,2141,5.00e-04,12.1,2582,14.42,32.78,4.7,18,-3604.7,-1.598,-4.55,1894,1277,608,1.006,2513,271.2,93.9,0,0.0,0,0,4,10,158.42,26.7,27.03,0.739,0.871,0,0.0,0.069,0.00292,-1.7654,185678,186677,,,-43084.49,-18931.49,-43084.49,,,,dqn,retraso
vecinos,2042,100,2142,5.00e-04,12.1,2582,14.38,31.73,4.87,18,-3762.2,-1.67,-4.538,1917,1346,564,0.906,2507,268.3,93.0,0,0.0,0,0,4,10,157.21,25.43,26.17,0.638,0.914,0,0.0,0.0595,0.003,-1.7756,187595,188594,30.77,14.11,-43492.81,-19647.79,-43492.81,30.77,32.84,31.805,dqn,retraso
vecinos,2042,101,2143,5.00e-04,11.9,2582,14.82,32.75,4.58,16,-3510.2,-1.556,-4.434,1899,1293,601,0.955,2511,270.1,93.6,0,0.0,0,0,6,10,157.64,25.85,26.32,0.665,0.896,0,0.0,0.05,0.00323,-1.752,189494,190493,,,-42104.56,-18469.22,-42104.56,,,,dqn,retraso
vecinos,2042,102,2144,5.00e-04,11.9,2582,12.01,28.8,4.66,18,-3587.1,-1.588,-4.507,1894,1272,614,0.854,2511,264.6,91.4,0,0.0,0,0,4,10,158.39,26.77,27.08,0.722,0.893,0,0.0,0.05,0.00293,-1.7482,191388,192387,,,-42684.02,-18788.3,-42684.02,,,,dqn,retraso
vecinos,2042,103,2145,5.00e-04,11.9,2582,12.75,29.79,4.54,15,-3460.2,-1.532,-4.396,1916,1333,579,0.864,2511,265.4,91.8,0,0.0,0,0,3,10,157.93,26.06,26.51,0.682,0.898,0,0.0,0.05,0.00301,-1.74,193304,194303,,,-42117.9,-18293.24,-42117.9,,,,dqn,retraso
vecinos,2042,104,2146,5.00e-04,12.0,2582,10.97,27.04,4.69,15,-3632.8,-1.61,-4.401,1919,1344,569,0.785,2506,260.6,90.1,0,0.0,0,0,4,11,156.32,24.35,25.0,0.58,0.937,0,0.0,0.05,0.00319,-1.7497,195223,196222,,,-42225.22,-18998.14,-42225.22,,,,dqn,retraso
vecinos,2042,105,2147,5.00e-04,11.7,2582,11.31,27.68,4.69,18,-3571.6,-1.583,-4.49,1890,1265,618,0.856,2510,262.6,90.7,0,0.0,0,0,5,9,158.43,26.48,26.46,0.762,0.887,0,0.0,0.05,0.003,-1.7516,197113,198112,,,-42431.25,-18835.02,-42431.25,,,,dqn,retraso
vecinos,2042,106,2148,5.00e-04,12.0,2582,12.99,30.29,4.68,17,-3576.2,-1.585,-4.593,1889,1268,615,0.907,2508,267.4,92.4,0,0.0,0,0,4,10,158.92,26.63,27.05,0.721,0.876,0,0.0,0.05,0.00313,-1.7558,199002,200001,,,-43384.61,-18843.13,-43384.61,,,,dqn,retraso
vecinos,2042,107,2149,5.00e-04,11.9,2582,11.63,28.11,4.54,16,-3491.1,-1.55,-4.402,1901,1304,592,0.838,2509,262.0,90.6,0,0.0,0,0,4,10,157.86,25.45,26.09,0.655,0.922,0,0.0,0.05,0.00302,-1.7412,200903,201902,,,-41843.17,-18249.34,-41843.17,,,,dqn,retraso
vecinos,2042,108,2150,5.00e-04,12.2,2582,16.27,34.63,4.74,17,-3628.9,-1.609,-4.489,1910,1322,581,1.009,2506,272.6,94.6,0,0.0,0,0,4,10,157.9,25.92,26.4,0.668,0.921,0,0.0,0.05,0.00279,-1.7474,202813,203812,,,-42870.98,-19098.31,-42870.98,,,,dqn,retraso
vecinos,2042,109,2151,5.00e-04,12.0,2582,13.96,31.61,4.41,22,-3371.7,-1.493,-4.373,1892,1266,619,0.95,2508,268.6,93.0,0,0.0,0,0,5,10,158.42,26.43,26.34,0.716,0.891,0,0.0,0.05,0.00292,-1.7348,204705,205704,,,-41365.56,-17698.25,-41365.56,,,,dqn,retraso
vecinos,2042,110,2152,5.00e-04,11.9,2582,11.45,28.0,4.61,17,-3539.3,-1.567,-4.472,1895,1275,615,0.854,2505,263.4,91.0,0,0.0,0,0,4,9,158.15,26.19,25.94,0.717,0.875,0,0.0,0.05,0.00298,-1.7388,206600,207599,31.42,14.1,-42373.64,-18601.86,-42373.64,31.42,29.58,30.5,dqn,retraso
vecinos,2042,111,2153,5.00e-04,11.8,2582,12.89,30.38,4.38,17,-3337.3,-1.471,-4.457,1891,1255,631,0.943,2509,266.6,92.2,0,0.0,0,0,5,10,159.13,26.73,27.17,0.752,0.869,0,0.0,0.05,0.00285,-1.738,208491,209490,,,-42142.65,-17664.17,-42142.65,,,,dqn,retraso
vecinos,2042,112,2154,5.00e-04,12.2,2582,12.98,29.9,4.68,17,-3623.8,-1.598,-4.341,1937,1370,558,0.9,2511,264.6,91.6,0,0.0,0,0,5,10,156.23,24.75,25.46,0.612,0.918,0,0.0,0.05,0.00292,-1.7255,210428,211427,,,-42042.61,-18995.67,-42042.61,,,,dqn,retraso
vecinos,2042,113,2155,5.00e-04,11.9,2582,11.93,28.61,4.67,17,-3592.1,-1.594,-4.463,1897,1293,598,0.861,2501,263.9,91.2,0,0.0,0,0,4,9,158.33,26.45,26.53,0.724,0.897,0,0.0,0.05,0.0028,-1.7182,212325,213324,,,-42331.93,-18771.83,-42331.93,,,,dqn,retraso
vecinos,2042,114,2156,5.00e-04,11.9,2582,9.83,26.02,4.59,16,-3506.9,-1.55,-4.438,1914,1321,587,0.765,2511,260.6,89.9,0,0.0,0,0,4,11,157.94,26.34,26.8,0.693,0.874,0,0.0,0.05,0.00291,-1.7262,214239,215238,,,-42474.84,-18533.58,-42474.84,,,,dqn,retraso
vecinos,2042,115,2157,5.00e-04,12.0,2582,14.15,31.63,4.47,15,-3395.5,-1.509,-4.394,1889,1278,605,0.936,2509,268.2,92.9,0,0.0,0,0,4,10,157.09,25.32,25.2,0.668,0.91,0,0.0,0.05,0.00317,-1.7213,216128,217127,,,-41501.35,-17886.57,-41501.35,,,,dqn,retraso
vecinos,2042,116,2158,5.00e-04,12.1,2582,13.74,31.01,4.67,17,-3546.4,-1.576,-4.443,1895,1291,598,0.933,2509,267.2,92.5,0,0.0,0,0,4,10,156.99,25.22,25.69,0.653,0.926,0,0.0,0.05,0.00288,-1.7296,218023,219022,,,-42096.8,-18743.53,-42096.8,,,,dqn,retraso
vecinos,2042,117,2159,5.00e-04,12.0,2582,14.46,31.92,4.68,20,-3595.3,-1.592,-4.491,1899,1286,607,0.914,2508,268.9,93.1,0,0.0,0,0,4,10,158.09,26.06,26.27,0.691,0.922,0,0.0,0.05,0.00298,-1.7381,219922,220921,,,-42640.56,-18848.47,-42640.56,,,,dqn,retraso
vecinos,2042,118,2160,5.00e-04,12.1,2582,12.33,29.32,4.58,18,-3503.4,-1.549,-4.465,1893,1269,619,0.887,2509,264.7,91.5,0,0.0,0,0,4,9,158.5,26.47,26.66,0.71,0.896,0,0.0,0.05,0.00312,-1.7321,221815,222814,,,-42259.7,-18442.73,-42259.7,,,,dqn,retraso
vecinos,2042,119,2161,5.00e-04,11.8,2582,8.64,24.6,4.48,18,-3417.5,-1.515,-4.457,1884,1255,625,0.756,2509,258.2,88.9,0,0.0,0,0,4,9,158.78,26.57,27.01,0.718,0.901,0,0.0,0.05,0.00289,-1.7177,223699,224698,,,-41982.72,-17987.84,-41982.72,,,,dqn,retraso
vecinos,2042,120,2162,5.00e-04,11.8,2582,11.92,28.88,4.32,15,-3276.4,-1.45,-4.38,1886,1253,627,0.859,2509,265.0,91.6,0,0.0,0,0,5,10,158.49,26.65,26.74,0.712,0.887,0,0.0,0.05,0.00308,-1.715,225585,226584,31.7,14.06,-41307.33,-17364.26,-41307.33,31.7,30.1,30.9,dqn,retraso
vecinos,2042,121,2163,5.00e-04,12.0,2582,15.76,34.37,4.06,17,-3045.1,-1.344,-4.277,1871,1197,663,1.027,2509,273.0,94.7,0,0.0,0,0,5,9,158.0,26.24,26.43,0.735,0.882,0,0.0,0.05,0.00274,-1.7255,227456,228455,,,-40015.74,-16254.27,-40015.74,,,,dqn,retraso
vecinos,2042,122,2164,5.00e-04,12.1,2582,14.69,32.53,4.7,19,-3682.6,-1.622,-4.438,1947,1399,542,0.928,2510,268.8,93.2,0,0.0,0,0,5,11,157.19,24.84,25.67,0.591,0.922,0,0.0,0.05,0.0024,-1.7138,229403,230402,,,-43199.68,-19192.78,-43199.68,,,,dqn,retraso
vecinos,2042,123,2165,5.00e-04,12.0,2582,10.81,27.72,4.13,15,-3080.0,-1.371,-4.406,1847,1171,673,0.88,2512,263.7,91.0,0,0.0,0,0,4,9,158.49,26.62,26.49,0.773,0.868,0,0.0,0.05,0.00299,-1.7271,231250,232249,,,-40690.47,-16442.8,-40690.47,,,,dqn,retraso
vecinos,2042,124,2166,5.00e-04,11.9,2582,13.16,30.25,4.59,18,-3497.5,-1.552,-4.45,1894,1287,601,0.899,2507,266.1,92.1,0,0.0,0,0,5,10,157.63,25.74,25.92,0.673,0.909,0,0.0,0.05,0.00282,-1.731,233144,234143,,,-42138.67,-18409.88,-42138.67,,,,dqn,retraso
vecinos,2042,125,2167,5.00e-04,12.1,2582,15.88,34.1,4.88,16,-3788.4,-1.675,-4.517,1922,1347,569,0.976,2507,271.5,94.2,0,0.0,0,0,4,10,157.21,25.44,26.04,0.64,0.913,0,0.0,0.05,0.0026,-1.7243,235066,236065,,,-43404.78,-19824.59,-43404.78,,,,dqn,retraso
vecinos,2042,126,2168,5.00e-04,12.1,2582,12.33,29.54,4.67,16,-3632.3,-1.597,-4.5,1919,1313,599,0.917,2507,265.7,91.8,0,0.0,0,0,4,10,158.93,26.71,26.98,0.747,0.863,0,0.0,0.05,0.00253,-1.7237,236985,237984,,,-43179.04,-18940.13,-43179.04,,,,dqn,retraso
vecinos,2042,127,2169,5.00e-04,11.9,2582,11.33,27.96,4.44,16,-3406.2,-1.504,-4.39,1904,1290,607,0.837,2507,263.3,90.9,0,0.0,0,0,4,9,157.64,25.9,26.14,0.692,0.887,0,0.0,0.05,0.00265,-1.7301,238889,239888,,,-41795.03,-17949.83,-41795.03,,,,dqn,retraso
vecinos,2042,128,2170,5.00e-04,12.0,2582,10.88,27.82,4.56,17,-3470.9,-1.534,-4.565,1881,1239,638,0.871,2513,264.0,91.1,0,0.0,0,0,6,11,159.81,27.74,27.95,0.788,0.858,0,0.0,0.05,0.00285,-1.7212,240770,241769,,,-42930.6,-18325.45,-42930.6,,,,dqn,retraso
vecinos,2042,129,2171,5.00e-04,11.9,2582,12.5,29.73,4.52,20,-3466.3,-1.534,-4.396,1902,1297,599,0.91,2509,265.6,91.9,0,0.0,0,0,4,10,157.5,25.78,25.87,0.679,0.907,0,0.0,0.05,0.00273,-1.7209,242672,243671,,,-41804.45,-18231.21,-41804.45,,,,dqn,retraso
vecinos,2042,130,2172,5.00e-04,11.7,2582,9.89,26.16,4.48,16,-3399.0,-1.505,-4.401,1899,1288,607,0.796,2512,260.1,89.7,0,0.0,0,0,4,10,157.33,25.58,26.18,0.637,0.916,0,0.0,0.05,0.0027,-1.7213,244571,245570,30.6,12.7,-41786.6,-18061.86,-41786.6,30.6,28.24,29.42,dqn,retraso
vecinos,2042,131,2173,5.00e-04,11.9,2582,14.33,31.99,4.46,17,-3383.6,-1.502,-4.486,1867,1215,648,0.956,2506,270.1,93.5,0,0.0,0,0,4,10,158.45,26.99,27.28,0.782,0.853,0,0.0,0.05,0.00272,-1.7219,246438,247437,,,-41873.81,-17874.64,-41873.81,,,,dqn,retraso
vecinos,2042,132,2174,5.00e-04,11.9,2582,12.59,29.79,4.68,18,-3581.7,-1.588,-4.501,1906,1312,589,0.91,2511,265.4,91.8,0,0.0,0,0,6,10,158.55,26.52,26.63,0.725,0.886,0,0.0,0.05,0.00267,-1.7206,248344,249343,,,-42894.51,-18840.77,-42894.51,,,,dqn,retraso
vecinos,2042,133,2175,5.00e-04,12.3,2582,12.81,29.99,4.34,16,-3327.0,-1.469,-4.397,1898,1273,618,0.88,2509,266.3,92.1,0,0.0,0,0,4,10,158.49,26.11,26.4,0.674,0.92,0,0.0,0.05,0.00258,-1.7234,250242,251241,,,-41725.65,-17470.65,-41725.65,,,,dqn,retraso
vecinos,2042,134,2176,5.00e-04,12.1,2582,16.35,35.4,4.5,17,-3445.5,-1.519,-4.437,1898,1273,619,1.032,2507,274.9,95.3,0,0.0,0,0,6,10,158.83,27.19,27.45,0.747,0.859,0,0.0,0.05,0.00266,-1.7264,252140,253139,,,-42105.11,-18151.08,-42105.11,,,,dqn,retraso
vecinos,2042,135,2177,5.00e-04,11.9,2582,11.63,28.01,4.66,17,-3560.5,-1.578,-4.362,1922,1356,559,0.84,2512,261.8,90.6,0,0.0,0,0,4,10,156.27,24.52,24.97,0.606,0.932,0,0.0,0.05,0.00262,-1.7216,254062,255061,,,-41920.53,-18799.67,-41920.53,,,,dqn,retraso
vecinos,2042,136,2178,5.00e-04,11.8,2582,10.77,27.52,4.25,16,-3207.3,-1.424,-4.361,1873,1227,641,0.864,2510,263.1,90.8,0,0.0,0,0,4,10,159.06,27.24,26.91,0.787,0.862,0,0.0,0.05,0.00272,-1.7299,255935,256934,,,-40839.03,-16981.62,-40839.03,,,,dqn,retraso
vecinos,2042,137,2179,5.00e-04,12.4,2582,13.08,30.3,4.68,17,-3592.1,-1.582,-4.418,1927,1343,578,0.908,2508,266.1,92.1,0,0.0,0,0,5,10,157.44,25.6,26.05,0.645,0.914,0,0.0,0.05,0.00247,-1.7265,257862,258861,,,-42566.61,-18975.58,-42566.61,,,,dqn,retraso
vecinos,2042,138,2180,5.00e-04,12.3,2582,14.47,32.65,4.56,16,-3462.3,-1.537,-4.511,1883,1259,620,1.0,2506,270.6,93.7,0,0.0,0,0,3,10,158.8,26.53,27.02,0.705,0.902,0,0.0,0.05,0.00257,-1.7164,259745,260744,,,-42474.45,-18323.66,-42474.45,,,,dqn,retraso
vecinos,2042,139,2181,5.00e-04,11.9,2582,13.31,30.8,4.48,17,-3388.4,-1.506,-4.472,1874,1234,634,0.93,2503,267.9,92.6,0,0.0,0,0,4,10,158.04,26.5,26.48,0.724,0.872,0,0.0,0.05,0.00237,-1.7086,261619,262618,,,-41906.8,-17942.61,-41906.8,,,,dqn,retraso
vecinos,2042,140,2182,5.00e-04,11.8,2582,12.22,28.98,4.28,18,-3259.4,-1.447,-4.337,1875,1233,635,0.864,2510,264.8,91.5,0,0.0,0,0,4,10,156.94,25.31,25.21,0.665,0.903,0,0.0,0.05,0.00265,-1.7031,263494,264493,29.68,12.76,-40659.22,-17161.31,-40659.22,29.68,29.47,29.575,dqn,retraso
vecinos,2042,141,2183,5.00e-04,12.0,2582,13.27,30.73,4.74,17,-3610.2,-1.6,-4.485,1909,1321,584,0.929,2506,266.8,92.4,0,0.0,0,0,5,10,158.27,26.26,26.96,0.695,0.896,0,0.0,0.05,0.0023,-1.7119,265403,266402,,,-42805.95,-19070.35,-42805.95,,,,dqn,retraso
vecinos,2042,142,2184,5.00e-04,11.9,2582,11.74,28.63,4.48,16,-3401.5,-1.504,-4.548,1889,1259,624,0.857,2505,265.1,91.5,0,0.0,0,0,4,9,159.84,26.97,27.37,0.728,0.875,0,0.0,0.05,0.00232,-1.7174,267292,268291,,,-42954.89,-18033.55,-42954.89,,,,dqn,retraso
vecinos,2042,143,2185,5.00e-04,11.7,2582,9.7,26.15,4.39,16,-3346.6,-1.474,-4.392,1900,1272,623,0.811,2508,261.0,90.0,0,0.0,0,0,4,10,158.0,26.41,26.22,0.697,0.879,0,0.0,0.05,0.00245,-1.7244,269192,270191,,,-41726.42,-17767.81,-41726.42,,,,dqn,retraso
vecinos,2042,144,2186,5.00e-04,11.8,2582,11.47,28.4,4.46,17,-3417.4,-1.505,-4.482,1893,1252,637,0.866,2505,264.3,91.2,0,0.0,0,0,4,10,158.75,26.92,26.9,0.758,0.865,0,0.0,0.05,0.00258,-1.7432,271085,272084,,,-42421.71,-17990.28,-42421.71,,,,dqn,retraso
vecinos,2042,145,2187,5.00e-04,11.9,2582,11.34,28.28,4.42,17,-3335.8,-1.477,-4.461,1891,1269,615,0.849,2509,264.5,91.3,0,0.0,0,0,4,10,158.93,27.04,27.19,0.74,0.863,0,0.0,0.05,0.0026,-1.756,272976,273975,,,-42175.94,-17747.31,-42175.94,,,,dqn,retraso
vecinos,2042,146,2188,5.00e-04,11.9,2582,11.72,28.71,4.61,16,-3540.0,-1.569,-4.559,1887,1261,618,0.85,2514,264.7,91.4,0,0.0,0,0,4,10,158.31,26.18,26.19,0.64,0.919,0,0.0,0.05,0.00251,-1.7427,274863,275862,,,-43010.51,-18572.79,-43010.51,,,,dqn,retraso
vecinos,2042,147,2189,5.00e-04,11.9,2582,10.92,27.65,4.52,17,-3510.4,-1.534,-4.511,1923,1298,619,0.831,2512,263.3,90.8,0,0.0,0,0,4,10,159.69,27.23,27.35,0.714,0.876,0,0.0,0.05,0.00253,-1.7461,276786,277785,,,-43368.9,-18470.42,-43368.9,,,,dqn,retraso
vecinos,2042,148,2190,5.00e-04,11.8,2582,12.16,29.4,4.39,16,-3351.4,-1.49,-4.446,1886,1268,613,0.869,2508,265.5,91.7,0,0.0,0,0,4,10,157.51,25.75,26.41,0.653,0.906,0,0.0,0.05,0.00228,-1.7414,278672,279671,,,-41927.77,-17595.6,-41927.77,,,,dqn,retraso
vecinos,2042,149,2191,5.00e-04,11.7,2582,10.45,27.01,4.34,19,-3317.2,-1.465,-4.404,1895,1267,622,0.805,2513,262.1,90.4,0,0.0,0,0,5,10,158.63,26.37,26.68,0.681,0.899,0,0.0,0.05,0.00261,-1.7557,280567,281566,,,-41727.88,-17497.26,-41727.88,,,,dqn,retraso
vecinos,2042,150,2192,5.00e-04,11.9,2582,15.6,33.46,4.26,14,-3209.7,-1.425,-4.295,1878,1240,630,0.943,2506,271.2,94.1,0,0.0,0,0,4,10,157.24,25.64,25.75,0.677,0.912,0,0.0,0.05,0.00258,-1.756,282445,283444,28.84,12.17,-40327.58,-17043.62,-40327.58,28.84,30.07,29.455,dqn,retraso
vecinos,2042,151,2193,5.00e-04,12.1,2582,15.88,33.95,4.51,17,-3462.5,-1.537,-4.355,1893,1281,606,0.958,2512,271.3,94.2,0,0.0,0,0,4,10,156.76,25.52,25.62,0.65,0.918,0,0.0,0.05,0.00252,-1.7481,284338,285337,,,-41223.08,-18140.25,-41223.08,,,,dqn,retraso
vecinos,2042,152,2194,5.00e-04,11.9,2582,9.44,25.64,4.3,18,-3238.8,-1.434,-4.318,1891,1265,620,0.792,2511,259.7,89.5,0,0.0,0,0,4,10,158.37,26.66,26.64,0.721,0.883,0,0.0,0.05,0.00259,-1.7448,286229,287228,,,-40828.54,-17204.6,-40828.54,,,,dqn,retraso
vecinos,2042,153,2195,5.00e-04,12.1,2582,13.23,30.75,4.81,20,-3699.4,-1.631,-4.546,1937,1375,555,0.901,2511,266.8,92.3,0,0.0,0,0,6,10,159.24,26.58,27.47,0.657,0.912,0,0.0,0.05,0.00253,-1.7245,288166,289165,,,-44025.11,-19556.22,-44025.11,,,,dqn,retraso
vecinos,2042,154,2196,5.00e-04,11.7,2582,11.94,28.77,4.44,15,-3379.4,-1.496,-4.392,1900,1292,601,0.841,2510,264.3,91.3,0,0.0,0,0,4,10,158.55,26.45,27.05,0.701,0.896,0,0.0,0.05,0.00248,-1.7347,290066,291065,,,-41724.96,-17865.3,-41724.96,,,,dqn,retraso
vecinos,2042,155,2197,5.00e-04,11.8,2582,9.12,25.31,4.32,15,-3252.8,-1.446,-4.442,1879,1245,626,0.782,2514,260.2,89.6,0,0.0,0,0,5,10,158.55,26.4,26.43,0.708,0.887,0,0.0,0.05,0.00241,-1.7267,291945,292944,,,-41731.93,-17287.93,-41731.93,,,,dqn,retraso
vecinos,2042,156,2198,5.00e-04,11.9,2582,12.48,29.45,4.53,17,-3449.3,-1.527,-4.425,1891,1268,618,0.879,2509,265.0,91.7,0,0.0,0,0,5,10,157.63,25.89,26.45,0.677,0.896,0,0.0,0.05,0.00246,-1.722,293836,294835,,,-41835.45,-18264.4,-41835.45,,,,dqn,retraso
vecinos,2042,157,2199,5.00e-04,11.9,2582,11.02,27.46,4.51,17,-3441.6,-1.519,-4.394,1908,1305,598,0.822,2513,262.5,90.6,0,0.0,0,0,4,10,157.92,26.28,26.38,0.705,0.891,0,0.0,0.05,0.00245,-1.7119,295744,296743,,,-41921.63,-18168.89,-41921.63,,,,dqn,retraso
vecinos,2042,158,2200,5.00e-04,12.0,2582,11.39,27.8,4.62,16,-3527.4,-1.57,-4.442,1901,1313,580,0.816,2509,262.5,90.7,0,0.0,0,0,4,11,158.09,26.02,26.41,0.672,0.903,0,0.0,0.05,0.00248,-1.7121,297645,298644,,,-42225.57,-18550.49,-42225.57,,,,dqn,retraso
vecinos,2042,159,2201,5.00e-04,12.0,2582,10.66,27.11,4.53,18,-3489.1,-1.536,-4.434,1898,1266,627,0.838,2509,262.1,90.5,0,0.0,0,0,6,10,158.18,26.46,26.98,0.716,0.888,0,0.0,0.05,0.00259,-1.7163,299543,300542,,,-42079.46,-18320.13,-42079.46,,,,dqn,retraso
vecinos,2042,160,2202,5.00e-04,11.9,2582,13.41,30.87,4.45,17,-3436.2,-1.511,-4.399,1902,1274,622,0.918,2508,267.6,92.6,0,0.0,0,0,5,9,158.81,26.83,27.4,0.717,0.9,0,0.0,0.05,0.0026,-1.7189,301445,302444,31.25,13.63,-41838.22,-17969.87,-41838.22,31.25,30.58,30.915,dqn,retraso
vecinos,2042,161,2203,5.00e-04,11.8,2582,12.08,28.73,4.44,16,-3403.7,-1.497,-4.371,1911,1295,610,0.843,2502,264.1,91.3,0,0.0,0,0,5,10,157.48,25.27,25.88,0.647,0.921,0,0.0,0.05,0.00266,-1.7027,303356,304355,,,-41767.65,-18020.99,-41767.65,,,,dqn,retraso
vecinos,2042,162,2204,5.00e-04,12.0,2582,11.15,27.74,4.47,16,-3401.8,-1.508,-4.401,1894,1278,610,0.838,2507,263.1,90.8,0,0.0,0,0,4,10,157.53,25.87,26.01,0.68,0.896,0,0.0,0.05,0.00239,-1.6941,305250,306249,,,-41673.57,-17990.79,-41673.57,,,,dqn,retraso
vecinos,2042,163,2205,5.00e-04,12.0,2582,15.01,33.23,4.53,18,-3452.3,-1.53,-4.493,1886,1257,622,0.986,2510,271.5,94.1,0,0.0,0,0,5,11,157.94,26.35,26.52,0.707,0.879,0,0.0,0.05,0.00267,-1.694,307136,308135,,,-42371.35,-18202.4,-42371.35,,,,dqn,retraso
vecinos,2042,164,2206,5.00e-04,12.2,2582,11.91,28.77,4.45,16,-3403.7,-1.509,-4.439,1897,1290,602,0.853,2508,264.5,91.4,0,0.0,0,0,6,9,157.64,25.48,26.07,0.656,0.907,0,0.0,0.05,0.00275,-1.6858,309033,310032,,,-42107.0,-17870.71,-42107.0,,,,dqn,retraso
vecinos,2042,165,2207,5.00e-04,11.8,2582,10.18,26.7,4.26,19,-3250.3,-1.427,-4.455,1882,1211,665,0.823,2510,262.4,90.4,0,0.0,0,0,5,9,158.68,26.39,27.05,0.696,0.886,0,0.0,0.05,0.00273,-1.6961,310915,311914,,,-41917.88,-17249.7,-41917.88,,,,dqn,retraso
vecinos,2042,166,2208,5.00e-04,11.9,2582,11.75,28.81,4.43,19,-3359.3,-1.481,-4.447,1885,1235,643,0.894,2509,265.2,91.6,0,0.0,0,0,5,10,158.76,26.85,26.78,0.73,0.874,0,0.0,0.05,0.00261,-1.6972,312800,313799,,,-41908.43,-17844.26,-41908.43,,,,dqn,retraso
vecinos,2042,167,2209,5.00e-04,12.2,2582,12.97,30.31,4.65,19,-3572.7,-1.567,-4.516,1913,1293,615,0.927,2511,266.8,92.2,0,0.0,0,0,5,10,159.54,26.97,27.31,0.75,0.88,0,0.0,0.05,0.00253,-1.6937,314713,315712,,,-43195.92,-18825.7,-43195.92,,,,dqn,retraso
vecinos,2042,168,2210,5.00e-04,11.9,2582,8.69,24.47,4.63,17,-3587.3,-1.575,-4.436,1933,1350,576,0.745,2509,257.4,88.7,0,0.0,0,0,5,10,158.23,26.0,26.89,0.684,0.895,0,0.0,0.05,0.00233,-1.6925,316646,317645,,,-42874.73,-18868.97,-42874.73,,,,dqn,retraso
vecinos,2042,169,2211,5.00e-04,11.7,2582,10.55,26.88,4.55,16,-3487.2,-1.534,-4.411,1916,1310,601,0.799,2506,261.1,90.1,0,0.0,0,0,4,10,158.07,25.98,26.24,0.652,0.921,0,0.0,0.05,0.00254,-1.699,318562,319561,,,-42257.72,-18443.25,-42257.72,,,,dqn,retraso
vecinos,2042,170,2212,5.00e-04,12.1,2582,14.4,31.93,4.43,20,-3357.9,-1.488,-4.376,1884,1250,627,0.962,2506,268.8,93.1,0,0.0,0,0,4,9,157.78,26.13,25.6,0.717,0.882,0,0.0,0.05,0.0024,-1.7068,320446,321445,28.68,12.16,-41224.05,-17759.55,-41224.05,28.68,28.88,28.78,dqn,retraso
vecinos,2042,171,2213,5.00e-04,11.7,2582,11.01,28.02,4.34,16,-3318.0,-1.457,-4.34,1907,1282,621,0.861,2509,264.1,91.1,0,0.0,0,0,5,10,158.89,27.06,27.39,0.713,0.869,0,0.0,0.05,0.0026,-1.7102,322353,323352,,,-41383.34,-17558.94,-41383.34,,,,dqn,retraso
vecinos,2042,172,2214,5.00e-04,11.8,2582,9.64,25.92,4.28,16,-3260.3,-1.445,-4.393,1882,1244,631,0.766,2506,260.5,89.8,0,0.0,0,0,3,10,158.13,26.23,26.95,0.682,0.89,0,0.0,0.05,0.00242,-1.718,324235,325234,,,-41341.55,-17232.7,-41341.55,,,,dqn,retraso
vecinos,2042,173,2215,5.00e-04,12.0,2582,11.52,28.16,4.58,15,-3523.3,-1.564,-4.504,1898,1294,598,0.827,2513,263.4,90.9,0,0.0,0,0,4,10,158.68,26.3,26.85,0.698,0.89,0,0.0,0.05,0.00233,-1.7188,326133,327132,,,-42745.64,-18467.22,-42745.64,,,,dqn,retraso
vecinos,2042,174,2216,5.00e-04,11.8,2582,11.97,28.99,4.46,18,-3428.2,-1.514,-4.416,1893,1265,622,0.86,2500,265.7,91.8,0,0.0,0,0,5,10,158.12,26.59,26.78,0.705,0.876,0,0.0,0.05,0.00248,-1.7253,328026,329025,,,-41796.98,-18000.06,-41796.98,,,,dqn,retraso
vecinos,2042,175,2217,5.00e-04,12.2,2582,11.55,28.43,4.41,18,-3379.7,-1.492,-4.387,1902,1284,612,0.838,2505,264.2,91.2,0,0.0,0,0,4,10,158.78,26.57,27.02,0.7,0.896,0,0.0,0.05,0.00243,-1.7235,329928,330927,,,-41717.18,-17752.1,-41717.18,,,,dqn,retraso
vecinos,2042,176,2218,5.00e-04,12.0,2582,10.77,27.51,4.53,17,-3466.4,-1.532,-4.445,1912,1316,588,0.825,2511,262.8,90.6,0,0.0,0,0,4,10,158.56,26.69,26.86,0.694,0.884,0,0.0,0.05,0.00233,-1.7257,331840,332839,,,-42498.4,-18217.74,-42498.4,,,,dqn,retraso
vecinos,2042,177,2219,5.00e-04,11.8,2582,11.08,28.08,4.0,17,-2993.6,-1.316,-4.335,1871,1183,678,0.855,2511,264.7,91.3,0,0.0,0,0,4,11,159.62,27.43,27.15,0.78,0.857,0,0.0,0.05,0.00249,-1.7232,333711,334710,,,-40553.05,-16077.84,-40553.05,,,,dqn,retraso
vecinos,2042,178,2220,5.00e-04,12.3,2582,15.63,33.62,4.55,15,-3466.7,-1.537,-4.378,1907,1316,586,0.947,2503,271.2,94.1,0,0.0,0,0,6,10,157.04,25.77,25.94,0.676,0.89,0,0.0,0.05,0.00257,-1.7332,335618,336617,,,-41748.01,-18345.86,-41748.01,,,,dqn,retraso
vecinos,2042,179,2221,5.00e-04,12.0,2582,11.94,29.01,4.55,19,-3499.3,-1.545,-4.47,1902,1284,613,0.882,2513,264.8,91.5,0,0.0,0,0,4,11,159.15,27.23,27.36,0.746,0.873,0,0.0,0.05,0.00265,-1.738,337520,338519,,,-42512.05,-18342.32,-42512.05,,,,dqn,retraso
vecinos,2042,180,2222,5.00e-04,12.0,2582,12.49,29.77,4.45,18,-3358.0,-1.488,-4.472,1878,1237,635,0.926,2509,266.1,92.0,0,0.0,0,0,7,10,159.17,27.13,27.47,0.77,0.864,0,0.0,0.05,0.00273,-1.7522,339398,340397,32.25,14.73,-41990.89,-17794.02,-41990.89,32.25,30.72,31.485,dqn,retraso
vecinos,2042,181,2223,5.00e-04,12.0,2582,12.71,30.22,4.19,18,-3175.2,-1.404,-4.436,1868,1198,662,0.916,2506,267.7,92.5,0,0.0,0,0,4,9,158.68,26.7,27.24,0.757,0.863,0,0.0,0.05,0.00254,-1.7617,341266,342265,,,-41428.42,-16826.96,-41428.42,,,,dqn,retraso
vecinos,2042,182,2224,5.00e-04,11.7,2582,9.5,25.47,4.36,15,-3326.6,-1.471,-4.386,1891,1259,626,0.771,2508,259.0,89.3,0,0.0,0,0,4,10,157.65,25.59,26.0,0.669,0.897,0,0.0,0.05,0.00265,-1.7561,343157,344156,,,-41468.62,-17590.9,-41468.62,,,,dqn,retraso
vecinos,2042,183,2225,5.00e-04,12.1,2582,13.71,31.04,4.67,17,-3580.3,-1.585,-4.471,1913,1326,583,0.924,2509,267.9,92.7,0,0.0,0,0,5,11,157.55,25.67,26.16,0.667,0.901,0,0.0,0.05,0.00284,-1.764,345070,346069,,,-42762.72,-18865.18,-42762.72,,,,dqn,retraso
vecinos,2042,184,2226,5.00e-04,12.1,2582,13.52,31.37,4.4,16,-3373.0,-1.477,-4.379,1909,1277,627,0.982,2509,268.9,93.1,0,0.0,0,0,4,9,157.78,26.12,25.97,0.713,0.87,0,0.0,0.05,0.00257,-1.7701,346979,347978,,,-41799.55,-17894.76,-41799.55,,,,dqn,retraso
vecinos,2042,185,2227,5.00e-04,11.8,2582,12.2,29.7,4.2,19,-3132.6,-1.39,-4.459,1855,1181,667,0.896,2510,267.2,92.2,0,0.0,0,0,5,10,159.69,27.67,27.69,0.781,0.852,0,0.0,0.05,0.00266,-1.7734,348834,349833,,,-41359.32,-16734.68,-41359.32,,,,dqn,retraso
vecinos,2042,186,2228,5.00e-04,11.8,2582,9.96,25.89,4.65,20,-3556.9,-1.579,-4.403,1914,1336,569,0.771,2510,259.5,89.5,0,0.0,0,0,5,9,156.63,24.91,25.57,0.612,0.909,0,0.0,0.05,0.00291,-1.7814,350748,351747,,,-42137.06,-18715.58,-42137.06,,,,dqn,retraso
vecinos,2042,187,2229,5.00e-04,11.9,2582,8.73,25.17,4.08,17,-3112.9,-1.355,-4.364,1875,1157,711,0.815,2511,260.8,89.7,0,0.0,0,0,5,10,160.53,28.65,27.91,0.864,0.817,0,0.0,0.05,0.00271,-1.779,352623,353622,,,-40914.55,-16533.25,-40914.55,,,,dqn,retraso
vecinos,2042,188,2230,5.00e-04,12.1,2582,13.63,30.81,4.49,17,-3451.6,-1.524,-4.419,1914,1312,593,0.861,2511,267.5,92.6,0,0.0,0,0,3,11,157.74,25.68,25.83,0.665,0.896,0,0.0,0.05,0.00254,-1.7784,354537,355536,,,-42289.95,-18151.13,-42289.95,,,,dqn,retraso
vecinos,2042,189,2231,5.00e-04,12.1,2582,13.91,31.49,4.48,16,-3433.7,-1.512,-4.38,1919,1322,590,0.904,2511,268.4,93.0,0,0.0,0,0,5,11,157.37,25.65,26.04,0.67,0.891,0,0.0,0.05,0.0027,-1.778,356456,357455,,,-42027.21,-18171.42,-42027.21,,,,dqn,retraso
vecinos,2042,190,2232,5.00e-04,11.9,2582,12.48,29.58,4.69,17,-3591.9,-1.594,-4.598,1891,1277,609,0.89,2508,266.3,92.0,0,0.0,0,0,4,10,158.48,25.94,26.34,0.696,0.896,0,0.0,0.05,0.00297,-1.7796,358347,359346,31.78,14.13,-43475.73,-18910.04,-43475.73,31.78,28.66,30.22,dqn,retraso
vecinos,2042,191,2233,5.00e-04,11.9,2582,9.93,26.37,4.41,19,-3385.9,-1.495,-4.39,1907,1296,604,0.8,2506,261.0,90.0,0,0.0,0,0,5,10,157.94,26.2,26.59,0.701,0.878,0,0.0,0.05,0.00249,-1.7748,360254,361253,,,-41858.1,-17809.41,-41858.1,,,,dqn,retraso
vecinos,2042,192,2234,5.00e-04,12.0,2582,13.81,31.0,4.55,18,-3492.5,-1.544,-4.383,1911,1317,588,0.88,2510,267.3,92.6,0,0.0,0,0,5,10,157.42,25.93,26.17,0.677,0.907,0,0.0,0.05,0.00275,-1.7703,362165,363164,,,-41883.93,-18379.52,-41883.93,,,,dqn,retraso
vecinos,2042,193,2235,5.00e-04,11.8,2582,11.68,28.5,4.57,16,-3480.0,-1.536,-4.399,1923,1340,574,0.863,2506,264.7,91.4,0,0.0,0,0,4,10,157.79,26.23,26.58,0.712,0.857,0,0.0,0.05,0.00286,-1.7536,364088,365087,,,-42291.6,-18470.14,-42291.6,,,,dqn,retraso
vecinos,2042,194,2236,5.00e-04,12.1,2582,14.1,31.48,4.6,17,-3549.1,-1.569,-4.407,1917,1330,578,0.922,2514,267.3,92.6,0,0.0,0,0,4,9,156.94,24.91,25.6,0.635,0.924,0,0.0,0.05,0.0029,-1.7498,366005,367004,,,-42237.15,-18573.84,-42237.15,,,,dqn,retraso
vecinos,2042,195,2237,5.00e-04,12.1,2582,12.11,29.1,4.47,17,-3393.4,-1.5,-4.347,1916,1322,584,0.87,2509,264.4,91.4,0,0.0,0,0,4,10,158.71,27.07,28.01,0.729,0.884,0,0.0,0.05,0.00275,-1.742,367921,368920,,,-41648.02,-17981.87,-41648.02,,,,dqn,retraso
vecinos,2042,196,2238,5.00e-04,12.0,2582,13.61,31.24,4.41,16,-3341.8,-1.475,-4.426,1907,1300,600,0.922,2507,268.2,92.7,0,0.0,0,0,4,11,159.23,26.52,26.57,0.692,0.881,0,0.0,0.05,0.00253,-1.7278,369828,370827,,,-42200.89,-17750.66,-42200.89,,,,dqn,retraso
vecinos,2042,197,2239,5.00e-04,12.1,2582,9.54,25.51,4.8,17,-3721.1,-1.643,-4.473,1941,1392,544,0.734,2508,259.2,89.4,0,0.0,0,0,5,10,157.4,25.37,26.17,0.605,0.921,0,0.0,0.05,0.00255,-1.7211,371769,372768,,,-43414.44,-19495.23,-43414.44,,,,dqn,retraso
vecinos,2042,198,2240,5.00e-04,11.8,2582,11.81,28.58,4.41,20,-3353.7,-1.485,-4.335,1905,1304,593,0.857,2508,263.7,91.2,0,0.0,0,0,4,10,157.92,25.87,25.98,0.688,0.902,0,0.0,0.05,0.00269,-1.7179,373674,374673,,,-41287.73,-17693.82,-41287.73,,,,dqn,retraso
vecinos,2042,199,2241,5.00e-04,12.0,2582,12.91,30.29,4.39,18,-3336.1,-1.477,-4.351,1884,1249,631,0.915,2512,267.0,92.4,0,0.0,0,0,5,9,157.87,26.58,26.69,0.735,0.866,0,0.0,0.05,0.00256,-1.7167,375558,376557,,,-40982.71,-17598.35,-40982.71,,,,dqn,retraso
vecinos,2042,200,2242,5.00e-04,11.8,2582,10.68,27.3,4.58,18,-3506.0,-1.552,-4.488,1909,1313,590,0.829,2508,262.1,90.4,0,0.0,0,0,6,10,159.55,26.99,27.29,0.724,0.876,0,0.0,0.05,0.00258,-1.7142,377467,378466,31.88,14.01,-42838.38,-18445.37,-42838.38,31.88,30.5,31.19,dqn,retraso
