modo,episodio,semilla,epsilon,vehiculos,espera_prom,timeloss_prom,cola_prom,cola_max,recompensa,recompensa_decision,decisiones,cambios_fase,paradas_prom,throughput,co2_prom,nox_prom,estados_q,dq_max,eval_timeloss,eval_espera,val_999,val_1999,segundos,val,ret_retraso,ret_colas,ret_spill,algoritmo,base,recompensa_u2,no_terminados,spillback_tasa,spillback_seg,cola_max_enlace
train,1,4043,1.0,3545,79.72,201.01,47.57,112,retraso,-25.888,1993,676,7.986,2634,487.1,171.3,259,25.2275,,,,,19.2,,-731228.1,-311740.1,-735506.1,qlearning,4042,-62078.6,131,0.0,0,31
train,2,4044,0.972,3563,76.81,191.0,46.06,100,retraso,-25.06,2008,651,7.563,2683,474.7,167.0,341,27.8511,,,,,18.7,,-699419.0,-302522.0,-701973.0,qlearning,4042,-60092.9,107,0.0,0,28
train,3,4045,0.944,3578,73.22,182.81,44.11,97,retraso,-23.918,2005,656,7.257,2721,462.9,162.8,367,29.466,,,,,18.7,,-670876.1,-288956.5,-674568.1,qlearning,4042,-57355.6,99,0.0,11,35
train,4,4046,0.917,3602,75.1,190.88,45.52,105,retraso,-24.628,2012,645,7.649,2689,476.6,167.4,407,31.3492,,,,,21.9,,-704002.7,-297255.7,-707106.7,qlearning,4042,-59057.2,74,0.0,14,36
train,5,4047,0.891,3576,71.63,182.05,43.14,122,retraso,-23.31,2005,656,7.277,2746,463.1,162.6,431,37.9214,,,,,22.4,,-666217.2,-281662.2,-669275.2,qlearning,4042,-55896.5,76,0.0,0,33
train,6,4048,0.866,3620,72.82,191.28,44.39,100,retraso,-23.941,2004,659,7.737,2752,477.2,167.6,479,35.5043,,,,,18.8,,-706816.4,-288571.3,-707912.4,qlearning,4042,-57409.5,71,0.0,0,33
train,7,4049,0.841,3591,72.48,189.95,43.82,108,retraso,-23.771,1997,670,7.667,2716,473.9,166.5,490,38.8822,,,,,18.8,,-697536.1,-286643.8,-699436.1,qlearning,4042,-57002.7,91,0.0,0,32
train,8,4050,0.818,3620,71.0,186.23,43.29,110,retraso,-23.34,2004,657,7.546,2736,469.6,164.5,505,35.1647,,,,,18.0,,-687965.5,-281841.8,-690391.5,qlearning,4042,-55969.7,79,0.0,0,33
train,9,4051,0.794,3620,70.07,187.75,42.73,100,retraso,-22.941,2004,658,7.648,2725,473.5,165.9,521,40.1253,,,,,20.1,,-692552.1,-277178.0,-693754.1,qlearning,4042,-55012.6,41,0.0,0,31
train,10,4052,0.772,3620,68.53,182.79,42.2,110,retraso,-22.802,1995,633,7.323,2755,468.0,164.1,542,47.3639,234.72,133.3,234.72,229.42,18.0,232.07,-674920.1,-272254.0,-676086.1,qlearning,4042,-54132.9,0,0.0,0,32
train,11,4053,0.75,3620,69.35,188.37,42.3,114,retraso,-22.838,2011,647,7.503,2753,474.1,166.0,551,42.2976,,,,,17.8,,-695465.7,-275609.3,-696151.7,qlearning,4042,-54765.5,38,0.0,0,29
train,12,4054,0.729,3620,64.67,172.54,39.46,109,retraso,-21.304,2023,627,6.838,2767,451.2,157.9,556,47.996,,,,,17.0,,-636889.1,-257514.0,-638953.1,qlearning,4042,-51085.9,33,0.0,0,32
train,13,4055,0.708,3620,68.36,178.03,41.68,113,retraso,-22.515,2024,625,7.193,2776,460.3,161.5,564,40.8968,,,,,17.2,,-658268.1,-271909.9,-659888.1,qlearning,4042,-53991.3,36,0.0,0,30
train,14,4056,0.688,3620,68.47,186.62,41.75,124,retraso,-22.54,2014,641,7.454,2772,473.0,165.8,572,45.6964,,,,,16.9,,-688715.1,-272235.2,-690657.1,qlearning,4042,-54049.9,10,0.0,0,32
train,15,4057,0.668,3620,67.24,176.76,41.06,105,retraso,-22.217,2031,609,6.996,2841,459.5,161.1,593,45.8302,,,,,16.6,,-653640.5,-268178.7,-655032.5,qlearning,4042,-53231.3,0,0.0,0,32
train,16,4058,0.649,3620,73.02,187.51,44.48,138,retraso,-24.178,2025,622,7.461,2787,473.9,166.4,604,50.2066,,,,,15.9,,-695132.3,-292064.0,-697446.3,qlearning,4042,-57978.4,42,0.0,0,32
train,17,4059,0.631,3620,69.63,182.13,42.93,107,retraso,-23.449,2010,602,7.028,2837,468.1,164.1,614,50.2157,,,,,15.5,,-676218.6,-280149.2,-679370.6,qlearning,4042,-55620.9,0,0.0,14,37
train,18,4060,0.613,3620,66.57,172.11,41.49,111,retraso,-22.724,1987,600,6.538,2818,453.1,158.6,620,49.1326,,,,,16.8,,-639124.4,-268449.2,-642014.4,qlearning,4042,-53355.1,0,0.0,0,32
train,19,4061,0.596,3620,68.26,177.16,42.83,130,retraso,-23.497,1977,589,6.809,2806,460.7,161.7,628,51.7698,,,,,15.9,,-658102.1,-275127.0,-661504.1,qlearning,4042,-54748.8,0,0.0,0,33
train,20,4062,0.579,3620,65.94,176.81,40.22,109,retraso,-21.724,2018,634,6.978,2828,458.5,160.6,633,47.3983,222.78,124.64,222.78,222.33,17.7,222.555,-652682.4,-262598.2,-654738.4,qlearning,4042,-52094.8,19,0.0,0,30
train,21,4063,0.562,3620,62.22,166.09,39.48,130,retraso,-21.404,1950,596,6.56,2828,444.7,155.5,641,41.5863,,,,,16.2,,-613536.9,-248643.7,-613662.9,qlearning,4042,-49401.4,0,0.0,0,24
train,22,4064,0.546,3620,68.63,176.62,43.78,116,retraso,-24.04,1951,567,6.725,2781,460.2,161.3,653,53.3553,,,,,17.9,,-656579.6,-276695.9,-658369.6,qlearning,4042,-55100.0,0,0.0,2,34
train,23,4065,0.531,3620,65.06,167.49,40.64,125,retraso,-22.341,1982,601,6.439,2848,447.4,156.6,656,54.3376,,,,,16.9,,-623379.1,-263641.8,-625631.1,qlearning,4042,-52366.6,0,0.0,1,34
train,24,4066,0.516,3620,69.04,172.85,44.24,136,retraso,-24.296,1949,554,6.594,2836,455.8,160.1,670,56.4309,,,,,17.3,,-643703.0,-278758.6,-647261.0,qlearning,4042,-55443.2,0,0.0,13,37
train,25,4067,0.501,3620,70.22,175.47,45.7,125,retraso,-25.056,1914,552,6.72,2847,459.5,161.2,673,57.9171,,,,,17.2,,-653166.8,-282964.7,-655632.8,qlearning,4042,-56276.1,0,0.0,0,32
train,26,4068,0.487,3620,65.23,171.84,42.64,125,retraso,-23.306,1901,562,6.718,2823,454.2,158.7,675,59.4948,,,,,15.8,,-636790.4,-262265.0,-638902.4,qlearning,4042,-52158.8,0,0.0,18,35
train,27,4069,0.473,3620,72.79,173.5,47.26,138,retraso,-26.392,1936,522,6.265,2813,457.4,160.8,681,56.4551,,,,,18.5,,-652289.3,-298762.6,-656339.3,qlearning,4042,-59381.2,0,0.0022,8,35
train,28,4070,0.46,3620,69.67,171.86,46.26,131,retraso,-25.523,1883,529,6.536,2826,453.8,159.4,684,52.9262,,,,,23.5,,-640805.1,-282114.2,-643107.1,qlearning,4042,-56151.6,0,0.0,0,32
train,29,4071,0.447,3620,67.74,172.23,42.19,133,retraso,-23.232,2005,570,6.351,2804,452.6,158.5,684,57.1212,,,,,23.8,,-642140.8,-274865.3,-646142.8,qlearning,4042,-54549.2,0,0.0014,5,35
train,30,4072,0.434,3620,68.2,171.13,43.57,131,retraso,-24.088,1960,548,6.321,2828,453.2,158.8,687,61.8479,203.62,109.08,203.62,203.95,23.9,203.785,-638272.1,-277280.0,-641490.1,qlearning,4042,-55112.4,0,0.0,9,37
train,31,4073,0.422,3620,72.13,171.7,46.03,148,retraso,-25.577,1970,532,6.354,2792,455.0,160.0,690,62.7352,,,,,22.5,,-643646.4,-294237.4,-648134.4,qlearning,4042,-58571.9,0,0.0003,1,34
train,32,4074,0.41,3620,73.22,176.96,48.57,139,retraso,-27.141,1898,507,6.504,2810,461.1,162.2,693,50.2104,,,,,22.4,,-664585.5,-300417.4,-667185.5,qlearning,4042,-59764.0,0,0.0019,7,35
train,33,4075,0.398,3620,69.54,171.94,45.61,120,retraso,-25.285,1913,526,6.337,2817,454.2,159.2,695,54.1226,,,,,18.3,,-642940.9,-283528.7,-645996.9,qlearning,4042,-56335.2,0,0.0,3,34
train,34,4076,0.387,3620,72.66,171.23,47.08,141,retraso,-26.342,1938,526,6.249,2802,454.4,159.8,696,63.0605,,,,,19.1,,-644525.7,-298610.4,-649811.7,qlearning,4042,-59373.8,0,0.0044,25,36
train,35,4077,0.376,3620,70.36,167.67,46.05,144,retraso,-25.469,1931,503,6.23,2839,449.2,157.8,697,61.0654,,,,,17.2,,-627875.1,-286140.2,-630265.1,qlearning,4042,-56845.7,0,0.0,0,29
train,36,4078,0.365,3620,71.31,170.63,45.89,132,retraso,-25.448,1952,530,6.231,2808,452.7,158.9,700,50.9655,,,,,17.1,,-639138.7,-290610.9,-642230.7,qlearning,4042,-57767.7,0,0.0,0,31
train,37,4079,0.355,3620,76.28,180.43,49.48,129,retraso,-27.695,1929,535,6.684,2787,467.1,164.3,701,54.4218,,,,,19.6,,-678848.3,-313095.6,-681322.3,qlearning,4042,-62312.9,0,0.0,0,32
train,38,4080,0.345,3620,71.58,166.28,48.74,144,retraso,-27.234,1860,476,5.984,2837,449.2,157.7,704,67.8841,,,,,15.7,,-625405.0,-293717.0,-628157.0,qlearning,4042,-58443.4,0,0.0,0,32
train,39,4081,0.335,3620,70.62,171.07,47.31,172,retraso,-26.373,1876,507,6.231,2821,453.9,159.4,711,56.5164,,,,,19.0,,-642318.8,-289362.6,-646366.8,qlearning,4042,-57494.0,0,0.0067,37,37
train,40,4082,0.325,3620,69.58,168.09,46.24,154,retraso,-25.848,1896,504,6.182,2839,449.9,157.9,714,61.2278,183.25,91.88,183.25,157.11,26.0,170.18,-631378.4,-285882.6,-635348.4,qlearning,4042,-56814.5,0,0.0019,7,34
train,41,4083,0.316,3620,70.16,168.38,46.56,131,retraso,-25.992,1903,498,6.175,2852,449.6,157.9,714,63.9378,,,,,21.8,,-632176.3,-287921.1,-636612.3,qlearning,4042,-57234.3,0,0.0019,18,35
train,42,4084,0.307,3620,73.1,168.32,47.84,146,retraso,-26.748,1926,509,6.11,2832,452.0,158.7,715,67.8102,,,,,19.4,,-633563.7,-300040.7,-637411.7,qlearning,4042,-59700.9,0,0.0,4,34
train,43,4085,0.299,3620,66.5,154.79,43.36,113,retraso,-24.256,1949,490,5.459,2862,431.5,151.1,717,58.9928,,,,,24.5,,-582313.4,-273526.9,-586841.4,qlearning,4042,-54382.2,0,0.0,2,35
train,44,4086,0.29,3620,76.32,167.6,48.77,147,retraso,-27.635,1990,490,5.82,2778,451.3,158.9,718,62.2477,,,,,20.8,,-636304.2,-316901.5,-645788.2,qlearning,4042,-63117.6,0,0.0058,38,38
train,45,4087,0.282,3620,61.21,152.85,39.27,143,retraso,-21.766,1971,519,5.539,2874,426.7,149.2,718,69.611,,,,,19.1,,-571432.1,-250738.5,-576656.1,qlearning,4042,-49713.4,0,0.0058,36,38
train,46,4088,0.274,3620,67.6,160.23,41.55,135,retraso,-23.095,2056,539,5.845,2829,438.5,153.8,719,65.0889,,,,,22.0,,-601095.0,-276602.4,-606883.0,qlearning,4042,-54965.8,0,0.0039,15,37
train,47,4089,0.266,3620,79.16,165.65,50.93,167,retraso,-29.216,1981,478,5.516,2786,448.0,158.2,720,66.203,,,,,19.4,,-634935.0,-332707.0,-644443.0,qlearning,4042,-66260.8,0,0.0114,45,37
train,48,4090,0.259,3620,76.39,166.73,49.58,150,retraso,-28.159,1966,472,5.709,2796,448.5,158.1,720,64.4778,,,,,21.3,,-634745.4,-318444.6,-642973.4,qlearning,4042,-63302.2,0,0.0036,13,38
train,49,4091,0.251,3620,78.95,176.24,52.19,140,retraso,-29.499,1919,478,6.214,2807,463.1,163.3,732,73.1045,,,,,19.0,,-668521.3,-327114.3,-674513.3,qlearning,4042,-65075.5,0,0.0053,25,37
train,50,4092,0.244,3620,74.33,169.11,50.41,133,retraso,-28.36,1875,462,5.985,2864,451.6,158.9,734,62.812,190.99,97.94,190.99,208.29,17.0,199.64,-638783.7,-306632.0,-641797.7,qlearning,4042,-61031.4,0,0.0,0,32
train,51,4093,0.237,3620,74.52,169.81,49.07,131,retraso,-27.667,1924,489,5.965,2789,452.0,159.0,739,55.7392,,,,,17.2,,-642024.3,-308321.3,-645892.3,qlearning,4042,-61365.5,0,0.0014,9,35
train,52,4094,0.23,3620,78.58,176.5,53.04,140,retraso,-29.844,1888,457,6.187,2821,462.3,163.0,739,73.3466,,,,,19.2,,-667717.9,-324017.6,-671727.9,qlearning,4042,-64522.6,0,0.0025,9,35
train,53,4095,0.224,3620,81.95,169.53,53.67,196,retraso,-31.297,1948,465,5.624,2769,454.5,160.7,740,69.6736,,,,,18.4,,-656628.8,-350234.5,-664576.8,qlearning,4042,-69729.6,0,0.0064,34,38
train,54,4096,0.218,3620,74.19,169.45,48.39,155,retraso,-27.193,1946,488,6.077,2836,452.0,159.1,743,72.5505,,,,,17.7,,-639216.3,-305747.6,-647044.3,qlearning,4042,-60858.9,0,0.0011,4,35
train,55,4097,0.211,3620,71.52,155.2,45.68,122,retraso,-25.856,1997,483,5.423,2845,432.4,152.2,744,66.0487,,,,,16.4,,-589943.6,-297802.4,-600011.6,qlearning,4042,-59158.2,0,0.0031,61,38
train,56,4098,0.205,3620,67.63,155.72,45.26,125,retraso,-25.354,1902,470,5.491,2900,433.2,151.9,746,60.0042,,,,,17.5,,-586756.2,-278903.2,-590874.2,qlearning,4042,-55373.4,0,0.0019,7,36
train,57,4099,0.2,3620,74.35,165.89,51.04,154,retraso,-28.76,1851,459,5.866,2848,449.0,157.9,750,72.0196,,,,,18.3,,-627855.2,-307409.1,-633267.2,qlearning,4042,-61143.9,0,0.005,18,37
train,58,4100,0.194,3620,72.37,162.15,48.92,144,retraso,-27.728,1876,476,5.674,2867,444.5,156.0,750,69.7065,,,,,17.7,,-615006.1,-301324.0,-619248.1,qlearning,4042,-59947.6,0,0.0,0,33
train,59,4101,0.188,3620,66.11,152.87,45.27,115,retraso,-25.279,1855,468,5.517,2878,429.1,150.3,754,68.6749,,,,,16.5,,-574918.5,-271700.9,-580532.5,qlearning,4042,-53996.1,0,0.0003,1,34
train,60,4102,0.183,3620,78.63,173.94,53.24,136,retraso,-29.931,1875,467,6.128,2863,461.3,162.3,756,70.3571,176.0,87.36,176.0,155.61,16.3,165.805,-658178.9,-324179.6,-662120.9,qlearning,4042,-64530.5,0,0.0,0,33
train,61,4103,0.178,3620,80.03,174.39,54.31,162,retraso,-30.791,1887,438,6.08,2837,461.3,162.8,756,66.7851,,,,,19.5,,-663332.3,-332570.7,-668356.3,qlearning,4042,-66200.7,0,0.0003,1,34
train,62,4104,0.173,3620,67.29,153.13,46.29,158,retraso,-26.068,1854,451,5.326,2867,428.6,150.5,756,51.4203,,,,,17.2,,-578539.6,-278847.9,-582825.6,qlearning,4042,-55420.1,0,0.0,17,38
train,63,4105,0.168,3620,63.19,144.45,41.65,146,retraso,-23.59,1933,480,5.069,2844,416.8,146.0,759,55.2659,,,,,16.7,,-547294.3,-263498.6,-555530.3,qlearning,4042,-52370.1,0,0.0069,46,37
train,64,4106,0.163,3620,77.83,165.11,50.43,157,retraso,-28.919,1974,464,5.535,2789,446.5,157.6,759,65.1396,,,,,19.2,,-633002.2,-327681.5,-642170.2,qlearning,4042,-65125.8,0,0.0094,49,38
train,65,4107,0.158,3620,77.23,168.37,49.41,157,retraso,-28.156,2003,466,5.759,2765,449.2,158.6,761,64.8358,,,,,19.2,,-642011.0,-323335.3,-649615.0,qlearning,4042,-64252.0,0,0.0078,52,38
train,66,4108,0.154,3620,84.33,165.03,55.52,147,retraso,-32.393,1974,401,5.272,2791,447.8,158.9,761,78.811,,,,,17.2,,-641958.9,-360294.0,-653380.9,qlearning,4042,-71717.5,0,0.0125,64,38
train,67,4109,0.15,3620,65.19,150.14,42.8,139,retraso,-24.312,1949,465,5.115,2792,422.7,148.2,762,71.4911,,,,,17.0,,-569042.8,-272596.8,-574864.8,qlearning,4042,-54168.2,0,0.0,13,37
train,68,4110,0.145,3620,72.57,153.55,47.88,128,retraso,-27.529,1963,420,4.949,2830,430.2,151.5,767,68.1393,,,,,17.2,,-588826.6,-306447.5,-593866.6,qlearning,4042,-60948.9,0,0.0,8,35
train,69,4111,0.141,3620,67.37,149.5,43.8,126,retraso,-24.865,1985,440,5.058,2822,422.7,148.4,769,47.9331,,,,,16.3,,-567578.9,-281353.3,-573452.9,qlearning,4042,-55945.2,0,0.0019,7,35
train,70,4112,0.137,3620,65.64,148.39,42.46,142,retraso,-23.991,1981,468,5.078,2822,420.9,147.7,769,57.4863,159.03,85.37,159.03,155.56,16.4,157.295,-561615.5,-273067.5,-569293.5,qlearning,4042,-54268.2,0,0.0022,25,38
train,71,4113,0.133,3620,85.31,178.35,55.18,165,retraso,-31.897,1990,440,5.723,2777,465.2,164.6,770,79.1827,,,,,18.6,,-686856.7,-360928.9,-695248.7,qlearning,4042,-71895.3,0,0.0083,52,38
train,72,4114,0.13,3620,88.92,170.31,57.13,173,retraso,-34.2,2010,432,5.121,2768,456.6,162.0,771,70.2563,,,,,17.8,,-673542.6,-389534.5,-688946.6,qlearning,4042,-77565.0,0,0.0181,113,38
train,73,4115,0.126,3620,82.53,164.64,54.64,150,retraso,-31.579,1961,401,5.209,2817,448.0,158.4,771,65.5395,,,,,16.2,,-635633.5,-349506.3,-643301.5,qlearning,4042,-69537.2,0,0.0033,12,38
train,74,4116,0.122,3620,83.52,170.97,56.25,163,retraso,-32.566,1915,417,5.514,2806,455.2,161.1,773,74.6993,,,,,14.4,,-659712.8,-354110.4,-668846.8,qlearning,4042,-70537.8,0,0.0083,30,38
train,75,4117,0.119,3620,92.74,176.98,62.27,168,retraso,-36.495,1925,408,5.522,2784,465.9,165.7,773,70.2624,,,,,14.9,,-691413.0,-397398.6,-700641.0,qlearning,4042,-79193.5,0,0.0064,35,38
train,76,4118,0.115,3620,90.7,178.31,59.99,168,retraso,-35.071,1954,416,5.506,2775,468.0,166.1,773,59.7672,,,,,15.2,,-693854.0,-387958.3,-705078.0,qlearning,4042,-77297.4,0,0.0097,70,38
train,77,4119,0.112,3620,82.37,163.27,53.84,171,retraso,-31.821,1983,416,5.064,2793,444.9,157.4,773,56.4381,,,,,14.9,,-638803.0,-356754.0,-649407.0,qlearning,4042,-71025.2,0,0.0094,75,38
train,78,4120,0.109,3620,85.72,169.59,57.35,166,retraso,-33.748,1929,418,5.34,2813,455.5,161.2,773,65.7284,,,,,14.8,,-662506.5,-369840.6,-672636.5,qlearning,4042,-73571.3,0,0.0119,71,38
train,79,4121,0.106,3620,82.71,164.81,54.28,158,retraso,-32.212,1966,429,5.109,2798,446.5,158.0,773,64.4698,,,,,16.1,,-646324.3,-359663.7,-659524.3,qlearning,4042,-71639.7,0,0.0183,90,38
train,80,4122,0.103,3620,68.56,152.19,44.84,164,retraso,-25.603,1956,464,5.178,2738,425.2,149.7,778,83.6461,153.17,70.8,153.17,175.1,15.8,164.135,-579786.0,-287709.1,-585574.0,qlearning,4042,-57197.8,0,0.005,26,38
train,81,4123,0.1,3620,92.3,174.68,59.15,173,retraso,-36.216,2033,400,5.074,2782,462.5,164.3,778,66.4294,,,,,16.6,,-700695.0,-413326.4,-714081.0,qlearning,4042,-82355.8,0,0.0089,39,37
train,82,4124,0.097,3620,68.52,151.41,47.66,160,retraso,-26.983,1842,432,5.208,2912,428.1,150.3,780,77.9869,,,,,14.9,,-574151.9,-285393.3,-580609.9,qlearning,4042,-56718.7,0,0.005,38,38
train,83,4125,0.094,3620,62.98,149.75,40.41,124,retraso,-22.711,1987,490,5.283,2869,422.6,148.0,780,58.4825,,,,,15.8,,-563887.7,-260826.0,-572897.7,qlearning,4042,-51780.2,0,0.0,78,38
train,84,4126,0.092,3620,65.92,148.4,44.55,127,retraso,-25.142,1904,433,5.1,2888,422.4,148.1,780,76.8588,,,,,14.8,,-561578.5,-273809.1,-568546.5,qlearning,4042,-54408.3,0,0.0061,27,38
train,85,4127,0.089,3620,68.18,154.15,44.22,120,retraso,-24.82,1977,461,5.277,2792,428.7,150.4,781,87.7645,,,,,14.7,,-582086.8,-281513.2,-590462.8,qlearning,4042,-55945.0,0,0.0,12,37
train,86,4128,0.087,3620,68.56,157.92,44.77,131,retraso,-25.079,1963,459,5.545,2825,435.2,152.6,783,66.7687,,,,,15.6,,-595039.7,-282474.0,-603947.7,qlearning,4042,-56127.5,0,0.0039,53,38
train,87,4129,0.084,3620,81.43,167.36,53.34,165,retraso,-31.228,1972,425,5.396,2810,450.3,159.1,783,66.3495,,,,,15.9,,-649589.5,-349359.4,-661185.5,qlearning,4042,-69575.3,0,0.0183,101,38
train,88,4130,0.082,3620,69.63,154.89,44.9,145,retraso,-25.499,1986,468,5.346,2790,430.6,151.6,786,56.5516,,,,,16.8,,-587887.6,-290280.1,-596809.6,qlearning,4042,-57780.2,0,0.0064,29,38
train,89,4131,0.079,3620,76.18,160.34,49.66,152,retraso,-28.678,1980,434,5.237,2820,440.1,155.2,787,66.8224,,,,,16.6,,-616388.3,-322744.3,-628480.3,qlearning,4042,-64239.1,0,0.0142,60,38
train,90,4132,0.077,3620,70.6,156.51,48.21,128,retraso,-27.479,1883,428,5.223,2887,433.9,152.3,788,75.1461,171.96,77.24,171.96,163.06,15.4,167.51,-595570.0,-295446.1,-603830.0,qlearning,4042,-58804.5,0,0.0036,49,38
train,91,4133,0.075,3620,76.4,168.53,52.0,171,retraso,-29.644,1887,431,5.82,2858,452.5,159.3,788,65.2668,,,,,15.8,,-642363.6,-319765.7,-648129.6,qlearning,4042,-63616.6,0,0.0003,23,37
train,92,4134,0.073,3620,76.83,159.58,49.63,130,retraso,-28.739,1997,439,5.249,2779,438.3,154.8,789,69.1884,,,,,16.0,,-614784.9,-326235.0,-624696.9,qlearning,4042,-64951.0,0,0.0064,31,38
train,93,4135,0.071,3620,68.75,147.87,43.88,121,retraso,-24.82,2015,459,5.004,2817,421.1,148.1,790,63.9758,,,,,15.6,,-561243.6,-285905.7,-571855.6,qlearning,4042,-56837.7,0,0.0014,50,38
train,94,4136,0.069,3620,73.52,150.05,46.35,131,retraso,-26.58,2051,444,4.916,2818,425.3,150.0,790,50.7781,,,,,15.8,,-576186.6,-309524.5,-590940.6,qlearning,4042,-61613.0,0,0.0028,65,38
train,95,4137,0.067,3620,84.7,166.66,52.9,164,retraso,-31.315,2065,452,5.207,2718,448.7,159.1,790,75.2442,,,,,16.4,,-653453.2,-367454.7,-666995.2,qlearning,4042,-73150.8,0,0.0281,122,38
train,96,4138,0.065,3620,70.55,150.3,45.61,145,retraso,-25.972,2001,432,5.03,2818,425.1,149.6,790,58.4271,,,,,15.5,,-573416.2,-295453.9,-583460.2,qlearning,4042,-58695.9,0,0.0072,26,38
train,97,4139,0.063,3620,85.06,168.34,53.97,155,retraso,-31.39,2052,410,5.37,2753,451.6,160.0,791,63.9015,,,,,16.3,,-653365.1,-362303.2,-666041.1,qlearning,4042,-72134.7,0,0.0203,87,38
train,98,4140,0.061,3620,80.28,161.41,49.92,163,retraso,-29.989,2077,448,4.966,2699,440.7,155.7,793,74.6919,,,,,16.7,,-636692.4,-353548.1,-655686.4,qlearning,4042,-70355.1,0,0.0322,132,38
train,99,4141,0.06,3620,90.84,172.48,55.19,144,retraso,-32.494,2146,421,5.205,2770,459.3,163.0,793,64.2046,,,,,17.2,,-676158.1,-391413.0,-694062.1,qlearning,4042,-77921.6,2,0.0175,153,38
train,100,4142,0.058,3620,69.52,149.37,45.59,150,retraso,-26.211,1969,431,4.851,2861,423.9,148.9,793,71.189,163.97,73.88,163.97,160.12,15.4,162.045,-572101.9,-293806.6,-583843.9,qlearning,4042,-58397.8,0,0.0147,67,38
train,101,4143,0.056,3620,92.62,174.97,60.81,157,retraso,-36.464,1979,401,5.126,2776,462.9,164.7,793,66.242,,,,,16.3,,-693087.2,-406277.9,-705747.2,qlearning,4042,-80950.0,0,0.0092,65,38
train,102,4144,0.055,3620,83.39,169.56,55.56,168,retraso,-32.253,1938,416,5.527,2804,454.3,160.7,795,77.8793,,,,,16.1,,-655254.0,-354141.3,-664106.0,qlearning,4042,-70570.0,0,0.0136,67,38
train,103,4145,0.053,3620,75.21,162.35,52.5,138,retraso,-29.828,1847,408,5.387,2880,442.9,155.9,795,64.772,,,,,15.4,,-618071.6,-313211.0,-620697.6,qlearning,4042,-62399.2,0,0.0,0,33
train,104,4146,0.052,3620,72.69,155.06,50.19,129,retraso,-28.789,1856,432,5.201,2854,431.6,152.1,797,62.9062,,,,,15.3,,-592954.4,-305769.9,-596778.4,qlearning,4042,-60860.6,0,0.0,0,33
train,105,4147,0.05,3620,79.0,166.46,55.34,162,retraso,-31.791,1838,407,5.489,2864,450.0,158.8,798,65.7858,,,,,14.9,,-638010.8,-332855.9,-640336.8,qlearning,4042,-66188.5,0,0.0,0,33
train,106,4148,0.049,3620,89.46,178.44,61.26,145,retraso,-36.589,1875,422,5.79,2785,468.4,166.1,799,71.8593,,,,,14.1,,-702429.2,-391350.2,-707597.2,qlearning,4042,-77861.8,0,0.0019,21,38
train,107,4149,0.047,3620,86.56,178.91,60.15,156,retraso,-34.871,1848,414,5.781,2807,467.8,165.6,799,72.8833,,,,,14.1,,-690290.1,-367406.9,-693784.1,qlearning,4042,-73159.1,0,0.0003,1,34
train,108,4150,0.046,3620,77.52,164.16,53.49,148,retraso,-30.575,1865,418,5.339,2850,445.2,157.0,802,72.2961,,,,,13.7,,-627604.2,-324951.7,-631606.2,qlearning,4042,-64696.7,0,0.0,2,34
train,109,4151,0.045,3620,85.27,169.5,56.23,143,retraso,-33.772,1959,420,5.367,2749,452.8,160.5,802,89.7894,,,,,14.2,,-668885.2,-375193.3,-674325.2,qlearning,4042,-74703.4,0,0.0003,1,34
train,110,4152,0.043,3620,78.67,165.44,52.63,135,retraso,-30.26,1940,403,5.461,2805,447.0,157.9,804,60.7769,178.86,91.4,178.86,163.78,14.3,171.32,-634282.2,-331690.5,-639918.2,qlearning,4042,-66027.1,0,0.0,8,35
train,111,4153,0.042,3620,83.2,168.32,57.33,141,retraso,-33.449,1892,374,5.14,2874,453.2,160.3,804,80.4769,,,,,15.8,,-652520.5,-355346.2,-656504.5,qlearning,4042,-70777.1,0,0.0,15,37
train,112,4154,0.041,3620,81.38,170.59,57.48,138,retraso,-33.102,1836,382,5.498,2853,454.4,160.4,806,83.8534,,,,,15.6,,-655583.2,-343607.2,-657957.2,qlearning,4042,-68389.7,0,0.0,0,29
train,113,4155,0.04,3620,96.7,184.7,66.22,171,retraso,-39.001,1909,365,5.565,2787,477.2,169.9,807,68.9166,,,,,16.7,,-724118.5,-416354.8,-730254.5,qlearning,4042,-82993.5,0,0.0,20,38
train,114,4156,0.039,3620,101.27,187.28,67.26,157,retraso,-40.52,1964,382,5.476,2759,481.3,171.7,812,95.2621,,,,,16.8,,-745903.1,-445443.3,-754243.1,qlearning,4042,-88820.8,0,0.0058,34,38
train,115,4157,0.038,3620,88.55,178.93,61.37,146,retraso,-35.711,1866,394,5.709,2831,467.8,165.7,814,69.977,,,,,16.1,,-692155.1,-376855.8,-693841.1,qlearning,4042,-75136.8,0,0.0,0,29
train,116,4158,0.037,3620,88.3,170.97,57.41,158,retraso,-33.592,1993,418,5.325,2731,454.5,161.6,815,73.2885,,,,,16.2,,-667062.8,-378686.2,-675824.8,qlearning,4042,-75381.4,0,0.0081,47,38
train,117,4159,0.035,3620,88.03,171.04,56.81,159,retraso,-33.951,2009,419,5.146,2700,455.6,161.6,817,64.8229,,,,,16.6,,-674875.8,-385302.5,-687889.8,qlearning,4042,-76729.8,0,0.0275,112,38
train,118,4160,0.034,3620,68.05,149.65,45.01,114,retraso,-25.411,1956,423,5.077,2822,422.7,148.5,817,74.3977,,,,,16.7,,-567166.7,-282798.0,-571318.7,qlearning,4042,-56158.0,0,0.0,0,32
train,119,4161,0.033,3620,79.29,164.96,54.12,140,retraso,-31.218,1893,407,5.332,2863,447.4,157.8,817,73.9014,,,,,18.3,,-634052.5,-335407.3,-639972.5,qlearning,4042,-66681.8,0,0.0039,14,37
train,120,4162,0.033,3620,88.6,173.57,60.31,173,retraso,-35.306,1925,360,5.269,2846,461.2,163.4,817,67.4585,179.65,89.6,179.65,189.03,18.1,184.34,-676149.1,-379348.8,-683985.1,qlearning,4042,-75624.8,0,0.0083,42,38
train,121,4163,0.032,3620,87.21,174.8,57.74,154,retraso,-33.735,1967,391,5.428,2798,462.1,163.8,817,70.1071,,,,,20.1,,-678883.5,-372935.0,-688639.5,qlearning,4042,-74284.5,0,0.0075,27,37
train,122,4164,0.031,3620,93.41,178.43,63.94,152,retraso,-37.683,1900,380,5.542,2821,468.9,166.6,817,73.0855,,,,,18.9,,-699405.6,-402525.1,-707991.6,qlearning,4042,-80190.4,0,0.0089,32,38
train,123,4165,0.03,3620,83.95,172.23,57.27,168,retraso,-33.536,1897,400,5.427,2846,458.0,161.8,817,62.8927,,,,,19.8,,-668441.3,-360203.8,-673789.3,qlearning,4042,-71700.2,0,0.0022,8,37
train,124,4166,0.029,3620,82.69,164.5,56.38,157,retraso,-33.041,1909,386,5.124,2880,446.9,158.1,817,92.2228,,,,,17.5,,-640527.1,-355153.3,-649299.1,qlearning,4042,-70707.5,0,0.0061,33,38
train,125,4167,0.028,3620,66.67,147.99,43.68,167,retraso,-25.356,1964,447,4.873,2796,419.9,147.3,817,94.7395,,,,,17.9,,-568071.1,-284528.0,-575707.1,qlearning,4042,-56594.1,0,0.0044,27,36
train,126,4168,0.027,3620,76.61,146.63,49.62,166,retraso,-30.229,2012,404,4.163,2789,420.3,148.4,817,43.0942,,,,,18.1,,-585046.5,-342487.6,-602720.5,qlearning,4042,-68135.2,0,0.0328,170,38
train,127,4169,0.027,3620,68.18,158.27,45.19,130,retraso,-25.814,1918,479,5.403,2748,432.4,152.0,817,94.5755,,,,,19.4,,-601713.6,-286468.1,-604795.6,qlearning,4042,-56945.8,0,0.0,0,33
train,128,4170,0.026,3620,83.31,182.48,51.22,146,retraso,-29.938,2063,517,6.101,2728,468.7,165.7,822,90.7806,,,,,17.8,,-704742.5,-356951.6,-710516.5,qlearning,4042,-71072.8,0,0.0,4,34
train,129,4171,0.025,3620,83.08,174.28,54.46,173,retraso,-31.866,1952,457,5.589,2754,457.8,162.0,822,62.0008,,,,,16.5,,-675242.9,-356318.1,-679470.9,qlearning,4042,-70934.8,0,0.0033,12,38
train,130,4172,0.024,3620,73.97,161.79,48.66,148,retraso,-28.654,1953,446,5.165,2750,438.3,154.6,823,71.3367,170.9,79.87,170.9,166.89,17.9,168.895,-626220.0,-319702.9,-629842.0,qlearning,4042,-63612.1,0,0.0025,9,37
train,131,4173,0.024,3620,73.72,162.05,49.1,154,retraso,-28.268,1938,424,5.292,2813,440.5,155.1,823,64.1466,,,,,21.0,,-619941.2,-311531.6,-622997.2,qlearning,4042,-61962.5,0,0.0025,9,38
train,132,4174,0.023,3620,70.51,164.26,46.14,141,retraso,-26.052,1950,470,5.773,2758,442.1,155.5,823,75.6901,,,,,18.8,,-620087.2,-292303.5,-624501.2,qlearning,4042,-58147.6,0,0.005,18,37
train,133,4175,0.022,3620,83.06,166.76,52.82,142,retraso,-31.06,2040,422,5.194,2729,446.4,158.2,823,60.4478,,,,,19.7,,-650320.5,-358004.5,-659192.5,qlearning,4042,-71251.3,0,0.0119,43,38
train,134,4176,0.022,3620,72.57,162.07,47.98,143,retraso,-27.327,1935,459,5.487,2786,439.5,154.9,823,75.4268,,,,,19.8,,-617407.1,-304066.9,-622875.1,qlearning,4042,-60392.6,0,0.0006,29,38
train,135,4177,0.021,3620,72.42,161.61,48.08,147,retraso,-27.485,1935,444,5.43,2816,440.3,154.7,824,86.8826,,,,,19.8,,-615988.4,-303765.7,-621956.4,qlearning,4042,-60468.0,0,0.0039,33,38
train,136,4178,0.021,3620,78.17,166.33,51.57,161,retraso,-29.713,1950,437,5.49,2764,448.4,158.3,824,54.8017,,,,,18.4,,-639005.2,-330747.4,-647163.2,qlearning,4042,-65726.2,0,0.01,36,38
train,137,4179,0.02,3620,76.04,158.53,49.52,140,retraso,-28.471,1989,422,5.128,2786,435.8,153.8,824,74.1646,,,,,18.0,,-608951.2,-320822.3,-617069.2,qlearning,4042,-63832.6,0,0.0083,41,38
train,138,4180,0.019,3620,80.09,157.04,50.66,147,retraso,-29.925,2061,410,4.785,2821,434.9,154.0,825,54.936,,,,,19.3,,-615151.9,-347115.3,-630097.9,qlearning,4042,-69066.5,0,0.0142,144,38
train,139,4181,0.019,3620,79.55,158.34,52.6,177,retraso,-31.161,1985,370,4.839,2824,436.9,154.7,826,91.9279,,,,,16.2,,-619848.6,-346027.5,-628824.6,qlearning,4042,-68804.5,0,0.01,64,38
train,140,4182,0.018,3620,81.67,168.62,51.65,148,retraso,-30.413,2047,430,5.408,2732,450.9,159.5,826,83.9857,157.63,80.56,157.63,159.56,16.4,158.595,-656009.0,-352324.1,-666087.0,qlearning,4042,-70131.3,0,0.0194,70,38
train,141,4183,0.018,3620,80.18,166.87,48.78,140,retraso,-28.172,2140,431,5.332,2838,449.4,158.6,826,63.5503,,,,,16.6,,-642121.5,-339491.0,-648581.5,qlearning,4042,-67555.4,7,0.0,0,33
train,142,4184,0.017,3620,65.23,139.8,42.37,143,retraso,-24.19,2004,412,4.648,2859,410.2,144.1,826,63.5491,,,,,15.2,,-533634.2,-273959.9,-540004.2,qlearning,4042,-54476.9,0,0.01,36,38
train,143,4185,0.017,3620,63.78,141.69,42.57,115,retraso,-24.17,1941,418,4.83,2868,411.5,144.4,826,65.835,,,,,14.6,,-538123.2,-266668.8,-541167.2,qlearning,4042,-52981.1,0,0.0,0,31
train,144,4186,0.016,3620,70.43,145.93,46.65,150,retraso,-27.263,1974,388,4.551,2826,418.2,147.4,827,68.9366,,,,,15.6,,-565181.7,-302377.6,-574029.7,qlearning,4042,-60142.8,0,0.0164,59,38
train,145,4187,0.016,3620,60.08,134.09,40.58,133,retraso,-23.127,1923,409,4.474,2873,401.2,140.5,827,58.7784,,,,,13.9,,-509877.3,-252567.3,-514515.3,qlearning,4042,-50139.3,0,0.0031,21,38
train,146,4188,0.015,3620,75.21,151.78,48.88,166,retraso,-28.914,2000,411,4.671,2789,427.3,150.9,827,75.0418,,,,,15.7,,-593052.3,-326619.9,-601334.3,qlearning,4042,-64939.8,0,0.0111,40,38
train,147,4189,0.015,3620,72.59,153.4,46.89,143,retraso,-28.136,1999,437,5.028,2773,426.3,150.7,827,74.6209,,,,,15.7,,-601829.8,-320255.0,-607825.8,qlearning,4042,-63643.6,0,0.0006,4,35
train,148,4190,0.015,3620,65.46,140.76,43.47,132,retraso,-25.143,1954,414,4.567,2843,409.8,144.0,827,53.2932,,,,,15.1,,-540174.7,-278524.8,-544012.7,qlearning,4042,-55364.1,0,0.0,9,36
train,149,4191,0.014,3620,88.76,161.09,53.96,162,retraso,-32.705,2161,396,4.737,2759,441.8,157.3,828,53.0466,,,,,16.3,,-645293.1,-393583.1,-665129.1,qlearning,4042,-78425.6,6,0.0183,173,38
train,150,4192,0.014,3620,79.09,148.94,51.71,168,retraso,-31.0,2004,381,4.437,2758,423.9,150.2,828,69.6562,145.47,68.35,145.47,139.04,15.6,142.255,-589738.8,-347376.7,-601804.8,qlearning,4042,-69192.5,0,0.0319,115,38
train,151,4193,0.013,3620,71.43,146.34,46.45,167,retraso,-26.966,2003,406,4.691,2810,419.3,147.6,828,82.9009,,,,,15.4,,-565019.7,-304683.9,-579917.7,qlearning,4042,-60564.8,0,0.0242,99,38
train,152,4194,0.013,3620,66.02,138.71,43.46,139,retraso,-24.971,1962,435,4.484,2831,408.0,143.2,829,74.9266,,,,,15.1,,-532108.9,-279270.5,-544110.9,qlearning,4042,-55485.2,0,0.0144,79,38
train,153,4195,0.013,3620,75.3,146.98,47.97,137,retraso,-27.807,2056,395,4.615,2740,421.3,148.8,829,72.3805,,,,,15.7,,-569910.0,-320654.8,-584922.0,qlearning,4042,-63734.1,0,0.0322,116,38
train,154,4196,0.012,3620,72.46,147.09,47.41,150,retraso,-28.079,1997,393,4.443,2801,420.1,148.0,829,55.3847,,,,,15.6,,-574693.7,-315320.3,-585413.7,qlearning,4042,-62673.2,0,0.0183,66,38
train,155,4197,0.012,3620,90.65,164.33,55.24,155,retraso,-33.289,2150,404,4.641,2810,447.4,159.0,829,46.4447,,,,,16.9,,-655925.7,-399853.6,-681379.7,qlearning,4042,-79628.0,0,0.0214,256,38
train,156,4198,0.012,3620,90.1,160.64,55.13,155,retraso,-33.322,2152,382,4.399,2827,443.5,157.5,829,76.9246,,,,,16.9,,-642956.5,-398439.0,-670186.5,qlearning,4042,-79372.8,0,0.0422,262,38
train,157,4199,0.011,3620,92.39,161.34,56.97,168,retraso,-35.635,2132,387,4.328,2759,444.3,158.2,829,56.5302,,,,,16.6,,-661656.6,-422986.7,-686722.6,qlearning,4042,-84240.9,0,0.0467,268,38
train,158,4200,0.011,3620,84.34,151.39,52.53,160,retraso,-31.746,2101,402,4.255,2824,428.3,152.0,830,60.1381,,,,,16.2,,-605782.0,-373573.4,-629504.0,qlearning,4042,-74349.1,0,0.025,196,38
train,159,4201,0.011,3620,77.96,149.65,51.48,155,retraso,-30.931,1982,381,4.409,2809,426.4,150.5,830,45.9216,,,,,15.6,,-592629.5,-343889.7,-607949.5,qlearning,4042,-68358.4,0,0.0128,76,38
train,160,4202,0.01,3620,90.83,166.1,55.97,158,retraso,-33.368,2121,408,4.754,2773,450.1,159.9,830,58.1091,176.84,93.36,176.84,182.42,16.9,179.63,-658518.0,-396396.4,-688162.0,qlearning,4042,-78949.1,0,0.0325,222,38
train,161,4203,0.01,3620,82.19,157.95,53.63,172,retraso,-32.432,1988,410,4.75,2796,437.4,154.7,830,66.1921,,,,,16.2,,-627613.9,-364088.9,-644791.9,qlearning,4042,-72452.3,0,0.0314,131,38
train,162,4204,0.01,3586,114.31,192.95,68.7,156,retraso,-42.252,2148,418,5.301,2736,488.4,175.5,830,75.7217,,,,,17.8,,-780032.2,-508100.1,-808434.2,qlearning,4042,-101319.9,35,0.0144,271,38
train,163,4205,0.01,3620,95.55,173.02,58.67,164,retraso,-35.475,2123,419,5.032,2808,460.6,163.9,831,53.2033,,,,,16.8,,-692632.2,-422652.2,-720212.2,qlearning,4042,-84217.4,0,0.0383,276,38
train,164,4206,0.01,3620,85.17,163.47,53.89,169,retraso,-32.344,2042,438,4.861,2777,444.9,157.6,831,45.9328,,,,,16.4,,-646751.6,-374181.0,-668019.6,qlearning,4042,-74520.1,0,0.0314,185,38
train,165,4207,0.01,3620,97.61,175.08,59.48,166,retraso,-37.085,2127,442,4.893,2725,461.6,164.6,831,52.8052,,,,,17.1,,-715878.5,-445650.6,-740056.5,qlearning,4042,-88706.8,0,0.0464,215,38
train,166,4208,0.01,3582,98.11,183.76,58.96,174,retraso,-37.25,2128,452,5.365,2741,472.1,168.3,831,63.5182,,,,,17.5,,-744791.7,-448556.0,-766167.7,qlearning,4042,-89325.8,37,0.0097,211,38
train,167,4209,0.01,3620,81.28,157.25,52.67,150,retraso,-31.4,2008,403,4.733,2782,435.8,154.3,832,73.1637,,,,,16.2,,-619592.7,-354973.1,-636188.7,qlearning,4042,-70650.4,0,0.0303,136,38
train,168,4210,0.01,3620,89.33,162.66,55.43,149,retraso,-33.2,2120,382,4.669,2828,445.6,158.3,833,79.0746,,,,,16.8,,-646105.0,-391513.1,-666397.0,qlearning,4042,-78021.2,0,0.0122,145,38
train,169,4211,0.01,3620,82.63,153.07,53.04,160,retraso,-32.006,2050,373,4.331,2819,430.9,152.8,834,81.0,,,,,15.9,,-609668.0,-365466.3,-629094.0,qlearning,4042,-72781.9,0,0.0364,189,38
train,170,4212,0.01,3620,87.44,160.52,56.61,163,retraso,-33.607,2039,355,4.63,2766,442.2,157.0,834,70.0584,160.82,81.77,160.82,154.01,16.2,157.415,-634192.5,-379938.4,-654714.5,qlearning,4042,-75684.0,0,0.0483,184,38
train,171,4213,0.01,3620,93.71,169.96,59.31,154,retraso,-35.755,2082,368,4.84,2744,455.3,162.1,835,73.032,,,,,16.9,,-678183.0,-413098.5,-692783.0,qlearning,4042,-82308.1,0,0.0097,91,38
train,172,4214,0.01,3620,91.42,161.77,56.6,161,retraso,-34.464,2119,392,4.448,2811,444.8,158.2,835,54.4561,,,,,16.3,,-651008.8,-407239.8,-671724.8,qlearning,4042,-81128.5,0,0.0314,165,38
train,173,4215,0.01,3620,97.3,164.87,60.77,166,retraso,-38.422,2118,358,4.261,2779,448.8,160.2,835,66.6264,,,,,16.6,,-683378.6,-449798.0,-706684.6,qlearning,4042,-89601.1,0,0.0386,229,38
train,174,4216,0.01,3620,78.88,149.18,51.52,143,retraso,-30.42,2010,374,4.441,2836,426.4,150.7,835,71.0821,,,,,15.7,,-585212.1,-341554.1,-599856.1,qlearning,4042,-67959.1,0,0.0358,142,38
train,175,4217,0.01,3620,88.14,158.96,55.35,136,retraso,-32.808,2095,378,4.52,2835,440.0,156.3,835,78.5894,,,,,16.1,,-628913.1,-382824.3,-648229.1,qlearning,4042,-76181.1,0,0.0217,185,38
train,176,4218,0.01,3620,95.4,170.02,61.03,204,retraso,-37.146,2068,351,4.72,2771,455.9,162.4,836,66.9197,,,,,16.5,,-683775.0,-424349.5,-701559.0,qlearning,4042,-84619.2,0,0.0436,164,38
train,177,4219,0.01,3620,100.92,179.53,64.83,168,retraso,-39.078,2047,366,4.991,2719,470.7,168.1,838,75.23,,,,,16.8,,-718186.5,-444498.0,-738454.5,qlearning,4042,-88550.9,0,0.0331,146,38
train,178,4220,0.01,3620,92.8,169.65,59.96,153,retraso,-35.519,2025,383,4.926,2767,455.5,162.1,839,87.0916,,,,,16.5,,-669728.0,-402200.2,-687374.0,qlearning,4042,-80130.2,0,0.0389,140,38
train,179,4221,0.01,3620,97.05,180.61,64.21,187,retraso,-37.892,1975,379,5.307,2771,470.5,167.6,839,76.5457,,,,,14.7,,-710378.7,-418720.2,-724060.7,qlearning,4042,-83437.4,0,0.0322,116,38
train,180,4222,0.01,3620,77.55,160.73,53.14,156,retraso,-30.621,1893,394,5.247,2865,440.9,155.7,839,67.2057,157.21,76.35,157.21,170.58,13.7,163.895,-618389.1,-327997.2,-627031.1,qlearning,4042,-65221.7,0,0.0183,75,38
train,181,4223,0.01,3620,91.03,165.08,60.38,150,retraso,-35.738,1981,359,4.836,2844,451.0,160.2,839,61.2846,,,,,14.2,,-652054.6,-394270.1,-666118.6,qlearning,4042,-78480.0,0,0.0131,117,38
train,182,4224,0.01,3620,85.61,156.83,52.87,157,retraso,-31.409,2120,402,4.573,2784,435.8,154.7,840,75.1976,,,,,14.6,,-619479.2,-371965.9,-642145.2,qlearning,4042,-74124.9,0,0.0317,181,38
train,183,4225,0.01,3620,103.69,175.4,65.53,163,retraso,-39.668,2089,358,4.62,2770,465.6,166.4,840,85.4788,,,,,14.6,,-707676.5,-458696.6,-732550.5,qlearning,4042,-91395.7,0,0.0325,222,38
train,184,4226,0.01,3620,93.24,172.08,59.07,172,retraso,-35.216,2063,396,4.831,2763,459.0,163.1,840,70.1474,,,,,14.9,,-681383.5,-406572.2,-706439.5,qlearning,4042,-80996.1,0,0.04,240,38
train,185,4227,0.01,3620,90.78,175.14,60.63,192,retraso,-35.851,1945,394,5.26,2787,462.3,164.1,841,71.9159,,,,,14.7,,-687066.4,-392997.6,-701250.4,qlearning,4042,-78227.9,0,0.0217,78,38
train,186,4228,0.01,3620,85.04,170.65,57.48,178,retraso,-33.991,1914,404,5.156,2825,455.0,160.9,842,53.2123,,,,,14.5,,-666864.9,-368058.3,-679364.9,qlearning,4042,-73284.0,0,0.0331,119,38
train,187,4229,0.01,3620,90.55,170.13,60.6,169,retraso,-36.08,1942,392,5.041,2795,456.0,161.9,842,78.7246,,,,,14.3,,-671722.7,-394533.7,-688210.7,qlearning,4042,-78581.3,0,0.0344,139,38
train,188,4230,0.01,3620,84.87,166.54,55.87,153,retraso,-32.976,1978,396,5.066,2776,448.8,159.0,842,66.6683,,,,,14.3,,-652690.0,-367457.5,-667318.0,qlearning,4042,-73074.3,0,0.0342,123,38
train,189,4231,0.01,3620,93.6,174.51,61.59,177,retraso,-37.029,1977,396,5.057,2748,462.3,164.3,842,78.3386,,,,,14.9,,-693939.7,-411570.1,-712987.7,qlearning,4042,-81981.8,0,0.0392,157,38
train,190,4232,0.01,3620,95.37,176.3,61.91,160,retraso,-36.81,2011,388,5.159,2734,464.3,165.3,844,63.4562,162.71,86.48,162.71,159.78,15.0,161.245,-696894.1,-414924.0,-712944.1,qlearning,4042,-82601.1,0,0.0367,132,38
train,191,4233,0.01,3620,94.69,172.13,61.21,162,retraso,-36.581,2019,393,4.928,2720,458.2,163.2,846,78.9398,,,,,14.7,,-683964.3,-413985.5,-704908.3,qlearning,4042,-82453.0,0,0.0539,214,38
train,192,4234,0.01,3620,85.82,169.89,57.22,174,retraso,-34.223,1944,403,5.323,2775,454.7,161.1,848,77.2026,,,,,14.7,,-669074.5,-375591.7,-681906.5,qlearning,4042,-74811.6,0,0.0275,99,38
train,193,4235,0.01,3620,76.41,153.45,51.91,142,retraso,-30.255,1921,381,4.716,2840,431.3,152.3,848,77.0618,,,,,13.7,,-594884.3,-326901.9,-606874.3,qlearning,4042,-65049.3,0,0.0208,80,38
train,194,4236,0.01,3620,100.07,169.51,63.66,161,retraso,-38.72,2074,357,4.53,2772,457.1,163.4,848,54.2731,,,,,14.5,,-685710.0,-444866.1,-710510.0,qlearning,4042,-88592.1,0,0.0208,204,38
train,195,4237,0.01,3620,106.58,182.33,64.67,163,retraso,-39.427,2173,376,4.813,2747,474.9,169.8,848,66.9152,,,,,15.4,,-737641.2,-474391.6,-769819.2,qlearning,4042,-94546.0,24,0.0392,301,38
train,196,4238,0.01,3620,94.2,160.41,57.89,147,retraso,-35.104,2153,365,4.202,2821,442.9,157.8,848,56.3663,,,,,14.8,,-647406.3,-418172.3,-678674.3,qlearning,4042,-83267.0,0,0.0381,296,38
train,197,4239,0.01,3620,90.08,155.45,56.41,166,retraso,-34.485,2106,368,4.166,2773,435.7,155.1,848,48.4003,,,,,14.2,,-629408.0,-403065.4,-656098.0,qlearning,4042,-80280.8,0,0.0556,253,38
train,198,4240,0.01,3620,91.17,161.31,55.42,155,retraso,-33.863,2172,378,4.393,2742,442.9,157.7,848,49.3962,,,,,14.9,,-651176.8,-407699.3,-677222.8,qlearning,4042,-81204.4,1,0.0533,276,38
train,199,4241,0.01,3584,101.17,172.22,60.83,168,retraso,-37.516,2175,374,4.529,2701,457.1,163.6,848,67.0771,,,,,14.8,,-695948.8,-451414.0,-723480.8,qlearning,4042,-89964.4,36,0.0547,274,38
train,200,4242,0.01,3620,92.54,158.07,56.26,171,retraso,-34.522,2173,376,4.171,2761,438.6,156.4,848,74.1911,160.62,92.37,160.62,154.07,14.6,157.345,-642838.1,-415954.3,-672344.1,qlearning,4042,-82784.0,11,0.06,288,38
