variante,base,episodio,semilla,lr,segundos,vehiculos,espera_prom,timeloss_prom,cola_prom,cola_max,recompensa,recompensa_decision,recompensa_total_decision,decisiones,decisiones_libres,cambios_fase,paradas_prom,throughput,co2_prom,nox_prom,no_terminados,spillback_tasa,spillback_seg,spillback_eventos,cola_max_enlace,veh_max_enlace,viaje_corredor_prom,retraso_corredor_prom,retraso_corredor_punta,paradas_corredor,paradas_corredor_le1,spill_activaciones,spill_suma,perdida_politica,perdida_valor,entropia_libre,kl_aprox,clipfrac,eval_timeloss,eval_espera,ret_retraso,ret_colas,ret_spill,val_999,val_1999,val,algoritmo,recompensa_tipo
vecinos,4042,1,4043,1.00e-03,9.1,2152,12.0,30.54,6.62,31,-5407.2,-2.384,-5.453,1898,1270,622,1.139,2084,273.8,94.1,0,0.0,0,0,8,11,177.07,45.36,48.69,1.696,0.409,0,0.0,-0.0169,0.0693,0.6783,0.01,0.1582,,,-51751.14,-27008.54,-51751.14,,,,mappo,retraso
vecinos,4042,2,4044,9.95e-04,9.5,2152,10.0,27.48,5.6,27,-4516.1,-1.991,-4.884,1892,1256,630,1.005,2088,267.0,91.7,0,0.0,0,0,5,10,169.87,37.27,38.57,1.379,0.564,0,0.0,-0.0129,0.0343,0.6526,0.008,0.1269,,,-46204.1,-22826.66,-46204.1,,,,mappo,retraso
vecinos,4042,3,4045,9.90e-04,9.1,2152,9.93,27.27,5.46,27,-4411.4,-1.945,-4.777,1886,1236,642,1.029,2082,266.8,91.7,0,0.0,0,0,6,9,169.24,36.87,39.07,1.409,0.549,0,0.0,-0.0096,0.0286,0.6048,0.009,0.11,,,-45043.83,-22095.56,-45043.83,,,,mappo,retraso
vecinos,4042,4,4046,9.85e-04,9.1,2152,8.95,25.85,4.95,23,-3976.4,-1.753,-4.481,1888,1243,639,0.941,2089,263.8,90.6,0,0.0,0,0,6,9,166.83,34.51,36.7,1.274,0.608,0,0.0,-0.0111,0.0221,0.5831,0.007,0.0972,,,-42305.02,-20012.17,-42305.02,,,,mappo,retraso
vecinos,4042,5,4047,9.80e-04,9.2,2152,9.41,26.09,4.98,23,-3989.3,-1.764,-4.45,1877,1228,644,0.944,2091,263.9,90.7,0,0.0,0,0,5,10,165.23,33.06,34.96,1.217,0.651,0,0.0,-0.0079,0.0221,0.5447,0.0064,0.0954,,,-41759.52,-20045.13,-41759.52,,,,mappo,retraso
vecinos,4042,6,4048,9.75e-04,9.1,2152,8.37,24.83,4.66,25,-3752.8,-1.661,-4.268,1880,1240,636,0.92,2090,261.7,89.9,0,0.0,0,0,6,9,164.17,32.01,33.59,1.163,0.684,0,0.0,-0.008,0.0239,0.5091,0.0058,0.0811,,,-40117.75,-18692.5,-40117.75,,,,mappo,retraso
vecinos,4042,7,4049,9.70e-04,9.2,2152,8.11,24.21,4.15,18,-3331.1,-1.461,-3.956,1888,1223,660,0.861,2094,259.3,89.2,0,0.0,0,0,5,10,161.65,29.6,30.67,1.045,0.742,0,0.0,-0.0042,0.0176,0.4671,0.0045,0.055,,,-37344.03,-16775.52,-37344.03,,,,mappo,retraso
vecinos,4042,8,4050,9.65e-04,9.2,2152,7.73,23.66,4.31,18,-3432.9,-1.52,-4.016,1876,1224,646,0.823,2092,258.1,88.8,0,0.0,0,0,5,9,161.05,29.28,30.92,0.98,0.784,0,0.0,-0.0034,0.0172,0.4283,0.0043,0.0586,,,-37668.65,-17347.7,-37668.65,,,,mappo,retraso
vecinos,4042,9,4051,9.60e-04,9.1,2152,8.54,24.07,4.4,16,-3518.7,-1.562,-3.95,1891,1276,609,0.827,2093,257.6,88.7,0,0.0,0,0,6,9,158.73,27.19,28.63,0.863,0.839,0,0.0,-0.0057,0.017,0.3987,0.005,0.0669,,,-37349.43,-17688.59,-37349.43,,,,mappo,retraso
vecinos,4042,10,4052,9.55e-04,9.0,2152,7.7,22.99,4.16,20,-3312.2,-1.47,-3.855,1891,1280,607,0.779,2093,255.5,88.0,0,0.0,0,0,6,9,158.71,27.0,28.29,0.843,0.843,0,0.0,-0.0069,0.0158,0.3547,0.0065,0.0846,21.79,7.39,-36452.42,-16710.75,-36452.42,21.79,21.84,21.815,mappo,retraso
vecinos,4042,11,4053,9.50e-04,9.1,2152,7.66,22.9,4.13,18,-3295.9,-1.463,-3.802,1897,1293,600,0.757,2087,255.0,87.8,0,0.0,0,0,4,9,158.13,25.96,26.95,0.772,0.865,0,0.0,-0.0031,0.0131,0.3189,0.0041,0.0552,,,-36064.02,-16608.42,-36064.02,,,,mappo,retraso
vecinos,4042,12,4054,9.45e-04,9.0,2152,7.98,23.09,4.25,21,-3397.3,-1.508,-3.823,1902,1307,591,0.75,2091,255.0,87.9,0,0.0,0,0,4,10,157.75,25.85,26.99,0.732,0.897,0,0.0,-0.0031,0.0141,0.2704,0.0031,0.0402,,,-36353.99,-17099.98,-36353.99,,,,mappo,retraso
vecinos,4042,13,4055,9.40e-04,9.3,2152,7.64,22.79,4.21,15,-3384.5,-1.492,-3.787,1912,1308,599,0.742,2090,254.5,87.7,0,0.0,0,0,6,9,157.72,25.66,26.81,0.741,0.895,0,0.0,-0.0013,0.0144,0.2456,0.0029,0.0367,,,-36204.06,-17052.18,-36204.06,,,,mappo,retraso
vecinos,4042,14,4056,9.35e-04,8.8,2152,7.59,22.5,4.18,16,-3351.6,-1.484,-3.746,1910,1318,587,0.729,2090,253.6,87.4,0,0.0,0,0,4,9,156.32,24.68,25.59,0.681,0.911,0,0.0,-0.0019,0.0136,0.2082,0.0033,0.0392,,,-35777.82,-16894.55,-35777.82,,,,mappo,retraso
vecinos,4042,15,4057,9.30e-04,9.2,2152,7.48,22.2,4.22,17,-3381.7,-1.503,-3.745,1913,1337,570,0.698,2093,252.6,87.1,0,0.0,0,0,4,9,155.76,24.05,25.18,0.635,0.93,0,0.0,-0.0027,0.0113,0.1792,0.003,0.0405,,,-35820.77,-17028.92,-35820.77,,,,mappo,retraso
vecinos,4042,16,4058,9.25e-04,8.7,2152,7.64,22.17,4.18,16,-3430.2,-1.504,-3.676,1942,1371,567,0.695,2092,251.6,86.8,0,0.0,0,0,6,9,155.01,23.22,24.47,0.586,0.951,0,0.0,-0.0015,0.0105,0.1363,0.0026,0.0265,,,-35692.1,-17119.92,-35692.1,,,,mappo,retraso
vecinos,4042,17,4059,9.20e-04,9.1,2152,7.55,22.2,4.17,13,-3329.3,-1.48,-3.695,1909,1329,576,0.71,2088,252.7,87.1,0,0.0,0,0,5,9,155.79,23.52,24.67,0.615,0.951,0,0.0,-0.0006,0.0105,0.1532,0.0014,0.0196,,,-35268.41,-16793.45,-35268.41,,,,mappo,retraso
vecinos,4042,18,4060,9.15e-04,8.8,2152,7.49,22.14,4.15,15,-3340.8,-1.477,-3.672,1924,1348,571,0.68,2091,251.8,86.9,0,0.0,0,0,5,9,155.78,23.87,25.02,0.604,0.957,0,0.0,-0.0015,0.0118,0.129,0.0045,0.0321,,,-35325.08,-16796.53,-35325.08,,,,mappo,retraso
vecinos,4042,19,4061,9.10e-04,8.9,2152,7.58,22.11,4.17,14,-3328.3,-1.477,-3.639,1919,1355,559,0.691,2089,251.7,86.8,0,0.0,0,0,3,9,154.76,23.26,24.26,0.586,0.969,0,0.0,-0.0014,0.0112,0.1084,0.0021,0.0206,,,-34914.82,-16817.65,-34914.82,,,,mappo,retraso
vecinos,4042,20,4062,9.05e-04,9.0,2152,7.31,21.91,4.01,15,-3182.2,-1.412,-3.597,1914,1337,572,0.685,2092,251.4,86.7,0,0.0,0,0,5,9,155.43,23.8,24.84,0.619,0.952,0,0.0,-0.0017,0.0114,0.1039,0.0016,0.0176,21.42,7.04,-34424.3,-16134.87,-34424.3,21.42,21.29,21.355,mappo,retraso
vecinos,4042,21,4063,9.00e-04,9.1,2152,7.48,22.14,3.99,18,-3216.5,-1.416,-3.613,1925,1340,580,0.691,2092,251.5,86.8,0,0.0,0,0,5,9,155.65,23.43,24.42,0.591,0.953,0,0.0,-0.0041,0.0105,0.1042,0.0037,0.0197,,,-34774.6,-16186.3,-34774.6,,,,mappo,retraso
vecinos,4042,22,4064,8.95e-04,9.1,2152,7.68,22.29,4.17,14,-3401.1,-1.506,-3.664,1929,1367,557,0.683,2094,252.2,87.0,0,0.0,0,0,3,9,155.27,23.05,23.65,0.567,0.965,0,0.0,0.0037,0.0108,0.1069,0.0021,0.018,,,-35340.79,-16931.79,-35340.79,,,,mappo,retraso
vecinos,4042,23,4065,8.90e-04,8.7,2152,7.84,22.5,4.19,15,-3374.4,-1.496,-3.665,1923,1355,562,0.694,2091,252.7,87.2,0,0.0,0,0,4,9,155.22,23.55,24.86,0.585,0.969,0,0.0,0.0008,0.0109,0.0966,0.002,0.0175,,,-35243.63,-16950.22,-35243.63,,,,mappo,retraso
vecinos,4042,24,4066,8.85e-04,8.8,2152,7.49,21.93,4.04,14,-3225.9,-1.438,-3.592,1914,1352,556,0.669,2092,250.5,86.5,0,0.0,0,0,4,9,154.55,22.78,23.6,0.561,0.973,0,0.0,-0.0008,0.0112,0.0943,0.0006,0.0074,,,-34378.08,-16245.81,-34378.08,,,,mappo,retraso
vecinos,4042,25,4067,8.80e-04,9.1,2152,7.24,21.73,3.97,14,-3177.3,-1.412,-3.597,1915,1349,561,0.672,2094,250.5,86.4,0,0.0,0,0,5,9,155.43,23.15,24.18,0.574,0.982,0,0.0,-0.0006,0.0104,0.0977,0.0011,0.0093,,,-34445.49,-15948.22,-34445.49,,,,mappo,retraso
vecinos,4042,26,4068,8.75e-04,9.1,2152,7.74,22.19,4.08,13,-3270.2,-1.448,-3.639,1917,1337,575,0.683,2095,251.3,86.7,0,0.0,0,0,4,8,155.23,23.07,23.96,0.565,0.97,0,0.0,0.0002,0.0107,0.1104,0.0019,0.0162,,,-34875.9,-16474.53,-34875.9,,,,mappo,retraso
vecinos,4042,27,4069,8.70e-04,9.0,2152,7.55,22.09,4.09,13,-3268.7,-1.449,-3.638,1912,1328,579,0.694,2095,251.6,86.8,0,0.0,0,0,4,8,155.67,23.67,24.8,0.614,0.959,0,0.0,-0.0003,0.0104,0.11,0.002,0.0201,,,-34776.11,-16488.9,-34776.11,,,,mappo,retraso
vecinos,4042,28,4070,8.65e-04,8.9,2152,7.84,22.56,4.01,13,-3258.9,-1.431,-3.588,1936,1358,574,0.704,2088,252.3,87.1,0,0.0,0,0,5,11,155.59,23.65,24.44,0.599,0.947,0,0.0,0.0002,0.0116,0.0902,0.0024,0.0219,,,-34731.63,-16349.76,-34731.63,,,,mappo,retraso
vecinos,4042,29,4071,8.60e-04,8.7,2152,7.46,21.78,4.1,14,-3292.5,-1.463,-3.61,1915,1343,566,0.673,2095,250.7,86.5,0,0.0,0,0,3,9,154.45,22.58,23.24,0.554,0.973,0,0.0,-0.0003,0.01,0.0767,0.0005,0.0044,,,-34566.4,-16527.23,-34566.4,,,,mappo,retraso
vecinos,4042,30,4072,8.55e-04,8.9,2152,7.86,22.63,4.12,17,-3294.9,-1.464,-3.723,1899,1304,589,0.723,2094,253.3,87.4,0,0.0,0,0,4,8,155.79,24.09,25.38,0.654,0.953,0,0.0,-0.001,0.0127,0.0994,0.0028,0.023,21.68,7.28,-35348.94,-16546.11,-35348.94,21.68,21.66,21.67,mappo,retraso
vecinos,4042,31,4073,8.50e-04,8.8,2152,7.75,22.22,4.14,16,-3321.8,-1.474,-3.647,1914,1340,570,0.685,2094,251.6,86.8,0,0.0,0,0,3,9,154.98,23.21,24.22,0.571,0.973,0,0.0,-0.0007,0.0092,0.0681,0.0006,0.007,,,-34906.33,-16668.84,-34906.33,,,,mappo,retraso
vecinos,4042,32,4074,8.45e-04,8.9,2152,7.26,21.57,4.05,17,-3232.0,-1.438,-3.571,1906,1326,574,0.67,2086,250.6,86.5,0,0.0,0,0,3,9,154.75,23.31,23.96,0.588,0.969,0,0.0,-0.0004,0.0097,0.0789,0.0019,0.0166,,,-34032.7,-16269.94,-34032.7,,,,mappo,retraso
vecinos,4042,33,4075,8.40e-04,9.0,2152,7.51,22.02,3.93,13,-3181.6,-1.403,-3.574,1911,1306,600,0.694,2090,251.9,86.9,0,0.0,0,0,4,9,154.94,23.07,23.94,0.59,0.966,0,0.0,-0.0008,0.0081,0.0851,0.0027,0.0189,,,-34145.47,-15936.25,-34145.47,,,,mappo,retraso
vecinos,4042,34,4076,8.35e-04,9.2,2152,7.33,21.69,3.96,13,-3170.4,-1.407,-3.553,1910,1325,579,0.675,2090,250.7,86.5,0,0.0,0,0,3,9,154.47,22.86,23.67,0.576,0.971,0,0.0,-0.0001,0.0085,0.063,0.0025,0.0163,,,-33929.22,-15939.73,-33929.22,,,,mappo,retraso
vecinos,4042,35,4077,8.30e-04,9.2,2152,7.39,21.6,4.07,14,-3272.4,-1.451,-3.607,1917,1343,569,0.671,2095,250.1,86.3,0,0.0,0,0,3,9,154.28,22.41,23.35,0.551,0.989,0,0.0,0.0001,0.0102,0.053,0.0013,0.0104,,,-34571.57,-16401.04,-34571.57,,,,mappo,retraso
vecinos,4042,36,4078,8.25e-04,9.1,2152,7.47,21.78,3.97,14,-3194.8,-1.411,-3.539,1925,1348,573,0.673,2091,250.7,86.5,0,0.0,0,0,3,8,154.65,22.84,23.71,0.579,0.986,0,0.0,0.0054,0.0107,0.0568,0.0032,0.0125,,,-34059.01,-16050.37,-34059.01,,,,mappo,retraso
vecinos,4042,37,4079,8.20e-04,9.2,2152,7.55,21.93,4.02,16,-3256.2,-1.438,-3.575,1921,1336,580,0.683,2096,251.1,86.6,0,0.0,0,0,4,9,154.76,23.09,23.95,0.59,0.961,0,0.0,-0.0151,0.0104,0.0617,0.0016,0.0111,,,-34337.45,-16281.66,-34337.45,,,,mappo,retraso
vecinos,4042,38,4080,8.15e-04,9.3,2152,7.79,22.36,4.06,15,-3232.8,-1.435,-3.627,1905,1313,587,0.718,2096,252.2,87.0,0,0.0,0,0,3,8,155.31,23.9,24.72,0.65,0.938,0,0.0,0.0006,0.0094,0.0774,0.0026,0.0161,,,-34548.99,-16302.49,-34548.99,,,,mappo,retraso
vecinos,4042,39,4081,8.10e-04,9.4,2152,7.69,22.19,4.08,18,-3343.8,-1.463,-3.611,1941,1354,581,0.699,2092,252.0,87.0,0,0.0,0,0,4,9,155.35,23.66,24.76,0.623,0.965,0,0.0,-0.0012,0.0081,0.059,0.0014,0.0103,,,-35046.52,-16697.06,-35046.52,,,,mappo,retraso
vecinos,4042,40,4082,8.05e-04,9.2,2152,8.2,22.67,4.03,14,-3227.0,-1.423,-3.582,1924,1342,576,0.716,2095,252.0,87.0,0,0.0,0,0,3,9,154.64,22.63,23.36,0.562,0.984,0,0.0,0.0096,0.0088,0.057,0.0007,0.0068,21.86,7.38,-34457.17,-16315.41,-34457.17,21.86,21.8,21.83,mappo,retraso
vecinos,4042,41,4083,8.00e-04,9.2,2152,7.57,22.11,3.95,15,-3169.8,-1.405,-3.528,1922,1352,565,0.68,2092,251.5,86.8,0,0.0,0,0,3,8,154.51,23.17,24.44,0.571,0.982,0,0.0,0.0022,0.0095,0.0602,0.0007,0.008,,,-33908.72,-15909.15,-33908.72,,,,mappo,retraso
vecinos,4042,42,4084,7.95e-04,9.0,2152,7.94,22.83,4.18,16,-3335.8,-1.485,-3.763,1899,1311,583,0.725,2092,253.7,87.5,0,0.0,0,0,5,9,157.03,24.89,25.95,0.68,0.938,0,0.0,-0.0017,0.0134,0.0807,0.0045,0.0262,,,-35727.69,-16774.77,-35727.69,,,,mappo,retraso
vecinos,4042,43,4085,7.90e-04,9.1,2152,7.04,21.33,3.91,13,-3153.1,-1.394,-3.495,1917,1337,576,0.657,2092,249.6,86.1,0,0.0,0,0,3,8,154.77,22.82,23.62,0.565,0.982,0,0.0,-0.0014,0.0077,0.0634,0.0019,0.0108,,,-33501.64,-15776.91,-33501.64,,,,mappo,retraso
vecinos,4042,44,4086,7.85e-04,8.6,2152,7.31,21.52,3.95,13,-3161.5,-1.403,-3.531,1913,1335,573,0.665,2094,250.0,86.3,0,0.0,0,0,3,9,154.49,22.75,23.78,0.559,0.975,0,0.0,-0.0008,0.0095,0.0502,0.0005,0.0043,,,-33775.37,-15894.34,-33775.37,,,,mappo,retraso
vecinos,4042,45,4087,7.80e-04,8.9,2152,7.47,22.03,4.04,15,-3232.8,-1.437,-3.618,1912,1337,570,0.684,2096,251.3,86.7,0,0.0,0,0,4,9,155.08,23.24,24.48,0.58,0.981,0,0.0,-0.0006,0.0089,0.0563,0.0013,0.0076,,,-34586.77,-16278.31,-34586.77,,,,mappo,retraso
vecinos,4042,46,4088,7.75e-04,9.1,2152,7.66,22.12,4.18,15,-3344.7,-1.483,-3.691,1906,1313,589,0.686,2092,252.0,87.0,0,0.0,0,0,3,8,154.34,22.95,23.98,0.559,0.977,0,0.0,-0.0025,0.0097,0.0919,0.0049,0.0226,,,-35179.12,-16857.81,-35179.12,,,,mappo,retraso
vecinos,4042,47,4089,7.70e-04,9.0,2152,7.55,22.47,4.09,16,-3276.2,-1.448,-3.715,1908,1308,594,0.726,2094,253.4,87.3,0,0.0,0,0,4,8,156.71,24.67,25.58,0.675,0.937,0,0.0,-0.0004,0.0116,0.1177,0.0034,0.0261,,,-35440.37,-16480.66,-35440.37,,,,mappo,retraso
vecinos,4042,48,4090,7.65e-04,8.9,2152,7.87,22.59,3.99,13,-3199.7,-1.413,-3.599,1910,1308,596,0.706,2089,252.4,87.1,0,0.0,0,0,4,10,155.48,24.03,25.2,0.618,0.957,0,0.0,-0.001,0.0087,0.1151,0.0009,0.0122,,,-34373.35,-16138.6,-34373.35,,,,mappo,retraso
vecinos,4042,49,4091,7.60e-04,8.8,2152,7.37,21.99,4.03,13,-3218.7,-1.419,-3.592,1918,1323,590,0.709,2092,251.7,86.8,0,0.0,0,0,4,10,156.02,24.06,25.11,0.647,0.959,0,0.0,-0.0023,0.01,0.1095,0.0027,0.0206,,,-34451.51,-16293.3,-34451.51,,,,mappo,retraso
vecinos,4042,50,4092,7.55e-04,9.0,2152,7.34,21.99,3.86,16,-3077.3,-1.36,-3.59,1888,1256,628,0.694,2091,252.0,86.9,0,0.0,0,0,4,9,156.14,24.4,25.23,0.657,0.935,0,0.0,-0.0001,0.0099,0.1477,0.002,0.0208,21.33,6.88,-33886.22,-15550.34,-33886.22,21.33,21.47,21.4,mappo,retraso
vecinos,4042,51,4093,7.50e-04,9.1,2152,7.94,22.92,4.2,15,-3375.2,-1.496,-3.784,1889,1265,618,0.743,2092,254.7,87.8,0,0.0,0,0,5,9,157.1,25.24,26.25,0.713,0.915,0,0.0,-0.0019,0.0106,0.1485,0.0042,0.0335,,,-35739.59,-16905.02,-35739.59,,,,mappo,retraso
vecinos,4042,52,4094,7.45e-04,9.0,2152,7.56,22.24,4.05,16,-3258.9,-1.437,-3.675,1906,1293,608,0.717,2092,252.3,87.0,0,0.0,0,0,5,9,156.87,24.73,25.73,0.703,0.921,0,0.0,-0.0015,0.0101,0.1446,0.0024,0.0228,,,-35026.24,-16363.6,-35026.24,,,,mappo,retraso
vecinos,4042,53,4095,7.40e-04,9.0,2152,7.31,22.19,3.96,14,-3148.9,-1.401,-3.656,1883,1265,613,0.718,2092,253.1,87.2,0,0.0,0,0,4,8,156.11,24.47,25.17,0.672,0.918,0,0.0,-0.0029,0.0109,0.1501,0.0027,0.0278,,,-34421.7,-15830.64,-34421.7,,,,mappo,retraso
vecinos,4042,54,4096,7.35e-04,8.8,2152,7.68,22.52,4.07,15,-3240.3,-1.438,-3.71,1885,1262,618,0.735,2096,253.5,87.4,0,0.0,0,0,4,8,156.7,24.87,25.98,0.702,0.932,0,0.0,-0.0013,0.0113,0.1192,0.0029,0.0315,,,-34964.45,-16297.82,-34964.45,,,,mappo,retraso
vecinos,4042,55,4097,7.30e-04,9.6,2152,8.04,22.7,4.02,18,-3221.1,-1.422,-3.62,1903,1290,607,0.715,2095,253.1,87.3,0,0.0,0,0,4,9,155.89,24.09,24.69,0.641,0.955,0,0.0,-0.0016,0.0106,0.1086,0.0021,0.0192,,,-34442.91,-16230.59,-34442.91,,,,mappo,retraso
vecinos,4042,56,4098,7.25e-04,8.9,2152,7.34,21.89,4.06,15,-3225.1,-1.431,-3.671,1893,1283,605,0.702,2091,251.9,86.9,0,0.0,0,0,4,10,156.19,24.4,25.74,0.666,0.935,0,0.0,0.0003,0.0113,0.1184,0.0026,0.0265,,,-34744.52,-16329.6,-34744.52,,,,mappo,retraso
vecinos,4042,57,4099,7.20e-04,9.1,2152,7.52,22.0,4.05,15,-3240.6,-1.44,-3.64,1899,1304,590,0.704,2093,251.9,86.9,0,0.0,0,0,6,8,155.55,23.8,24.5,0.631,0.951,0,0.0,-0.0015,0.0084,0.1107,0.0011,0.0139,,,-34561.5,-16265.05,-34561.5,,,,mappo,retraso
vecinos,4042,58,4100,7.15e-04,9.1,2152,8.07,22.97,4.25,17,-3386.4,-1.507,-3.806,1891,1284,601,0.75,2091,254.0,87.6,0,0.0,0,0,4,10,157.14,25.03,25.99,0.696,0.93,0,0.0,-0.0001,0.0103,0.1078,0.0014,0.0165,,,-35987.66,-17034.36,-35987.66,,,,mappo,retraso
vecinos,4042,59,4101,7.10e-04,9.1,2152,7.19,21.63,3.93,15,-3121.3,-1.385,-3.581,1903,1309,590,0.684,2091,250.8,86.5,0,0.0,0,0,4,9,155.82,23.73,24.3,0.62,0.96,0,0.0,-0.0006,0.0098,0.0961,0.0011,0.0131,,,-34072.26,-15786.55,-34072.26,,,,mappo,retraso
vecinos,4042,60,4102,7.05e-04,9.2,2152,7.48,22.34,4.04,15,-3225.5,-1.428,-3.704,1907,1309,592,0.715,2095,252.2,86.9,0,0.0,0,0,3,8,157.38,24.43,25.19,0.651,0.961,0,0.0,-0.0012,0.0091,0.0927,0.0015,0.0163,21.5,7.22,-35316.72,-16273.45,-35316.72,21.5,21.75,21.625,mappo,retraso
vecinos,4042,61,4103,7.00e-04,8.7,2152,7.42,21.94,3.94,18,-3138.1,-1.391,-3.591,1904,1307,592,0.688,2092,251.7,86.8,0,0.0,0,0,4,9,155.75,23.59,24.38,0.613,0.967,0,0.0,-0.0011,0.011,0.0799,0.0014,0.0139,,,-34184.7,-15849.24,-34184.7,,,,mappo,retraso
vecinos,4042,62,4104,6.95e-04,9.2,2152,7.24,21.67,4.02,14,-3225.2,-1.43,-3.591,1909,1323,582,0.673,2092,250.6,86.4,0,0.0,0,0,3,8,154.95,23.28,24.05,0.579,0.975,0,0.0,-0.0002,0.0101,0.0725,0.0012,0.0092,,,-34274.18,-16185.72,-34274.18,,,,mappo,retraso
vecinos,4042,63,4105,6.90e-04,9.2,2152,7.58,22.07,3.97,14,-3158.4,-1.4,-3.588,1907,1314,587,0.694,2093,251.9,86.9,0,0.0,0,0,3,9,156.32,23.93,24.67,0.629,0.952,0,0.0,-0.0004,0.0086,0.0682,0.001,0.0114,,,-34207.41,-15942.03,-34207.41,,,,mappo,retraso
vecinos,4042,64,4106,6.85e-04,8.6,2152,7.3,21.58,3.98,14,-3195.2,-1.414,-3.573,1914,1331,577,0.672,2092,250.4,86.4,0,0.0,0,0,3,8,154.86,22.98,23.84,0.586,0.981,0,0.0,0.0005,0.0086,0.0596,0.0008,0.0089,,,-34194.19,-16053.29,-34194.19,,,,mappo,retraso
vecinos,4042,65,4107,6.80e-04,9.0,2152,7.47,22.01,4.09,15,-3299.3,-1.46,-3.647,1912,1321,585,0.692,2090,251.3,86.7,0,0.0,0,0,3,9,155.73,23.71,24.87,0.606,0.978,0,0.0,-0.0007,0.0089,0.0594,0.0018,0.0116,,,-34862.97,-16520.97,-34862.97,,,,mappo,retraso
vecinos,4042,66,4108,6.75e-04,9.3,2152,7.12,21.33,3.9,13,-3128.2,-1.394,-3.495,1908,1336,568,0.656,2093,250.0,86.3,0,0.0,0,0,2,8,154.06,22.42,23.3,0.544,0.988,0,0.0,-0.0009,0.009,0.0472,0.0012,0.0119,,,-33342.59,-15638.35,-33342.59,,,,mappo,retraso
vecinos,4042,67,4109,6.70e-04,9.1,2152,8.59,23.14,4.18,17,-3369.3,-1.495,-3.653,1914,1337,571,0.708,2095,252.8,87.3,0,0.0,0,0,3,9,155.43,23.09,23.87,0.57,0.979,0,0.0,-0.0006,0.0095,0.0378,0.0007,0.0069,,,-34961.42,-16848.3,-34961.42,,,,mappo,retraso
vecinos,4042,68,4110,6.65e-04,8.5,2152,7.34,21.85,3.97,14,-3210.8,-1.419,-3.57,1925,1353,568,0.655,2092,250.6,86.4,0,0.0,0,0,3,8,155.26,22.97,23.95,0.528,0.983,0,0.0,-0.0026,0.0091,0.0329,0.0008,0.0058,,,-34357.61,-16080.44,-34357.61,,,,mappo,retraso
vecinos,4042,69,4111,6.60e-04,8.7,2152,7.71,22.13,3.92,15,-3125.3,-1.382,-3.485,1921,1343,574,0.688,2092,251.0,86.7,0,0.0,0,0,4,9,154.31,23.0,23.99,0.57,0.984,0,0.0,-0.0008,0.0095,0.0329,0.0003,0.005,,,-33471.89,-15834.06,-33471.89,,,,mappo,retraso
vecinos,4042,70,4112,6.55e-04,9.0,2152,7.15,21.65,3.78,14,-3012.5,-1.332,-3.504,1902,1292,604,0.684,2094,251.1,86.6,0,0.0,0,0,4,8,155.03,23.14,23.98,0.579,0.968,0,0.0,-0.0009,0.0093,0.04,0.0026,0.0112,21.92,7.43,-33325.16,-15212.26,-33325.16,21.92,21.79,21.855,mappo,retraso
vecinos,4042,71,4113,6.50e-04,9.2,2152,7.61,21.91,4.11,15,-3322.1,-1.475,-3.618,1916,1346,566,0.675,2089,250.7,86.5,0,0.0,0,0,3,9,154.57,22.64,23.49,0.544,0.984,0,0.0,-0.0008,0.0084,0.039,0.0008,0.0075,,,-34662.28,-16602.21,-34662.28,,,,mappo,retraso
vecinos,4042,72,4114,6.45e-04,9.1,2152,7.6,22.08,4.08,14,-3259.5,-1.449,-3.657,1903,1313,585,0.704,2092,251.3,86.7,0,0.0,0,0,4,8,155.61,23.25,24.36,0.595,0.979,0,0.0,-0.0013,0.0079,0.0585,0.0033,0.0138,,,-34800.18,-16410.83,-34800.18,,,,mappo,retraso
vecinos,4042,73,4115,6.40e-04,9.0,2152,7.95,22.44,4.24,14,-3388.5,-1.508,-3.678,1904,1322,576,0.705,2093,252.0,87.0,0,0.0,0,0,3,9,154.59,23.2,23.89,0.585,0.967,0,0.0,-0.0005,0.0099,0.0572,0.0019,0.0121,,,-35012.84,-17027.43,-35012.84,,,,mappo,retraso
vecinos,4042,74,4116,6.35e-04,9.1,2152,7.54,22.13,3.94,14,-3162.4,-1.4,-3.569,1918,1339,573,0.669,2090,251.1,86.6,0,0.0,0,0,3,10,155.46,23.24,24.21,0.568,0.983,0,0.0,-0.0009,0.0096,0.045,0.0007,0.0068,,,-34228.61,-15890.86,-34228.61,,,,mappo,retraso
vecinos,4042,75,4117,6.30e-04,8.7,2152,7.45,21.92,4.0,15,-3227.1,-1.429,-3.582,1915,1331,578,0.679,2086,250.9,86.6,0,0.0,0,0,4,8,155.41,23.43,24.58,0.589,0.978,0,0.0,-0.0005,0.0084,0.0345,0.0048,0.0122,,,-34294.18,-16119.63,-34294.18,,,,mappo,retraso
vecinos,4042,76,4118,6.25e-04,8.7,2152,7.3,21.6,4.01,14,-3236.4,-1.423,-3.575,1927,1343,580,0.668,2093,250.3,86.4,0,0.0,0,0,3,9,154.95,22.86,23.69,0.561,0.977,0,0.0,0.0021,0.01,0.0377,0.0007,0.0034,,,-34441.71,-16292.84,-34441.71,,,,mappo,retraso
vecinos,4042,77,4119,6.20e-04,9.1,2152,6.95,21.07,3.89,13,-3109.2,-1.384,-3.49,1905,1327,573,0.654,2091,249.3,86.0,0,0.0,0,0,4,8,154.19,22.53,23.28,0.564,0.981,0,0.0,-0.0011,0.0093,0.0331,0.002,0.0063,,,-33242.9,-15604.7,-33242.9,,,,mappo,retraso
vecinos,4042,78,4120,6.15e-04,9.1,2152,7.13,21.33,3.91,12,-3119.8,-1.385,-3.495,1915,1342,568,0.657,2092,250.0,86.3,0,0.0,0,0,3,10,154.22,22.51,23.43,0.544,0.987,0,0.0,-0.0005,0.0088,0.0354,0.0004,0.0017,,,-33459.87,-15730.59,-33459.87,,,,mappo,retraso
vecinos,4042,79,4121,6.10e-04,8.8,2152,7.31,21.84,4.05,14,-3251.3,-1.445,-3.665,1893,1285,602,0.698,2093,251.5,86.7,0,0.0,0,0,3,8,155.73,23.77,24.5,0.629,0.962,0,0.0,-0.0019,0.0095,0.0549,0.002,0.0093,,,-34693.1,-16278.38,-34693.1,,,,mappo,retraso
vecinos,4042,80,4122,6.05e-04,9.1,2152,7.46,22.13,3.96,15,-3203.1,-1.412,-3.639,1914,1315,594,0.7,2091,251.9,86.9,0,0.0,0,0,5,9,156.35,24.02,24.95,0.643,0.95,0,0.0,-0.0012,0.0088,0.066,0.0024,0.011,19.49,4.18,-34826.24,-16031.38,-34826.24,19.49,19.89,19.69,mappo,retraso
vecinos,4042,81,4123,6.00e-04,9.0,2152,7.17,21.75,3.83,13,-3063.5,-1.349,-3.563,1897,1265,628,0.688,2094,251.8,86.8,0,0.0,0,0,5,8,156.0,24.06,24.69,0.629,0.953,0,0.0,-0.0007,0.0095,0.0632,0.002,0.0131,,,-33796.55,-15477.3,-33796.55,,,,mappo,retraso
vecinos,4042,82,4124,5.95e-04,9.0,2152,7.11,21.53,3.97,13,-3186.3,-1.412,-3.59,1907,1319,584,0.673,2095,250.4,86.4,0,0.0,0,0,3,9,155.29,23.09,24.02,0.576,0.983,0,0.0,-0.0009,0.0091,0.047,0.0015,0.0082,,,-34234.05,-15991.95,-34234.05,,,,mappo,retraso
vecinos,4042,83,4125,5.90e-04,8.6,2152,7.36,21.62,4.06,14,-3259.1,-1.445,-3.589,1913,1333,574,0.67,2094,250.5,86.5,0,0.0,0,0,4,8,154.81,23.18,24.56,0.579,0.98,0,0.0,-0.0007,0.0084,0.0414,0.0011,0.0088,,,-34328.13,-16339.79,-34328.13,,,,mappo,retraso
vecinos,4042,84,4126,5.85e-04,8.7,2152,7.08,21.5,3.92,13,-3143.1,-1.388,-3.576,1917,1324,588,0.661,2091,250.3,86.3,0,0.0,0,0,3,9,155.35,22.96,24.15,0.555,0.978,0,0.0,-0.0002,0.0096,0.06,0.0015,0.0051,,,-34273.71,-15853.35,-34273.71,,,,mappo,retraso
vecinos,4042,85,4127,5.80e-04,8.9,2152,7.08,21.63,3.87,16,-3099.9,-1.376,-3.605,1889,1273,611,0.691,2097,251.4,86.7,0,0.0,0,0,5,9,156.27,24.1,25.25,0.655,0.951,0,0.0,-0.0017,0.0113,0.0739,0.0024,0.0135,,,-34045.06,-15527.99,-34045.06,,,,mappo,retraso
vecinos,4042,86,4128,5.75e-04,9.1,2152,7.2,21.75,4.02,14,-3243.9,-1.438,-3.639,1907,1317,585,0.681,2091,251.1,86.6,0,0.0,0,0,3,9,155.64,23.56,24.67,0.6,0.977,0,0.0,-0.0003,0.0089,0.0824,0.001,0.0088,,,-34696.3,-16182.13,-34696.3,,,,mappo,retraso
vecinos,4042,87,4129,5.70e-04,8.7,2152,7.59,22.46,4.05,16,-3254.3,-1.439,-3.709,1897,1279,613,0.745,2091,253.4,87.4,0,0.0,0,0,4,10,157.01,25.16,26.58,0.731,0.922,0,0.0,-0.0021,0.0094,0.1129,0.0032,0.0235,,,-35183.45,-16297.15,-35183.45,,,,mappo,retraso
vecinos,4042,88,4130,5.65e-04,8.9,2152,7.13,22.09,4.06,17,-3230.9,-1.428,-3.723,1896,1279,613,0.729,2092,252.9,87.1,0,0.0,0,0,4,9,157.71,25.43,26.5,0.727,0.92,0,0.0,-0.0028,0.0112,0.0993,0.0033,0.0273,,,-35292.34,-16326.58,-35292.34,,,,mappo,retraso
vecinos,4042,89,4131,5.60e-04,9.2,2152,7.28,21.79,4.0,14,-3208.1,-1.422,-3.661,1896,1286,605,0.704,2095,251.3,86.6,0,0.0,0,0,4,8,156.07,23.73,24.59,0.651,0.949,0,0.0,-0.0022,0.0083,0.0661,0.0015,0.0128,,,-34706.36,-16091.11,-34706.36,,,,mappo,retraso
vecinos,4042,90,4132,5.55e-04,8.7,2152,7.23,21.79,3.94,15,-3173.3,-1.407,-3.636,1896,1282,608,0.689,2093,251.9,86.9,0,0.0,0,0,3,9,155.58,23.78,24.75,0.611,0.963,0,0.0,-0.0005,0.01,0.0728,0.001,0.0088,19.49,4.18,-34470.19,-15862.88,-34470.19,19.49,19.89,19.69,mappo,retraso
vecinos,4042,91,4133,5.50e-04,9.0,2152,7.03,21.51,3.88,14,-3106.7,-1.375,-3.57,1904,1301,598,0.676,2089,250.8,86.5,0,0.0,0,0,4,9,156.02,23.88,25.2,0.624,0.959,0,0.0,-0.0018,0.0093,0.0684,0.0029,0.0175,,,-33983.68,-15622.1,-33983.68,,,,mappo,retraso
vecinos,4042,92,4134,5.45e-04,9.1,2152,7.45,21.86,3.99,15,-3196.2,-1.413,-3.568,1916,1326,584,0.686,2091,251.0,86.6,0,0.0,0,0,4,9,154.96,23.27,23.89,0.595,0.966,0,0.0,-0.0004,0.0096,0.0671,0.0005,0.0075,,,-34183.41,-16109.96,-34183.41,,,,mappo,retraso
vecinos,4042,93,4135,5.40e-04,9.2,2152,7.49,22.04,4.04,13,-3246.9,-1.432,-3.616,1914,1316,594,0.701,2095,251.8,86.9,0,0.0,0,0,4,9,155.74,23.73,24.52,0.624,0.943,0,0.0,-0.0017,0.0115,0.0523,0.0026,0.0131,,,-34606.83,-16338.3,-34606.83,,,,mappo,retraso
vecinos,4042,94,4136,5.35e-04,9.4,2152,7.39,21.6,4.03,13,-3247.5,-1.438,-3.589,1918,1340,573,0.678,2095,250.5,86.4,0,0.0,0,0,3,8,154.7,22.56,23.16,0.571,0.98,0,0.0,-0.0003,0.0078,0.0398,0.0002,0.0044,,,-34417.22,-16261.43,-34417.22,,,,mappo,retraso
vecinos,4042,95,4137,5.30e-04,9.1,2152,7.58,22.14,4.13,14,-3332.6,-1.471,-3.687,1918,1331,584,0.692,2098,251.5,86.8,0,0.0,0,0,3,10,155.91,23.51,24.3,0.595,0.968,0,0.0,-0.0018,0.0087,0.0497,0.0009,0.0079,,,-35354.61,-16718.84,-35354.61,,,,mappo,retraso
vecinos,4042,96,4138,5.25e-04,9.0,2152,7.78,22.17,4.17,14,-3344.2,-1.484,-3.674,1908,1325,578,0.693,2087,251.5,86.8,0,0.0,0,0,4,9,154.62,22.7,23.73,0.572,0.972,0,0.0,-0.0012,0.0103,0.0824,0.0033,0.0123,,,-35053.64,-16797.69,-35053.64,,,,mappo,retraso
vecinos,4042,97,4139,5.20e-04,9.1,2152,7.72,22.83,4.19,17,-3329.0,-1.474,-3.799,1887,1257,625,0.783,2090,254.9,87.8,0,0.0,0,0,5,9,157.77,26.26,27.55,0.826,0.863,0,0.0,-0.0012,0.0112,0.1288,0.0033,0.0318,,,-35841.13,-16847.37,-35841.13,,,,mappo,retraso
vecinos,4042,98,4140,5.15e-04,9.0,2152,7.1,21.89,3.84,17,-3055.6,-1.353,-3.667,1865,1199,661,0.734,2092,253.3,87.2,0,0.0,0,0,5,8,157.83,25.69,26.34,0.793,0.881,0,0.0,0.0012,0.0102,0.1162,0.0018,0.0225,,,-34196.44,-15371.31,-34196.44,,,,mappo,retraso
vecinos,4042,99,4141,5.10e-04,8.9,2152,7.58,22.25,3.84,14,-3078.7,-1.359,-3.556,1893,1261,627,0.723,2093,252.9,87.2,0,0.0,0,0,4,8,155.38,23.99,24.86,0.654,0.935,0,0.0,-0.001,0.0099,0.0925,0.0011,0.0137,,,-33653.09,-15501.48,-33653.09,,,,mappo,retraso
vecinos,4042,100,4142,5.05e-04,9.0,2152,7.07,22.0,3.86,14,-3081.8,-1.368,-3.635,1887,1265,616,0.704,2092,252.6,87.0,0,0.0,0,0,4,9,156.21,24.5,25.19,0.665,0.93,0,0.0,-0.002,0.0108,0.0799,0.0014,0.0166,19.49,4.18,-34300.39,-15475.0,-34300.39,19.49,19.89,19.69,mappo,retraso
vecinos,4042,101,4143,5.00e-04,8.9,2152,7.68,22.22,3.76,14,-3048.0,-1.346,-3.527,1895,1268,623,0.696,2091,252.3,87.0,0,0.0,0,0,5,8,155.09,23.39,24.34,0.611,0.953,0,0.0,-0.0007,0.0098,0.0637,0.0007,0.0082,,,-33422.17,-15193.83,-33422.17,,,,mappo,retraso
vecinos,4042,102,4144,4.95e-04,8.7,2152,7.5,21.99,3.89,14,-3110.9,-1.379,-3.558,1893,1277,610,0.693,2090,251.8,86.9,0,0.0,0,0,3,8,154.83,23.62,24.38,0.624,0.958,0,0.0,-0.0019,0.0091,0.0509,0.0021,0.0104,,,-33674.47,-15623.93,-33674.47,,,,mappo,retraso
vecinos,4042,103,4145,4.90e-04,9.2,2152,7.69,22.13,4.12,14,-3303.7,-1.461,-3.624,1913,1322,585,0.711,2090,251.5,86.8,0,0.0,0,0,4,9,155.29,23.54,24.3,0.618,0.97,0,0.0,-0.0002,0.0081,0.0375,0.0008,0.0085,,,-34661.54,-16614.93,-34661.54,,,,mappo,retraso
vecinos,4042,104,4146,4.85e-04,9.2,2152,7.29,21.64,3.95,13,-3171.7,-1.408,-3.542,1904,1310,589,0.68,2090,250.5,86.4,0,0.0,0,0,3,9,154.61,23.19,24.16,0.578,0.982,0,0.0,0.0002,0.0091,0.0383,0.0003,0.0039,,,-33717.1,-15872.66,-33717.1,,,,mappo,retraso
vecinos,4042,105,4147,4.80e-04,9.0,2152,7.25,21.65,3.71,13,-2941.5,-1.306,-3.481,1884,1258,622,0.668,2092,251.2,86.7,0,0.0,0,0,3,8,154.52,23.03,23.92,0.57,0.972,0,0.0,0.0004,0.0079,0.0428,0.0008,0.007,,,-32790.27,-14869.44,-32790.27,,,,mappo,retraso
vecinos,4042,106,4148,4.75e-04,9.1,2152,7.49,22.0,3.99,13,-3193.6,-1.412,-3.589,1913,1322,585,0.686,2097,251.2,86.7,0,0.0,0,0,3,9,155.28,23.23,24.38,0.585,0.979,0,0.0,-0.0002,0.0084,0.04,0.0004,0.0055,,,-34324.16,-16104.68,-34324.16,,,,mappo,retraso
vecinos,4042,107,4149,4.70e-04,9.1,2152,7.23,21.36,3.94,15,-3153.4,-1.402,-3.523,1903,1315,582,0.659,2095,250.1,86.3,0,0.0,0,0,3,8,154.26,22.45,23.36,0.543,0.987,0,0.0,-0.0009,0.0079,0.0359,0.0008,0.0083,,,-33523.77,-15821.53,-33523.77,,,,mappo,retraso
vecinos,4042,108,4150,4.65e-04,9.1,2152,7.11,21.73,3.81,15,-3021.2,-1.334,-3.574,1902,1286,612,0.695,2093,251.6,86.7,0,0.0,0,0,4,8,156.06,23.78,24.94,0.631,0.955,0,0.0,-0.0001,0.0094,0.0375,0.0011,0.0073,,,-33985.92,-15341.08,-33985.92,,,,mappo,retraso
vecinos,4042,109,4151,4.60e-04,9.1,2152,6.9,21.28,3.73,14,-2968.0,-1.31,-3.495,1907,1300,602,0.649,2092,250.6,86.4,0,0.0,0,0,3,9,154.82,22.8,23.8,0.549,0.984,0,0.0,0.0,0.0087,0.0291,0.0002,0.0016,,,-33321.63,-15051.16,-33321.63,,,,mappo,retraso
vecinos,4042,110,4152,4.55e-04,8.7,2152,7.36,21.72,4.0,15,-3214.0,-1.421,-3.546,1919,1337,577,0.667,2092,250.7,86.5,0,0.0,0,0,4,10,154.53,22.74,23.65,0.552,0.987,0,0.0,-0.0007,0.0083,0.0356,0.0011,0.0052,21.72,7.15,-34023.42,-16170.36,-34023.42,21.72,21.49,21.605,mappo,retraso
vecinos,4042,111,4153,4.50e-04,9.1,2152,7.92,22.68,4.13,16,-3329.4,-1.472,-3.68,1916,1331,579,0.705,2093,252.9,87.2,0,0.0,0,0,4,10,156.19,23.97,25.0,0.604,0.967,0,0.0,0.0006,0.0093,0.0375,0.0006,0.0065,,,-35258.14,-16663.72,-35258.14,,,,mappo,retraso
vecinos,4042,112,4154,4.45e-04,8.7,2152,7.67,22.5,4.07,16,-3232.8,-1.437,-3.658,1906,1324,578,0.701,2092,252.3,87.0,0,0.0,0,0,4,9,156.01,24.04,25.3,0.596,0.965,0,0.0,-0.0006,0.0095,0.0401,0.0012,0.008,,,-34864.4,-16329.75,-34864.4,,,,mappo,retraso
vecinos,4042,113,4155,4.40e-04,9.3,2152,7.03,21.29,3.88,13,-3113.5,-1.382,-3.535,1907,1321,580,0.671,2091,250.2,86.3,0,0.0,0,0,3,9,155.06,22.83,23.6,0.58,0.981,0,0.0,0.0003,0.0075,0.0356,0.0003,0.0034,,,-33708.09,-15598.48,-33708.09,,,,mappo,retraso
vecinos,4042,114,4156,4.35e-04,8.9,2152,7.18,21.4,4.05,16,-3237.5,-1.439,-3.58,1910,1334,570,0.668,2091,250.1,86.3,0,0.0,0,0,3,9,154.42,22.67,23.33,0.565,0.978,0,0.0,-0.0004,0.0088,0.0334,0.0013,0.0056,,,-34185.73,-16288.89,-34185.73,,,,mappo,retraso
vecinos,4042,115,4157,4.30e-04,9.0,2152,7.82,22.37,4.01,13,-3179.6,-1.415,-3.641,1901,1319,578,0.689,2089,251.7,86.9,0,0.0,0,0,4,9,156.11,23.35,24.35,0.592,0.979,0,0.0,-0.0013,0.0103,0.0386,0.0038,0.0076,,,-34609.15,-16106.23,-34609.15,,,,mappo,retraso
vecinos,4042,116,4158,4.25e-04,9.0,2152,7.1,21.62,3.83,15,-3054.6,-1.352,-3.529,1896,1282,609,0.692,2094,251.1,86.6,0,0.0,0,0,3,8,155.46,23.89,24.79,0.636,0.966,0,0.0,-0.0016,0.0103,0.0476,0.0016,0.0136,,,-33453.76,-15379.95,-33453.76,,,,mappo,retraso
vecinos,4042,117,4159,4.20e-04,9.1,2152,7.91,22.22,3.98,13,-3184.0,-1.417,-3.528,1909,1334,570,0.69,2097,251.1,86.7,0,0.0,0,0,3,8,153.88,22.55,23.55,0.551,0.978,0,0.0,-0.0007,0.0087,0.0313,0.002,0.0072,,,-33673.15,-15976.73,-33673.15,,,,mappo,retraso
vecinos,4042,118,4160,4.15e-04,9.1,2152,7.44,21.63,3.87,15,-3103.1,-1.376,-3.471,1907,1317,585,0.675,2093,250.5,86.5,0,0.0,0,0,3,9,153.74,22.49,23.14,0.561,0.981,0,0.0,-0.0008,0.0075,0.0389,0.0006,0.0046,,,-33092.0,-15561.27,-33092.0,,,,mappo,retraso
vecinos,4042,119,4161,4.10e-04,9.1,2152,6.74,21.15,3.7,13,-2939.7,-1.298,-3.467,1897,1273,618,0.656,2095,250.8,86.5,0,0.0,0,0,3,8,154.69,23.37,24.09,0.581,0.973,0,0.0,-0.0006,0.0098,0.0399,0.0011,0.0045,,,-32885.96,-14915.4,-32885.96,,,,mappo,retraso
vecinos,4042,120,4162,4.05e-04,8.6,2152,7.31,21.76,4.04,15,-3250.1,-1.441,-3.615,1902,1301,595,0.676,2089,251.1,86.6,0,0.0,0,0,4,9,154.8,23.0,23.95,0.562,0.977,0,0.0,-0.0016,0.0101,0.082,0.002,0.0109,19.49,4.18,-34379.48,-16285.52,-34379.48,19.49,19.89,19.69,mappo,retraso
vecinos,4042,121,4163,4.00e-04,9.1,2152,8.09,23.28,4.16,16,-3311.1,-1.466,-3.836,1868,1208,655,0.815,2092,255.6,88.1,0,0.0,0,0,5,9,158.9,27.34,28.79,0.889,0.83,0,0.0,-0.004,0.011,0.15,0.003,0.0293,,,-35828.7,-16624.29,-35828.7,,,,mappo,retraso
vecinos,4042,122,4164,3.95e-04,9.2,2152,7.43,21.86,4.02,19,-3217.0,-1.418,-3.607,1909,1301,604,0.708,2089,251.6,86.8,0,0.0,0,0,4,9,155.98,24.18,25.12,0.662,0.953,0,0.0,-0.0017,0.0087,0.1274,0.001,0.0127,,,-34430.47,-16228.1,-34430.47,,,,mappo,retraso
vecinos,4042,123,4165,3.90e-04,9.0,2152,7.86,22.82,4.17,15,-3287.8,-1.461,-3.763,1885,1263,616,0.76,2093,254.0,87.6,0,0.0,0,0,5,9,157.14,25.43,26.64,0.743,0.921,0,0.0,-0.002,0.0091,0.1088,0.0016,0.0153,,,-35462.39,-16689.9,-35462.39,,,,mappo,retraso
vecinos,4042,124,4166,3.85e-04,9.1,2152,7.23,22.07,3.96,14,-3166.5,-1.404,-3.688,1882,1250,627,0.723,2097,252.9,87.1,0,0.0,0,0,4,9,157.06,24.92,25.93,0.7,0.931,0,0.0,-0.0004,0.0083,0.111,0.0008,0.0109,,,-34708.24,-15875.06,-34708.24,,,,mappo,retraso
vecinos,4042,125,4167,3.80e-04,9.5,2152,7.24,21.91,3.92,16,-3158.9,-1.389,-3.627,1904,1277,621,0.718,2089,252.4,87.0,0,0.0,0,0,5,8,156.63,24.66,25.52,0.706,0.931,0,0.0,-0.0009,0.0081,0.0956,0.0011,0.0153,,,-34529.54,-15863.69,-34529.54,,,,mappo,retraso
vecinos,4042,126,4168,3.75e-04,8.9,2152,7.38,22.23,4.04,17,-3224.2,-1.431,-3.669,1902,1304,592,0.711,2092,252.2,87.0,0,0.0,0,0,4,9,157.09,24.64,25.88,0.653,0.951,0,0.0,-0.0012,0.0105,0.0771,0.0009,0.012,,,-34888.73,-16206.29,-34888.73,,,,mappo,retraso
vecinos,4042,127,4169,3.70e-04,9.2,2152,7.13,21.84,3.86,13,-3055.3,-1.354,-3.61,1893,1279,609,0.7,2091,252.2,86.9,0,0.0,0,0,4,8,155.89,24.18,25.43,0.639,0.95,0,0.0,-0.0023,0.0088,0.0659,0.0008,0.0103,,,-34170.63,-15505.16,-34170.63,,,,mappo,retraso
vecinos,4042,128,4170,3.65e-04,9.1,2152,6.98,21.37,3.96,15,-3168.7,-1.406,-3.574,1910,1326,579,0.653,2090,250.1,86.3,0,0.0,0,0,4,9,154.99,23.24,24.13,0.574,0.978,0,0.0,-0.0013,0.0088,0.0449,0.0009,0.0096,,,-34133.83,-15926.66,-34133.83,,,,mappo,retraso
vecinos,4042,129,4171,3.60e-04,9.1,2152,7.18,21.4,3.96,13,-3181.8,-1.403,-3.493,1921,1334,581,0.663,2093,250.2,86.4,0,0.0,0,0,3,8,154.14,22.82,23.44,0.571,0.976,0,0.0,-0.003,0.0077,0.048,0.0005,0.0026,,,-33549.69,-16044.36,-33549.69,,,,mappo,retraso
vecinos,4042,130,4172,3.55e-04,9.1,2152,7.2,21.37,4.02,14,-3255.0,-1.449,-3.575,1912,1341,566,0.65,2091,250.0,86.3,0,0.0,0,0,3,9,153.95,22.2,23.23,0.527,0.99,0,0.0,-0.0012,0.0096,0.0438,0.0006,0.0063,21.81,7.48,-34179.66,-16193.57,-34179.66,21.81,21.57,21.69,mappo,retraso
vecinos,4042,131,4173,3.50e-04,9.2,2152,7.48,22.02,4.02,18,-3251.3,-1.439,-3.635,1913,1327,581,0.689,2094,251.1,86.6,0,0.0,0,0,4,8,155.74,23.56,24.76,0.608,0.973,0,0.0,-0.0006,0.0088,0.0483,0.0011,0.0058,,,-34769.29,-16223.46,-34769.29,,,,mappo,retraso
vecinos,4042,132,4174,3.45e-04,8.6,2152,7.52,21.96,4.1,14,-3281.0,-1.46,-3.634,1908,1332,571,0.684,2096,251.0,86.6,0,0.0,0,0,5,9,154.47,22.82,23.73,0.554,0.978,0,0.0,-0.0007,0.0098,0.0474,0.0002,0.004,,,-34665.6,-16499.4,-34665.6,,,,mappo,retraso
vecinos,4042,133,4175,3.40e-04,9.1,2152,7.13,21.64,4.0,16,-3200.5,-1.419,-3.622,1915,1334,575,0.673,2092,250.5,86.4,0,0.0,0,0,4,8,155.45,23.34,24.4,0.595,0.98,0,0.0,-0.0003,0.0086,0.0404,0.0004,0.0053,,,-34677.31,-16114.03,-34677.31,,,,mappo,retraso
vecinos,4042,134,4176,3.35e-04,9.0,2152,7.13,21.34,4.02,14,-3229.1,-1.428,-3.552,1916,1331,579,0.661,2095,249.8,86.2,0,0.0,0,0,3,9,154.63,22.76,23.71,0.563,0.986,0,0.0,-0.0004,0.0076,0.0415,0.0003,0.0044,,,-34031.28,-16239.07,-34031.28,,,,mappo,retraso
vecinos,4042,135,4177,3.30e-04,9.2,2152,7.4,21.76,4.01,14,-3221.3,-1.426,-3.574,1919,1342,571,0.685,2094,250.4,86.4,0,0.0,0,0,3,8,155.04,22.93,23.84,0.568,0.982,0,0.0,-0.0008,0.0092,0.0368,0.0007,0.005,,,-34292.19,-16156.51,-34292.19,,,,mappo,retraso
vecinos,4042,136,4178,3.25e-04,8.6,2152,7.69,22.29,4.0,14,-3182.8,-1.418,-3.58,1905,1328,571,0.685,2092,251.8,86.9,0,0.0,0,0,4,9,155.7,23.7,24.81,0.6,0.972,0,0.0,-0.0011,0.0095,0.0258,0.0007,0.0057,,,-34094.88,-16042.63,-34094.88,,,,mappo,retraso
vecinos,4042,137,4179,3.20e-04,9.2,2152,7.29,21.5,4.03,15,-3250.1,-1.435,-3.567,1922,1340,576,0.672,2099,250.0,86.3,0,0.0,0,0,4,8,154.38,22.57,23.19,0.568,0.984,0,0.0,0.0003,0.0097,0.0207,0.0002,0.0025,,,-34278.9,-16314.39,-34278.9,,,,mappo,retraso
vecinos,4042,138,4180,3.15e-04,9.0,2152,7.14,21.36,3.93,14,-3154.1,-1.4,-3.538,1910,1328,578,0.664,2092,249.8,86.2,0,0.0,0,0,3,9,154.25,22.41,23.31,0.547,0.979,0,0.0,-0.0007,0.0084,0.0252,0.0005,0.0037,,,-33788.9,-15828.36,-33788.9,,,,mappo,retraso
vecinos,4042,139,4181,3.10e-04,9.1,2152,7.44,21.8,4.06,13,-3250.4,-1.443,-3.593,1915,1343,567,0.678,2094,250.8,86.6,0,0.0,0,0,3,8,154.43,22.61,23.61,0.557,0.988,0,0.0,-0.0009,0.0091,0.0305,0.001,0.0093,,,-34399.87,-16352.51,-34399.87,,,,mappo,retraso
vecinos,4042,140,4182,3.05e-04,9.1,2152,7.68,22.13,4.13,13,-3319.8,-1.475,-3.631,1909,1328,575,0.696,2093,251.4,86.8,0,0.0,0,0,5,9,154.8,23.14,24.09,0.588,0.972,0,0.0,-0.0013,0.0091,0.0238,0.0005,0.0053,21.11,6.55,-34662.6,-16644.05,-34662.6,21.11,22.55,21.83,mappo,retraso
vecinos,4042,141,4183,3.00e-04,9.2,2152,7.47,21.94,4.09,14,-3316.6,-1.472,-3.649,1910,1325,579,0.679,2092,251.0,86.6,0,0.0,0,0,3,9,155.12,23.13,24.05,0.575,0.981,0,0.0,-0.0012,0.0099,0.0248,0.0005,0.0045,,,-34851.12,-16479.45,-34851.12,,,,mappo,retraso
vecinos,4042,142,4184,2.95e-04,9.6,2152,7.56,22.09,4.0,13,-3252.8,-1.434,-3.603,1924,1340,579,0.693,2093,251.3,86.7,0,0.0,0,0,4,9,156.05,23.54,24.34,0.605,0.966,0,0.0,-0.0,0.0092,0.0265,0.0005,0.0045,,,-34656.51,-16237.41,-34656.51,,,,mappo,retraso
vecinos,4042,143,4185,2.90e-04,9.2,2152,7.33,21.61,3.99,17,-3208.1,-1.42,-3.536,1918,1340,572,0.666,2092,250.3,86.4,0,0.0,0,0,3,8,154.18,22.67,23.52,0.557,0.976,0,0.0,-0.0004,0.0095,0.0252,0.0003,0.0027,,,-33906.04,-16140.86,-33906.04,,,,mappo,retraso
vecinos,4042,144,4186,2.85e-04,9.1,2152,7.27,21.51,3.92,13,-3142.6,-1.395,-3.497,1918,1351,562,0.666,2092,249.7,86.2,0,0.0,0,0,3,9,154.07,22.47,23.28,0.55,0.983,0,0.0,-0.0003,0.0086,0.0206,0.0001,0.0013,,,-33535.1,-15804.3,-33535.1,,,,mappo,retraso
vecinos,4042,145,4187,2.80e-04,8.8,2152,7.47,21.95,4.05,13,-3243.0,-1.439,-3.59,1914,1340,569,0.694,2095,251.1,86.7,0,0.0,0,0,3,9,154.46,22.91,23.69,0.559,0.982,0,0.0,-0.0001,0.0089,0.0245,0.0001,0.0011,,,-34351.69,-16309.62,-34351.69,,,,mappo,retraso
vecinos,4042,146,4188,2.75e-04,8.9,2152,7.3,21.73,3.96,13,-3172.6,-1.408,-3.576,1907,1319,584,0.665,2095,250.9,86.6,0,0.0,0,0,3,9,154.99,23.05,23.85,0.569,0.971,0,0.0,-0.0009,0.0087,0.0249,0.0008,0.0057,,,-34098.63,-15968.3,-34098.63,,,,mappo,retraso
vecinos,4042,147,4189,2.70e-04,9.0,2152,7.13,21.5,4.01,17,-3216.6,-1.428,-3.602,1909,1323,580,0.659,2090,250.2,86.3,0,0.0,0,0,3,9,155.16,22.98,23.87,0.553,0.979,0,0.0,0.0001,0.0086,0.0203,0.0004,0.0034,,,-34377.89,-16144.87,-34377.89,,,,mappo,retraso
vecinos,4042,148,4190,2.65e-04,9.3,2152,7.61,21.99,4.08,13,-3283.6,-1.454,-3.622,1919,1340,573,0.682,2095,250.8,86.5,0,0.0,0,0,3,8,154.63,22.68,23.53,0.551,0.981,0,0.0,-0.0004,0.0103,0.0199,0.0005,0.0033,,,-34756.56,-16489.43,-34756.56,,,,mappo,retraso
vecinos,4042,149,4191,2.60e-04,9.1,2152,6.91,21.42,3.73,17,-2970.6,-1.317,-3.499,1897,1289,602,0.661,2093,250.9,86.5,0,0.0,0,0,4,10,155.07,23.6,24.83,0.595,0.967,0,0.0,-0.0002,0.0086,0.0288,0.0014,0.007,,,-33189.45,-14979.44,-33189.45,,,,mappo,retraso
vecinos,4042,150,4192,2.55e-04,9.1,2152,7.31,21.65,3.82,13,-3062.2,-1.356,-3.483,1913,1325,583,0.662,2089,250.4,86.4,0,0.0,0,0,4,9,154.93,22.98,23.92,0.56,0.983,0,0.0,0.0001,0.0092,0.0214,0.0,0.0005,20.97,6.4,-33314.57,-15400.19,-33314.57,20.97,21.7,21.335,mappo,retraso
vecinos,4042,151,4193,2.50e-04,8.7,2152,7.54,21.73,4.07,13,-3268.0,-1.452,-3.605,1901,1311,586,0.683,2089,250.9,86.6,0,0.0,0,0,2,10,153.97,22.28,22.9,0.553,0.984,0,0.0,-0.0008,0.0091,0.0299,0.0005,0.0045,,,-34268.11,-16374.01,-34268.11,,,,mappo,retraso
vecinos,4042,152,4194,2.45e-04,9.2,2152,7.14,21.53,4.0,13,-3215.3,-1.423,-3.577,1915,1331,579,0.663,2092,250.3,86.3,0,0.0,0,0,3,9,155.16,23.18,24.25,0.582,0.98,0,0.0,-0.0,0.008,0.0355,0.0005,0.0052,,,-34249.42,-16139.45,-34249.42,,,,mappo,retraso
vecinos,4042,153,4195,2.40e-04,9.2,2152,7.26,21.68,4.01,13,-3193.7,-1.416,-3.609,1913,1330,578,0.661,2093,250.8,86.5,0,0.0,0,0,4,9,155.29,23.11,24.01,0.561,0.986,0,0.0,0.0001,0.0101,0.031,0.0001,0.0021,,,-34517.76,-16179.7,-34517.76,,,,mappo,retraso
vecinos,4042,154,4196,2.35e-04,9.2,2152,7.06,21.57,3.87,14,-3120.6,-1.383,-3.566,1909,1319,585,0.665,2090,250.4,86.4,0,0.0,0,0,4,9,155.98,23.38,24.43,0.585,0.972,0,0.0,-0.0001,0.0071,0.0286,0.0003,0.0041,,,-34039.22,-15580.01,-34039.22,,,,mappo,retraso
vecinos,4042,155,4197,2.30e-04,9.3,2152,7.89,22.34,4.1,15,-3291.8,-1.461,-3.629,1912,1331,575,0.692,2091,251.5,86.8,0,0.0,0,0,4,10,154.88,23.23,24.27,0.586,0.975,0,0.0,-0.0014,0.0096,0.0252,0.0004,0.0026,,,-34695.12,-16498.11,-34695.12,,,,mappo,retraso
vecinos,4042,156,4198,2.25e-04,9.0,2152,7.6,22.06,4.1,13,-3329.6,-1.47,-3.655,1920,1334,580,0.706,2092,251.5,86.8,0,0.0,0,0,4,9,155.22,23.16,23.96,0.594,0.967,0,0.0,-0.0002,0.0088,0.0302,0.0002,0.0022,,,-35089.94,-16584.69,-35089.94,,,,mappo,retraso
vecinos,4042,157,4199,2.20e-04,9.2,2152,7.44,21.8,4.04,13,-3236.3,-1.44,-3.612,1906,1325,575,0.684,2092,250.8,86.5,0,0.0,0,0,3,9,154.46,22.66,23.71,0.565,0.978,0,0.0,-0.0004,0.0091,0.0306,0.0002,0.0021,,,-34421.78,-16246.37,-34421.78,,,,mappo,retraso
vecinos,4042,158,4200,2.15e-04,9.1,2152,7.74,22.14,4.15,13,-3318.3,-1.477,-3.661,1906,1330,572,0.688,2094,251.1,86.7,0,0.0,0,0,3,9,154.63,22.83,23.62,0.562,0.972,0,0.0,-0.0012,0.0105,0.0432,0.0011,0.0077,,,-34884.59,-16704.13,-34884.59,,,,mappo,retraso
vecinos,4042,159,4201,2.10e-04,9.1,2152,7.7,22.02,3.97,12,-3184.3,-1.41,-3.536,1920,1344,571,0.676,2091,250.6,86.5,0,0.0,0,0,4,8,154.38,22.53,23.48,0.537,0.989,0,0.0,-0.0012,0.0083,0.0346,0.0003,0.0051,,,-33941.77,-16049.93,-33941.77,,,,mappo,retraso
vecinos,4042,160,4202,2.05e-04,9.3,2152,7.17,21.55,3.91,16,-3110.2,-1.386,-3.557,1902,1319,577,0.677,2092,250.5,86.4,0,0.0,0,0,5,8,154.81,23.03,23.73,0.59,0.965,0,0.0,-0.0009,0.0094,0.0358,0.0004,0.0062,19.49,4.18,-33824.44,-15649.81,-33824.44,19.49,21.29,20.39,mappo,retraso
vecinos,4042,161,4203,2.00e-04,9.0,2152,7.49,21.93,3.98,16,-3231.8,-1.423,-3.565,1923,1331,586,0.683,2092,250.9,86.6,0,0.0,0,0,3,8,155.16,23.07,23.78,0.583,0.975,0,0.0,0.0004,0.0081,0.034,0.0003,0.0037,,,-34276.25,-16173.55,-34276.25,,,,mappo,retraso
vecinos,4042,162,4204,1.95e-04,9.0,2152,7.71,22.18,3.99,14,-3199.1,-1.418,-3.587,1911,1326,579,0.69,2093,251.4,86.8,0,0.0,0,0,4,9,154.66,22.86,23.71,0.561,0.976,0,0.0,-0.0004,0.0104,0.0375,0.0003,0.0036,,,-34270.24,-16067.71,-34270.24,,,,mappo,retraso
vecinos,4042,163,4205,1.90e-04,8.8,2152,7.61,21.86,4.0,15,-3204.5,-1.422,-3.566,1909,1329,576,0.671,2092,250.5,86.5,0,0.0,0,0,4,8,154.89,22.92,23.76,0.582,0.976,0,0.0,-0.0013,0.0073,0.038,0.0007,0.0066,,,-34034.2,-16055.98,-34034.2,,,,mappo,retraso
vecinos,4042,164,4206,1.85e-04,8.9,2152,7.49,21.9,4.02,14,-3232.9,-1.431,-3.58,1909,1315,588,0.676,2089,251.0,86.6,0,0.0,0,0,3,9,154.5,22.85,23.67,0.555,0.98,0,0.0,-0.0009,0.0082,0.0386,0.0009,0.0061,,,-34174.8,-16228.84,-34174.8,,,,mappo,retraso
vecinos,4042,165,4207,1.80e-04,9.2,2152,7.59,22.03,4.11,13,-3352.0,-1.478,-3.64,1923,1335,583,0.691,2091,251.5,86.8,0,0.0,0,0,3,8,155.6,23.39,24.25,0.602,0.98,0,0.0,0.0004,0.008,0.0426,0.0003,0.0034,,,-34999.6,-16680.19,-34999.6,,,,mappo,retraso
vecinos,4042,166,4208,1.75e-04,9.1,2152,7.41,22.05,3.92,14,-3160.2,-1.382,-3.592,1926,1320,602,0.693,2093,251.4,86.7,0,0.0,0,0,4,8,156.13,23.92,24.62,0.634,0.961,0,0.0,-0.0037,0.0072,0.0524,0.0006,0.008,,,-34593.53,-15956.83,-34593.53,,,,mappo,retraso
vecinos,4042,167,4209,1.70e-04,9.0,2152,8.06,22.54,4.06,14,-3274.4,-1.455,-3.607,1906,1321,580,0.703,2094,252.2,87.1,0,0.0,0,0,4,9,154.71,23.07,24.28,0.573,0.979,0,0.0,-0.0012,0.0093,0.0423,0.0004,0.0066,,,-34376.56,-16339.77,-34376.56,,,,mappo,retraso
vecinos,4042,168,4210,1.65e-04,8.9,2152,7.22,21.82,3.87,16,-3094.1,-1.362,-3.583,1900,1273,622,0.689,2091,252.1,86.9,0,0.0,0,0,3,9,155.96,24.15,25.0,0.633,0.962,0,0.0,0.0003,0.0088,0.0564,0.0005,0.0059,,,-34041.72,-15625.51,-34041.72,,,,mappo,retraso
vecinos,4042,169,4211,1.60e-04,9.1,2152,8.28,22.72,3.93,15,-3158.5,-1.404,-3.551,1904,1316,584,0.705,2090,251.9,87.0,0,0.0,0,0,4,9,154.47,22.71,23.66,0.562,0.973,0,0.0,-0.001,0.0088,0.0419,0.0004,0.006,,,-33808.38,-15795.42,-33808.38,,,,mappo,retraso
vecinos,4042,170,4212,1.55e-04,9.1,2152,7.49,21.93,4.0,14,-3188.7,-1.415,-3.564,1913,1337,571,0.677,2090,250.9,86.6,0,0.0,0,0,4,9,155.11,23.22,23.94,0.57,0.977,0,0.0,-0.0012,0.009,0.0431,0.0006,0.0098,19.49,4.18,-34085.21,-16075.53,-34085.21,19.49,21.03,20.26,mappo,retraso
vecinos,4042,171,4213,1.50e-04,9.2,2152,6.73,21.06,3.75,13,-2987.6,-1.324,-3.467,1904,1308,592,0.642,2090,249.4,86.0,0,0.0,0,0,3,8,154.46,22.84,23.68,0.557,0.971,0,0.0,-0.0006,0.0083,0.0502,0.0005,0.0066,,,-33006.15,-15106.82,-33006.15,,,,mappo,retraso
vecinos,4042,172,4214,1.45e-04,9.1,2152,7.06,21.44,3.86,13,-3117.3,-1.373,-3.504,1922,1326,590,0.663,2088,250.0,86.2,0,0.0,0,0,3,9,155.44,23.3,24.15,0.585,0.984,0,0.0,0.0082,0.0072,0.0409,0.0003,0.0059,,,-33678.0,-15641.06,-33678.0,,,,mappo,retraso
vecinos,4042,173,4215,1.40e-04,8.7,2152,7.64,22.07,4.01,16,-3204.9,-1.415,-3.587,1917,1327,585,0.688,2095,251.4,86.8,0,0.0,0,0,4,9,154.92,23.1,24.06,0.58,0.982,0,0.0,-0.0001,0.0098,0.0428,0.0002,0.0031,,,-34383.11,-16230.88,-34383.11,,,,mappo,retraso
vecinos,4042,174,4216,1.35e-04,8.9,2152,7.28,21.6,3.94,13,-3154.9,-1.393,-3.567,1918,1331,582,0.668,2093,250.1,86.3,0,0.0,0,0,3,9,155.64,23.01,23.69,0.576,0.98,0,0.0,-0.0016,0.009,0.0404,0.0008,0.0081,,,-34211.08,-15936.68,-34211.08,,,,mappo,retraso
vecinos,4042,175,4217,1.30e-04,9.1,2152,7.94,22.19,4.08,14,-3280.4,-1.456,-3.596,1911,1333,573,0.683,2091,251.0,86.7,0,0.0,0,0,3,9,154.28,22.49,23.2,0.55,0.98,0,0.0,-0.002,0.009,0.0314,0.0008,0.0068,,,-34356.83,-16439.41,-34356.83,,,,mappo,retraso
vecinos,4042,176,4218,1.25e-04,8.8,2152,6.95,21.8,3.58,15,-2843.2,-1.262,-3.532,1872,1228,640,0.666,2091,252.7,87.0,0,0.0,0,0,4,9,156.13,24.11,25.15,0.599,0.972,0,0.0,-0.0042,0.0094,0.0457,0.0009,0.0111,,,-33059.03,-14348.15,-33059.03,,,,mappo,retraso
vecinos,4042,177,4219,1.20e-04,9.6,2152,7.54,21.9,3.87,13,-3122.3,-1.366,-3.474,1942,1358,579,0.676,2094,250.5,86.5,0,0.0,0,0,3,8,154.84,22.74,23.48,0.558,0.983,0,0.0,-0.0001,0.0068,0.0254,0.0002,0.0027,,,-33736.0,-15796.52,-33736.0,,,,mappo,retraso
vecinos,4042,178,4220,1.15e-04,9.1,2152,7.34,21.67,4.0,14,-3226.4,-1.434,-3.565,1913,1342,566,0.668,2092,250.1,86.3,0,0.0,0,0,3,9,154.5,22.6,23.55,0.551,0.988,0,0.0,-0.0003,0.0083,0.0245,0.0002,0.0025,,,-34099.89,-16099.18,-34099.89,,,,mappo,retraso
vecinos,4042,179,4221,1.10e-04,9.3,2152,7.53,22.06,4.08,15,-3282.4,-1.453,-3.623,1924,1354,564,0.688,2091,251.0,86.6,0,0.0,0,0,4,9,155.37,23.21,24.15,0.591,0.983,0,0.0,0.0,0.0092,0.0262,0.0001,0.0016,,,-34849.22,-16524.03,-34849.22,,,,mappo,retraso
vecinos,4042,180,4222,1.05e-04,9.1,2152,7.85,22.25,4.13,13,-3312.1,-1.472,-3.653,1913,1343,566,0.697,2088,250.8,86.6,0,0.0,0,0,4,9,154.6,22.57,23.6,0.565,0.98,0,0.0,-0.0009,0.0092,0.0305,0.0002,0.0038,21.1,6.54,-34937.5,-16610.15,-34937.5,21.1,21.49,21.295,mappo,retraso
vecinos,4042,181,4223,1.00e-04,9.2,2152,7.07,21.58,3.89,13,-3142.3,-1.389,-3.51,1926,1353,567,0.646,2091,250.1,86.3,0,0.0,0,0,3,9,155.45,23.38,24.56,0.551,0.988,0,0.0,0.0026,0.0078,0.0368,0.0003,0.004,,,-33797.22,-15738.64,-33797.22,,,,mappo,retraso
vecinos,4042,182,4224,9.50e-05,9.1,2152,7.54,22.03,3.93,14,-3153.4,-1.398,-3.529,1921,1351,566,0.667,2092,251.1,86.6,0,0.0,0,0,5,8,155.01,23.06,24.04,0.559,0.984,0,0.0,-0.0098,0.0077,0.0314,0.0001,0.0017,,,-33896.84,-15848.71,-33896.84,,,,mappo,retraso
vecinos,4042,183,4225,9.00e-05,9.2,2152,7.5,21.84,4.07,15,-3262.8,-1.45,-3.617,1910,1331,573,0.673,2097,250.8,86.6,0,0.0,0,0,3,9,154.34,22.55,23.46,0.532,0.986,0,0.0,-0.0006,0.0095,0.0363,0.0002,0.0026,,,-34541.36,-16395.71,-34541.36,,,,mappo,retraso
vecinos,4042,184,4226,8.50e-05,9.1,2152,7.43,21.68,4.04,14,-3221.1,-1.43,-3.597,1913,1337,570,0.668,2089,250.3,86.4,0,0.0,0,0,3,8,154.69,22.77,23.5,0.562,0.99,0,0.0,-0.0001,0.0087,0.0342,0.0,0.0004,,,-34407.08,-16259.19,-34407.08,,,,mappo,retraso
vecinos,4042,185,4227,8.00e-05,8.9,2152,7.21,21.72,3.98,14,-3166.6,-1.406,-3.601,1911,1328,577,0.655,2087,250.4,86.4,0,0.0,0,0,4,8,156.17,23.53,24.61,0.582,0.982,0,0.0,-0.0003,0.008,0.0375,0.0002,0.0035,,,-34408.17,-16008.09,-34408.17,,,,mappo,retraso
vecinos,4042,186,4228,7.50e-05,8.8,2152,7.38,22.0,4.01,14,-3210.3,-1.425,-3.633,1906,1320,581,0.682,2091,251.4,86.7,0,0.0,0,0,3,9,155.88,23.75,24.77,0.594,0.976,0,0.0,0.0001,0.0093,0.039,0.0001,0.0024,,,-34618.06,-16132.95,-34618.06,,,,mappo,retraso
vecinos,4042,187,4229,7.00e-05,9.1,2152,7.32,21.77,3.96,16,-3177.3,-1.408,-3.557,1917,1340,572,0.67,2094,250.4,86.4,0,0.0,0,0,4,8,155.21,23.12,24.05,0.563,0.978,0,0.0,-0.0005,0.0092,0.0297,0.0002,0.003,,,-34096.89,-15970.53,-34096.89,,,,mappo,retraso
vecinos,4042,188,4230,6.50e-05,9.0,2152,7.34,21.64,4.09,13,-3262.0,-1.448,-3.635,1916,1345,566,0.678,2087,250.2,86.4,0,0.0,0,0,3,9,154.42,22.34,23.32,0.542,0.991,0,0.0,-0.0005,0.0087,0.0294,0.0005,0.0046,,,-34823.44,-16472.53,-34823.44,,,,mappo,retraso
vecinos,4042,189,4231,6.00e-05,9.0,2152,7.34,21.74,3.96,13,-3192.2,-1.411,-3.591,1913,1321,587,0.683,2092,250.7,86.5,0,0.0,0,0,4,9,155.4,23.1,23.87,0.588,0.972,0,0.0,-0.0005,0.0091,0.0318,0.0003,0.0037,,,-34345.95,-16003.42,-34345.95,,,,mappo,retraso
vecinos,4042,190,4232,5.50e-05,8.7,2152,7.49,22.02,4.13,14,-3314.8,-1.473,-3.649,1906,1321,579,0.684,2093,251.4,86.8,0,0.0,0,0,4,10,155.02,23.24,23.84,0.574,0.976,0,0.0,-0.0012,0.0093,0.0335,0.0001,0.0009,19.49,4.18,-34778.9,-16620.09,-34778.9,19.49,21.29,20.39,mappo,retraso
vecinos,4042,191,4233,5.00e-05,8.9,2152,6.85,21.33,3.8,14,-3053.5,-1.354,-3.544,1891,1271,614,0.655,2093,251.0,86.5,0,0.0,0,0,3,9,155.35,23.46,24.53,0.571,0.975,0,0.0,-0.0009,0.009,0.0292,0.0001,0.002,,,-33504.8,-15280.43,-33504.8,,,,mappo,retraso
vecinos,4042,192,4234,4.50e-05,9.0,2152,7.46,21.9,4.15,14,-3320.0,-1.476,-3.678,1908,1326,576,0.683,2094,251.0,86.6,0,0.0,0,0,4,8,154.39,22.88,23.71,0.564,0.979,0,0.0,-0.0006,0.0089,0.0263,0.0001,0.0013,,,-35091.6,-16730.51,-35091.6,,,,mappo,retraso
vecinos,4042,193,4235,4.00e-05,9.2,2152,6.97,21.44,3.8,15,-3044.6,-1.344,-3.518,1912,1314,592,0.653,2091,250.8,86.5,0,0.0,0,0,5,9,155.04,22.97,24.01,0.548,0.979,0,0.0,-0.0004,0.0089,0.0256,0.0001,0.0005,,,-33631.87,-15359.51,-33631.87,,,,mappo,retraso
vecinos,4042,194,4236,3.50e-05,9.5,2152,7.37,21.65,4.03,15,-3247.5,-1.438,-3.574,1917,1335,576,0.673,2093,250.5,86.4,0,0.0,0,0,2,9,154.22,22.62,23.39,0.557,0.982,0,0.0,-0.0001,0.0085,0.0225,0.0,0.0004,,,-34259.83,-16289.15,-34259.83,,,,mappo,retraso
vecinos,4042,195,4237,3.00e-05,9.1,2152,7.13,21.54,3.98,13,-3197.8,-1.421,-3.602,1907,1324,578,0.667,2092,250.2,86.3,0,0.0,0,0,4,9,155.22,22.99,24.05,0.567,0.982,0,0.0,-0.0008,0.01,0.0263,0.0001,0.0026,,,-34347.78,-16011.95,-34347.78,,,,mappo,retraso
vecinos,4042,196,4238,2.50e-05,9.2,2152,7.11,21.53,3.84,15,-3072.5,-1.364,-3.499,1913,1338,570,0.663,2093,250.1,86.3,0,0.0,0,0,3,8,154.82,23.01,24.08,0.563,0.987,0,0.0,-0.0013,0.0074,0.0186,0.0001,0.001,,,-33464.0,-15412.19,-33464.0,,,,mappo,retraso
vecinos,4042,197,4239,2.00e-05,9.2,2152,7.16,21.47,3.86,12,-3076.2,-1.371,-3.515,1898,1311,582,0.653,2094,250.3,86.4,0,0.0,0,0,3,9,154.49,22.76,23.8,0.551,0.987,0,0.0,0.0009,0.0089,0.0222,0.0001,0.0012,,,-33360.75,-15459.43,-33360.75,,,,mappo,retraso
vecinos,4042,198,4240,1.50e-05,9.1,2152,7.12,21.36,3.57,16,-2862.4,-1.265,-3.341,1909,1309,594,0.64,2096,250.3,86.4,0,0.0,0,0,2,8,153.84,22.25,23.0,0.511,0.991,0,0.0,-0.0003,0.0091,0.0184,0.0,0.0001,,,-31889.96,-14396.2,-31889.96,,,,mappo,retraso
vecinos,4042,199,4241,1.00e-05,9.0,2152,7.05,21.58,3.86,16,-3087.7,-1.372,-3.581,1892,1286,600,0.655,2088,251.1,86.6,0,0.0,0,0,4,9,155.33,23.43,24.45,0.563,0.971,0,0.0,-0.0014,0.0079,0.0215,0.0,0.0,,,-33872.0,-15464.68,-33872.0,,,,mappo,retraso
vecinos,4042,200,4242,5.00e-06,8.6,2152,7.62,22.26,4.07,13,-3272.4,-1.451,-3.674,1908,1318,584,0.69,2092,251.9,86.9,0,0.0,0,0,4,8,155.15,23.13,24.1,0.57,0.977,0,0.0,-0.0004,0.0093,0.0243,0.0,0.0,19.49,4.18,-35053.88,-16445.51,-35053.88,19.49,21.29,20.39,mappo,retraso
