t,W1_C11,C12_C11,N1_C11,C21_C11,C11_C12,C13_C12,N2_C12,C22_C12,C12_C13,E1_C13,N3_C13,C23_C13,W2_C21,C22_C21,C11_C21,C31_C21,C21_C22,C23_C22,C12_C22,C32_C22,C22_C23,E2_C23,C13_C23,C33_C23,W3_C31,C32_C31,C21_C31,S1_C31,C31_C32,C33_C32,C22_C32,S2_C32,C32_C33,E3_C33,C23_C33,S3_C33
60,0,0,0,0,0,0,0,0,0,0,0,0,1,0,0,0,0,0,1,0,0,0,0,0,3,0,0,0,0,0,0,0,0,0,0,1
120,0,0,0,0,0,0,0,0,0,1,0,0,1,0,0,0,0,0,0,0,0,0,0,0,0,0,0,1,0,0,1,1,0,0,1,3
180,0,0,1,0,0,0,1,1,0,0,0,0,0,0,0,1,4,0,0,0,1,0,0,0,0,0,0,0,0,0,0,0,0,0,1,1
240,0,0,0,0,0,0,1,0,0,0,1,0,0,0,0,2,0,0,0,1,0,0,0,0,0,0,0,0,0,1,0,0,0,2,0,0
300,1,0,0,0,0,0,0,0,0,1,0,0,2,0,0,0,0,0,0,0,0,0,0,0,1,1,0,0,1,1,0,0,0,0,0,1
360,0,0,0,0,0,0,0,0,0,0,0,0,0,0,0,1,0,0,0,0,1,1,0,0,0,0,0,1,0,0,1,1,2,0,0,0
420,1,0,0,0,0,0,1,0,0,0,1,0,0,0,0,1,0,0,0,0,0,0,0,1,0,0,0,1,1,0,0,0,0,0,2,2
480,1,0,0,0,1,0,0,0,0,0,0,0,2,0,0,0,0,0,1,1,0,0,1,0,0,0,0,0,0,0,0,0,0,0,0,1
540,0,0,0,0,1,0,0,0,0,0,0,0,2,0,0,0,0,1,0,0,0,1,0,0,3,0,0,0,0,0,0,0,0,0,0,0
600,0,0,1,2,0,0,1,0,0,0,1,1,0,0,0,1,0,0,0,0,0,0,0,1,0,0,0,1,0,0,0,0,0,0,2,1
660,1,1,0,0,0,0,0,0,0,0,0,0,0,0,0,0,0,0,1,0,0,0,0,0,0,0,1,1,0,0,0,1,4,1,0,0
720,0,0,1,0,2,0,0,0,0,1,0,0,1,0,0,0,0,0,0,0,0,0,0,0,1,0,0,0,0,0,0,0,0,0,1,3
780,0,0,1,1,0,0,1,0,0,0,1,0,0,0,0,0,1,0,0,0,0,0,0,0,1,0,0,0,0,2,0,0,0,1,0,0
840,0,0,0,0,0,0,0,0,0,0,0,0,0,0,0,0,0,0,1,0,0,0,1,1,0,0,0,1,0,0,0,1,1,0,0,0
900,1,0,0,1,0,0,0,0,1,0,0,0,1,0,0,0,0,0,0,0,0,0,0,0,0,0,2,0,0,0,1,1,0,0,1,1
960,0,0,1,0,0,0,0,1,0,0,0,0,0,0,0,1,2,0,0,0,1,1,0,0,1,0,0,0,0,1,0,0,0,1,0,0
1020,0,0,0,0,0,0,1,0,0,0,1,0,0,0,0,0,0,0,0,0,0,0,0,1,0,0,0,1,0,0,0,0,0,0,1,1
1080,2,0,0,0,0,0,0,0,0,1,0,0,0,0,0,0,0,0,0,0,0,0,0,0,0,0,1,1,0,0,1,1,0,0,0,0
1140,0,0,1,1,0,0,0,0,0,0,0,0,0,0,0,1,0,0,0,0,0,0,0,0,1,0,0,0,0,0,0,0,0,0,1,1
1200,1,0,0,0,0,0,0,1,0,0,1,0,0,0,0,1,0,0,0,0,0,0,0,0,2,0,0,0,0,1,0,1,0,0,0,0
1260,1,0,0,0,1,0,0,0,0,0,0,0,1,0,0,0,0,0,0,1,0,0,0,1,0,0,2,1,0,0,0,0,3,0,0,0
1320,0,0,0,1,2,1,0,0,0,0,0,0,3,0,0,0,0,0,0,0,1,1,0,0,0,0,0,0,0,0,0,0,0,0,1,1
1380,0,0,1,1,0,0,1,1,0,0,1,0,0,0,0,0,0,0,0,1,0,0,0,0,3,0,0,0,0,1,0,0,0,1,0,0
1440,1,0,0,0,0,0,0,0,0,0,0,0,1,0,0,0,0,0,1,0,0,0,1,2,0,0,1,1,0,0,0,0,0,0,1,2
1500,0,0,0,0,1,0,0,0,0,1,0,0,2,0,0,0,0,0,0,0,0,0,0,0,0,0,0,0,0,0,1,1,0,0,1,1
1560,0,0,1,1,0,0,1,1,0,0,0,0,0,0,0,0,2,0,0,0,0,0,0,0,2,0,0,0,0,3,0,0,0,0,0,0
1620,1,1,0,0,0,0,0,0,0,0,0,0,0,0,0,0,0,0,0,0,0,0,1,1,0,0,0,0,3,0,0,0,0,0,0,0
1680,0,0,0,0,0,0,0,0,0,1,0,0,1,0,0,0,0,0,0,0,0,1,0,0,0,0,2,1,0,0,1,1,2,0,0,0
1740,0,0,1,1,0,0,0,1,0,0,0,0,0,0,0,2,0,0,0,0,1,1,0,0,1,0,0,0,0,0,0,0,0,0,2,1
1800,0,1,0,0,0,0,1,1,0,0,1,0,0,0,1,0,0,0,0,1,0,0,0,0,0,0,0,1,0,0,0,0,0,0,0,1
1860,1,0,0,0,0,0,0,0,0,2,0,0,0,0,0,0,0,0,0,0,0,0,0,0,0,0,2,1,0,0,0,1,0,0,0,1
1920,0,0,1,1,0,0,0,0,0,0,0,0,0,1,0,0,0,0,0,0,0,1,0,0,0,0,1,1,0,0,0,0,1,2,0,0
1980,0,0,0,0,0,0,1,0,0,0,1,0,0,0,1,1,0,0,0,0,0,0,0,1,1,0,0,0,0,0,0,0,0,2,0,0
2040,1,0,0,0,0,0,0,0,0,1,0,0,0,0,1,0,0,0,0,0,0,0,3,2,0,0,0,0,1,0,0,0,0,0,1,2
2100,1,2,0,0,0,1,0,0,0,3,0,0,1,1,0,0,0,0,0,0,0,1,0,0,0,0,1,0,0,0,1,1,0,0,1,1
2160,0,0,1,0,0,0,1,0,0,0,1,0,0,0,0,1,0,0,0,0,0,0,0,0,0,1,0,0,0,0,0,0,0,1,0,0
2220,0,0,0,0,0,0,0,0,0,2,0,0,0,0,1,1,0,0,0,1,0,0,0,1,0,0,0,0,0,0,0,0,0,0,0,2
2280,0,0,0,0,0,0,0,0,0,1,0,0,0,0,0,0,0,0,0,0,0,2,0,0,0,0,1,1,0,0,1,0,0,0,1,0
2340,0,0,1,1,0,0,1,0,0,0,1,0,0,1,0,0,0,0,0,0,0,0,0,0,0,0,0,0,0,0,2,1,0,2,0,0
2400,0,0,0,0,0,0,0,0,0,0,0,0,0,0,0,0,0,0,1,1,0,0,1,0,1,0,0,0,0,1,0,0,0,0,0,0
2460,1,0,0,0,0,0,0,0,0,1,0,0,0,0,0,0,0,0,0,0,0,0,0,0,0,0,1,1,0,0,1,0,0,0,0,0
2520,0,0,1,0,0,0,1,0,0,0,1,0,1,0,0,0,0,0,0,0,1,1,0,0,0,0,0,0,0,0,0,1,0,1,0,0
2580,0,0,1,1,0,0,1,0,0,0,1,0,0,0,1,1,0,0,0,1,0,0,0,1,0,2,0,0,0,0,0,0,0,0,0,0
2640,0,1,0,0,0,0,0,0,0,0,0,0,0,0,0,0,1,0,0,0,0,0,0,0,0,0,0,0,1,0,0,0,0,1,0,0
2700,0,0,0,0,0,0,0,0,0,0,1,0,0,0,0,0,0,0,0,0,0,1,0,0,0,0,2,1,2,0,0,0,0,0,1,2
2760,0,0,1,1,0,0,1,0,0,0,1,0,0,0,0,0,0,0,0,0,0,0,0,0,0,0,0,0,0,0,0,0,0,0,0,1
2820,1,0,0,0,0,1,0,0,0,0,0,0,0,0,2,0,0,0,1,1,0,0,0,0,0,0,0,0,0,0,0,1,0,1,0,0
2880,1,0,0,0,0,0,0,0,0,3,0,0,1,0,0,0,0,0,0,0,0,1,0,0,0,0,1,1,0,0,1,1,0,0,0,0
2940,0,0,1,1,0,0,1,1,0,0,1,0,0,0,0,0,0,0,0,1,0,0,0,1,0,0,0,0,0,0,0,0,0,0,2,1
3000,0,1,0,0,0,0,0,0,0,1,0,0,0,0,2,0,0,0,0,2,0,0,1,0,0,0,0,0,0,2,0,0,0,0,0,0
3060,1,0,0,0,0,0,0,0,0,1,0,0,0,0,0,0,0,0,0,0,0,1,0,0,0,0,1,1,0,0,1,1,3,0,0,0
3120,0,0,1,2,0,0,1,0,0,0,1,0,0,0,0,0,0,0,0,0,0,1,0,0,1,0,0,0,0,0,0,0,0,0,1,1
3180,0,0,0,0,0,0,0,0,0,0,0,0,0,0,0,0,0,0,2,1,0,0,0,0,1,0,0,0,0,1,0,0,1,2,0,0
3240,1,0,0,0,0,0,0,0,0,2,0,0,0,0,0,0,0,0,0,0,0,2,0,0,0,0,0,1,1,0,0,0,1,1,0,0
3300,0,0,0,1,0,0,0,0,0,0,0,0,1,0,0,0,0,0,0,0,1,2,0,0,0,1,0,0,0,0,0,0,0,0,1,2
3360,0,0,1,2,0,0,1,0,0,0,1,0,0,0,0,2,0,0,0,0,0,0,0,0,0,5,0,0,0,0,0,1,0,0,1,1
3420,1,0,0,0,0,0,0,0,0,2,0,0,0,0,0,0,0,0,0,0,0,0,0,0,0,0,1,1,0,0,0,1,0,0,0,0
3480,0,0,0,0,0,0,0,1,0,0,0,0,1,0,0,0,0,0,0,0,0,1,0,0,0,0,2,1,0,0,0,0,0,0,2,1
3540,0,0,1,0,0,0,1,1,0,0,0,0,0,0,1,2,0,0,0,2,0,0,0,0,1,0,0,0,0,0,0,0,0,0,0,0
3600,0,0,0,0,0,0,0,0,0,0,0,0,0,0,0,0,0,0,2,2,0,0,1,2,0,0,0,0,1,0,0,0,0,2,0,0
3660,0,0,0,0,0,0,0,0,0,0,0,0,0,0,0,0,0,0,1,1,0,0,0,0,0,0,1,0,0,0,3,0,0,0,1,0
3720,0,0,0,0,0,0,0,0,0,0,0,0,0,0,0,0,0,0,0,0,0,0,0,0,0,0,1,0,0,0,0,0,0,0,0,0
