id,depart,timeloss,espera,paradas,co2
p1_N2_S2.0,0.0,20.08,9.0,1,193.36
p1_S2_N2.0,0.0,20.19,7.0,1,190.24
p1_S2_N2.1,20.0,5.54,0.0,0,151.9
p1_N2_S2.1,20.0,5.95,0.0,0,148.99
p1_N1_S1.0,0.0,24.2,14.0,1,194.29
p1_N1_S1.1,20.0,9.88,0.0,0,168.71
p1_S1_N1.0,0.0,19.47,8.0,1,184.85
p1_S1_N1.1,20.0,8.45,0.0,0,164.81
p1_W_S2.0,3.0,14.82,0.0,0,220.84
p1_W_E.0,0.0,7.16,0.0,0,195.64
p1_W_E.1,6.0,16.8,0.0,0,227.98
p1_E_W.0,0.0,7.63,0.0,0,199.04
p1_W_E.2,12.0,12.19,0.0,0,228.09
p1_E_N1.0,3.0,10.74,0.0,0,215.1
p1_N2_W.0,3.0,21.9,8.0,1,237.11
p1_S1_E.0,3.0,24.09,8.0,1,240.08
p1_E_W.1,15.0,20.51,7.0,1,236.03
p1_N1_S1.2,40.0,22.43,10.0,1,194.55
p1_S1_N1.2,40.0,21.71,11.0,1,195.21
p1_N2_S2.2,40.0,22.45,12.0,1,193.47
p1_S2_N2.2,40.0,18.54,7.0,1,184.73
p1_S1_N1.3,60.0,5.51,0.0,0,148.67
p1_S2_N2.3,60.0,7.72,0.0,0,150.65
p1_N2_S2.3,60.0,5.77,0.0,0,150.01
p1_N1_S1.3,60.0,5.64,0.0,0,148.61
p1_W_E.3,18.0,35.11,17.0,2,272.99
p1_E_W.2,29.0,25.37,11.0,1,249.76
p1_W_E.4,24.0,31.53,14.0,2,267.15
p1_E_W.3,44.0,12.17,0.0,0,225.78
p1_W_E.5,30.0,25.13,6.0,2,256.91
p1_W_E.6,36.0,25.26,4.0,1,264.18
p1_W_E.7,42.0,21.08,4.0,1,249.72
p1_W_E.8,48.0,9.42,0.0,0,201.72
p1_S1_N1.4,80.0,18.4,7.0,1,185.72
p1_S2_N2.4,80.0,18.13,7.0,1,192.84
p1_N1_S1.4,80.0,18.98,6.0,1,190.95
p1_N2_S2.4,80.0,20.62,9.0,1,192.89
p1_N1_S1.5,100.0,5.05,0.0,0,155.96
p1_E_W.4,58.0,32.1,14.0,2,266.87
p1_S1_E.1,63.0,24.1,10.0,1,252.93
p1_W_E.9,54.0,34.22,16.0,2,265.3
p1_W_E.10,60.0,35.93,13.0,2,272.74
p1_E_N1.1,61.0,24.48,6.0,2,247.54
p1_W_S2.1,63.0,33.07,9.0,2,280.68
p1_E_W.5,72.0,12.59,0.0,0,217.4
p1_E_W.6,87.0,14.3,0.0,0,223.54
p1_N2_S2.5,100.0,19.98,9.0,1,184.82
p1_S2_N2.5,100.0,20.74,9.0,1,191.87
p1_N2_S2.6,120.0,10.92,0.0,0,177.36
p1_S2_N2.6,120.0,10.88,0.0,0,160.03
p1_W_E.11,66.0,44.87,19.0,2,289.22
p1_N2_W.1,63.0,25.9,12.0,1,241.93
p1_W_E.12,72.0,44.34,16.0,2,293.06
p1_W_E.13,78.0,42.28,16.0,2,282.32
p1_E_W.7,101.0,13.86,0.0,0,223.33
p1_W_E.14,84.0,40.03,13.0,2,283.71
p1_S1_N1.5,100.0,38.95,28.0,1,220.26
p1_W_E.15,90.0,24.99,7.0,2,248.08
p1_N1_S1.6,120.0,16.84,7.0,1,184.78
p1_S1_N1.6,120.0,32.11,14.0,1,228.88
p1_W_E.16,96.0,35.57,5.0,1,268.98
p1_N1_S1.7,140.0,13.77,0.0,0,160.17
p1_S1_N1.7,140.0,13.99,0.0,0,191.58
p1_W_E.17,102.0,31.25,3.0,1,281.36
p1_W_E.18,108.0,26.95,0.0,0,280.93
p1_N2_W.2,123.0,10.87,0.0,0,230.75
p1_W_E.19,114.0,10.78,0.0,0,233.62
p1_E_W.8,116.0,22.59,10.0,1,239.52
p1_W_E.20,120.0,16.85,0.0,0,244.26
p1_N2_S2.7,140.0,20.67,8.0,1,189.11
p1_S2_N2.7,140.0,20.51,10.0,1,193.32
p1_N2_S2.8,160.0,5.5,0.0,0,149.15
p1_E_W.9,130.0,16.7,0.0,0,248.5
p1_S2_N2.8,160.0,6.36,0.0,0,153.68
p1_E_N1.2,120.0,20.51,7.0,1,244.17
p1_W_S2.2,123.0,28.13,12.0,1,253.16
p1_W_E.21,126.0,28.51,12.0,1,244.08
p1_N1_S1.8,160.0,15.82,4.0,1,188.73
p1_S1_N1.8,160.0,16.05,5.0,1,181.71
p1_W_E.22,132.0,24.46,11.0,1,244.75
p1_S1_E.2,123.0,35.09,16.0,2,265.22
p1_W_E.23,138.0,22.03,9.0,1,247.69
p1_W_E.24,144.0,14.15,1.0,1,229.77
p1_E_W.10,144.0,22.94,10.0,1,234.74
p1_W_E.25,150.0,17.08,0.0,0,243.03
p1_W_E.26,156.0,12.83,0.0,0,225.91
p1_E_W.11,159.0,15.5,4.0,1,232.41
p1_S2_N2.9,180.0,16.68,5.0,1,189.12
p1_N2_S2.9,180.0,16.83,4.0,1,193.2
p1_E_W.12,173.0,6.33,0.0,0,194.45
p1_S1_N1.9,180.0,26.16,16.0,1,197.46
p1_N1_S1.9,180.0,25.71,15.0,1,198.6
p1_N1_S1.10,200.0,8.73,0.0,0,174.46
p1_W_E.27,162.0,24.41,13.0,1,242.3
p1_S1_N1.10,200.0,9.08,0.0,0,169.81
p1_W_E.28,168.0,20.42,9.0,1,232.97
p1_W_E.29,174.0,19.73,3.0,1,246.08
p1_E_N1.3,180.0,14.77,4.0,1,221.0
p1_N2_W.3,183.0,16.39,4.0,1,227.12
p1_N2_S2.10,200.0,22.47,12.0,1,195.64
p1_S2_N2.10,200.0,20.23,8.0,1,187.67
p1_N2_S2.11,220.0,5.9,0.0,0,150.49
p1_S2_N2.11,220.0,6.86,0.0,0,162.04
p1_E_W.13,188.0,22.38,8.0,1,233.47
p1_E_W.14,202.0,10.21,0.0,0,217.09
p1_W_E.30,180.0,24.64,12.0,1,247.56
p1_W_S2.3,183.0,27.37,11.0,1,265.38
p1_N1_S1.11,220.0,22.83,10.0,1,193.03
p1_N1_S1.12,240.0,6.03,0.0,0,153.97
p1_W_E.31,186.0,18.39,4.0,1,233.19
p1_S1_N1.11,220.0,16.67,4.0,1,179.38
p1_S1_E.3,183.0,43.61,16.0,2,295.72
p1_W_E.32,192.0,38.03,14.0,1,282.87
p1_S1_N1.12,240.0,11.38,0.0,0,174.49
p1_W_E.33,198.0,19.94,6.0,1,234.99
p1_W_E.34,204.0,29.95,5.0,1,243.36
p1_W_E.35,210.0,16.74,0.0,0,242.7
p1_E_W.15,216.0,20.48,9.0,1,242.76
p1_S2_N2.12,240.0,18.92,7.0,1,190.13
p1_E_W.16,231.0,7.44,0.0,0,202.49
p1_N2_S2.12,240.0,16.47,5.0,1,185.49
p1_N2_S2.13,260.0,5.97,0.0,0,154.08
p1_S2_N2.13,260.0,5.08,0.0,0,155.78
p1_W_E.36,216.0,33.68,14.0,1,289.85
p1_W_E.37,222.0,27.5,12.0,1,258.6
p1_W_E.38,228.0,26.8,12.0,1,244.18
p1_N1_S1.13,260.0,18.65,8.0,1,191.61
p1_S1_N1.13,260.0,20.76,8.0,1,193.42
p1_W_E.39,234.0,20.55,6.0,1,230.39
p1_N1_S1.14,280.0,5.62,0.0,0,147.72
p1_W_E.40,240.0,21.3,4.0,1,254.77
p1_W_S2.4,243.0,21.57,4.0,1,261.31
p1_S1_N1.14,280.0,5.96,0.0,0,152.0
p1_W_E.41,246.0,16.93,1.0,1,242.79
p1_W_E.42,252.0,10.59,0.0,0,216.6
p1_E_W.17,245.0,25.74,10.0,1,244.12
p1_E_N1.4,240.0,23.1,11.0,1,236.08
p1_W_E.43,258.0,13.01,0.0,0,215.4
p1_N2_W.4,243.0,23.65,4.0,2,245.25
p1_E_W.18,260.0,18.58,1.0,1,252.14
p1_S2_N2.14,280.0,17.99,7.0,1,192.64
p1_E_W.19,274.0,6.7,0.0,0,195.24
p1_N2_S2.14,280.0,12.41,1.0,1,172.62
p1_W_E.44,264.0,22.5,10.0,1,234.34
p1_S1_E.4,243.0,48.36,31.0,2,297.59
p1_W_E.45,270.0,26.76,9.0,1,263.61
p1_W_E.46,276.0,22.51,6.0,1,256.74
p1_S1_N1.15,300.0,18.09,8.0,1,188.27
p1_W_E.47,282.0,18.29,1.0,1,267.06
p1_N1_S1.15,300.0,15.44,5.0,1,173.79
p1_N1_S1.16,320.0,5.78,0.0,0,149.34
p1_W_E.48,288.0,7.99,0.0,0,197.77
p1_S1_N1.16,320.0,5.44,0.0,0,152.3
p1_W_E.49,294.0,12.59,0.0,0,215.16
p1_N2_S2.15,300.0,28.23,16.0,1,196.73
p1_S2_N2.15,300.0,28.59,18.0,1,196.67
p1_N2_S2.16,320.0,14.31,2.0,1,177.6
p1_S2_N2.16,320.0,8.77,0.0,0,168.57
p1_W_E.50,300.0,21.46,10.0,1,234.8
p1_E_W.20,288.0,21.18,9.0,1,241.32
p1_E_N1.5,300.0,16.39,1.0,1,228.94
p1_W_S2.5,303.0,20.86,8.0,1,241.22
p1_E_W.21,303.0,22.32,1.0,1,266.47
p1_W_E.51,306.0,20.1,7.0,1,233.15
p1_S1_E.5,303.0,24.49,4.0,1,253.55
p1_E_W.22,317.0,6.62,0.0,0,201.62
p1_N2_S2.17,340.0,16.74,6.0,1,186.84
p1_S2_N2.17,340.0,17.13,6.0,1,192.11
p1_S1_N1.17,340.0,20.81,8.0,1,185.93
p1_N1_S1.17,340.0,18.56,7.0,1,185.63
p1_S1_N1.18,360.0,5.52,0.0,0,150.15
p1_N1_S1.18,360.0,6.02,0.0,0,150.86
p1_W_E.52,312.0,30.91,14.0,2,264.96
p1_N2_W.5,303.0,48.46,30.0,2,300.4
p1_W_E.53,318.0,33.25,11.0,2,275.8
p1_W_E.54,324.0,29.98,5.0,1,284.53
p1_W_E.55,330.0,23.19,5.0,1,248.71
p1_E_W.23,332.0,18.35,5.0,1,238.35
p1_W_E.56,336.0,20.1,4.0,1,238.81
p1_N2_S2.18,360.0,22.2,11.0,1,199.87
p1_S2_N2.18,360.0,22.19,11.0,1,192.38
p1_S2_N2.19,380.0,5.54,0.0,0,153.17
p1_N2_S2.19,380.0,5.43,0.0,0,144.94
p1_E_W.24,346.0,24.65,14.0,1,241.78
p1_W_E.57,342.0,32.03,14.0,2,256.66
p1_E_W.25,360.0,10.47,0.0,0,213.68
p1_W_E.58,348.0,24.68,13.0,1,239.72
p1_W_E.59,354.0,20.46,8.0,1,236.57
p1_S1_N1.19,380.0,23.77,12.0,1,193.04
p1_N1_S1.19,380.0,17.23,6.0,1,182.52
p1_S1_N1.20,400.0,6.06,0.0,0,148.26
p1_N1_S1.20,400.0,7.19,0.0,0,150.43
p1_W_S2.6,363.0,21.89,0.0,0,244.03
p1_W_E.60,360.0,12.05,0.0,0,218.89
p1_W_E.61,366.0,27.37,0.0,0,265.94
p1_W_E.62,372.0,23.15,0.0,0,269.79
p1_E_N1.6,363.0,25.24,12.0,1,239.87
p1_S2_N2.20,400.0,18.56,6.0,1,188.47
p1_N2_W.6,363.0,29.3,11.0,2,257.87
p1_N2_S2.20,400.0,17.76,7.0,1,185.13
p1_E_W.26,375.0,24.14,10.0,1,245.0
p1_S2_N2.21,420.0,5.48,0.0,0,147.91
p1_E_W.27,389.0,7.72,0.0,0,196.39
p1_W_E.63,378.0,32.29,13.0,1,271.22
p1_W_E.64,384.0,21.33,10.0,1,239.87
p1_N1_S1.21,420.0,17.22,6.0,1,185.79
p1_S1_N1.21,420.0,18.12,6.0,1,188.8
p1_W_E.65,390.0,27.57,7.0,1,251.67
p1_S1_E.6,363.0,43.7,24.0,2,276.68
p1_W_E.66,396.0,25.96,6.0,1,259.71
p1_W_E.67,402.0,24.07,3.0,1,260.0
p1_W_E.68,408.0,19.88,0.0,0,253.94
p1_W_E.69,414.0,15.58,0.0,0,232.52
p1_W_E.70,420.0,11.26,0.0,0,222.12
p1_W_S2.7,423.0,9.59,0.0,0,219.42
p1_S1_N1.22,440.0,23.4,14.0,1,201.27
p1_N1_S1.22,440.0,23.86,11.0,1,192.62
p1_S2_N2.22,440.0,23.09,13.0,1,193.15
p1_S1_N1.23,460.0,5.26,0.0,0,161.35
p1_S2_N2.23,460.0,7.04,0.0,0,148.72
p1_N1_S1.23,460.0,5.56,0.0,0,154.22
p1_N2_S2.21,420.0,39.07,27.0,1,208.31
p1_N2_S2.22,440.0,26.57,13.0,1,202.01
p1_N2_S2.23,460.0,6.09,0.0,0,143.81
p1_S1_E.7,423.0,33.19,13.0,2,263.89
p1_E_N1.7,421.0,37.49,14.0,2,275.32
p1_W_E.71,426.0,29.71,12.0,1,258.76
p1_E_W.28,404.0,39.54,23.0,2,277.98
p1_E_W.29,418.0,44.79,16.0,2,284.28
p1_W_E.72,432.0,23.54,6.0,1,246.99
p1_E_W.30,432.0,32.53,10.0,1,264.21
p1_W_E.73,438.0,26.55,5.0,1,268.66
p1_W_E.74,444.0,22.3,0.0,0,265.64
p1_E_W.31,447.0,19.31,1.0,1,239.64
p1_W_E.75,450.0,13.82,0.0,0,228.18
p1_N2_W.7,423.0,44.04,27.0,1,260.85
p1_W_E.76,456.0,21.73,10.0,1,243.14
p1_S1_N1.24,480.0,19.55,8.0,1,200.84
p1_N1_S1.24,480.0,18.66,6.0,1,178.92
p1_N1_S1.25,500.0,5.65,0.0,0,149.37
p1_S2_N2.24,480.0,25.88,15.0,1,200.63
p1_S2_N2.25,500.0,7.74,0.0,0,163.21
p1_E_W.32,461.0,29.93,10.0,2,257.49
p1_E_W.33,476.0,17.06,3.0,1,228.14
p1_N2_S2.24,480.0,18.21,7.0,1,184.65
p1_N2_S2.25,500.0,15.69,0.0,0,179.23
p1_E_N1.8,480.0,13.42,0.0,0,227.92
p1_E_W.34,490.0,7.54,0.0,0,202.3
p1_W_E.77,462.0,32.82,14.0,2,265.14
p1_W_E.78,468.0,27.47,11.0,1,266.24
p1_W_E.79,474.0,21.27,9.0,1,231.84
p1_W_E.80,480.0,19.75,5.0,1,232.92
p1_W_S2.8,483.0,19.57,4.0,1,240.16
p1_W_E.81,486.0,18.24,3.0,1,235.98
p1_N2_W.8,483.0,24.87,5.0,1,237.95
p1_N2_S2.26,520.0,17.05,6.0,1,190.13
p1_S2_N2.26,520.0,15.1,5.0,1,186.71
p1_S1_N1.25,500.0,37.77,27.0,1,212.97
p1_N1_S1.26,520.0,15.88,5.0,1,179.86
p1_S1_N1.26,520.0,25.4,11.0,1,201.37
p1_N1_S1.27,540.0,7.23,0.0,0,163.97
p1_S1_N1.27,540.0,7.24,0.0,0,160.81
p1_S1_E.8,483.0,39.97,16.0,2,281.45
p1_W_E.82,492.0,39.98,19.0,2,287.47
p1_E_W.35,504.0,24.36,7.0,2,248.99
p1_E_W.36,519.0,12.79,0.0,0,224.2
p1_W_E.83,498.0,27.36,8.0,2,253.1
p1_W_E.84,504.0,34.43,6.0,1,271.75
p1_N2_S2.27,540.0,20.45,11.0,1,186.59
p1_S2_N2.27,540.0,21.1,9.0,1,187.01
p1_N2_S2.28,560.0,6.38,0.0,0,149.31
p1_S2_N2.28,560.0,6.58,0.0,0,158.9
p1_E_W.37,533.0,16.67,6.0,1,236.82
p1_W_E.85,510.0,36.05,19.0,2,270.62
p1_W_E.86,516.0,33.35,14.0,2,254.8
p1_W_E.87,522.0,31.85,12.0,1,267.76
p1_N1_S1.28,560.0,19.85,8.0,1,182.23
p1_S1_N1.28,560.0,22.62,12.0,1,190.98
p1_W_E.88,528.0,30.33,13.0,1,281.97
p1_N1_S1.29,580.0,6.16,0.0,0,148.52
p1_S1_N1.29,580.0,6.28,0.0,0,153.66
p1_W_E.89,534.0,31.55,10.0,1,286.51
p1_W_S2.9,543.0,26.46,0.0,0,233.98
p1_E_W.38,548.0,27.18,10.0,1,247.65
p1_W_E.90,540.0,10.86,0.0,0,213.31
p1_N2_W.9,543.0,34.22,14.0,2,267.82
p1_E_N1.9,540.0,25.11,12.0,1,243.55
p1_W_E.91,546.0,30.7,0.0,0,246.39
p1_W_E.92,552.0,13.41,0.0,0,226.75
p1_E_W.39,562.0,12.73,0.0,0,232.66
p1_W_E.93,558.0,24.06,0.0,0,246.01
p1_S2_N2.29,580.0,23.19,12.0,1,194.78
p1_W_E.94,564.0,19.8,0.0,0,240.05
p1_E_W.40,576.0,6.8,0.0,0,190.28
p1_S2_N2.30,600.0,5.77,0.0,0,152.53
p1_N2_S2.29,580.0,15.65,5.0,1,183.63
p1_N2_S2.30,600.0,6.84,0.0,0,155.86
p1_S1_E.9,543.0,49.32,32.0,2,292.22
p1_N1_S1.30,600.0,17.43,7.0,1,185.28
p1_S1_N1.30,600.0,16.33,5.0,1,175.23
p1_W_E.95,570.0,23.51,11.0,1,235.49
p1_W_E.96,576.0,18.71,5.0,1,220.71
p1_W_E.97,582.0,21.94,3.0,1,253.22
p1_W_E.98,588.0,13.78,0.0,0,228.29
p1_E_W.41,591.0,17.55,6.0,1,235.91
p1_W_E.99,594.0,14.31,0.0,0,258.2
p1_W_E.100,600.0,10.01,0.0,0,224.55
p1_W_S2.10,603.0,8.41,0.0,0,204.08
p1_W_E.101,606.0,7.66,0.0,0,192.43
p1_N1_S1.31,620.0,23.49,11.0,1,193.84
p1_S1_N1.31,620.0,23.31,12.0,1,192.62
p1_S1_N1.32,640.0,5.27,0.0,0,150.81
p1_N2_S2.31,620.0,26.61,16.0,1,199.38
p1_S2_N2.31,620.0,22.48,12.0,1,188.55
p1_N1_S1.32,640.0,6.26,0.0,0,150.23
p1_N2_S2.32,640.0,8.43,0.0,0,165.02
p1_S2_N2.32,640.0,7.81,0.0,0,147.83
p1_E_N1.10,600.0,35.13,17.0,2,282.01
p1_E_W.42,605.0,32.05,13.0,2,274.4
p1_S1_E.10,603.0,26.46,10.0,2,255.1
p1_W_E.102,612.0,23.5,5.0,1,262.1
p1_E_W.43,620.0,17.66,4.0,1,230.63
p1_W_E.103,618.0,24.7,2.0,1,285.65
p1_W_E.104,624.0,20.48,0.0,0,272.07
p1_N2_W.10,603.0,42.49,26.0,1,275.39
p1_W_E.105,630.0,16.16,0.0,0,258.11
p1_N2_S2.33,660.0,15.46,6.0,1,188.05
p1_S2_N2.33,660.0,15.17,5.0,1,179.73
p1_S1_N1.33,660.0,20.1,9.0,1,192.05
p1_N1_S1.33,660.0,16.66,6.0,1,181.38
p1_N1_S1.34,680.0,5.68,0.0,0,149.15
p1_W_E.106,636.0,28.4,10.0,2,264.93
p1_W_E.107,642.0,25.73,5.0,2,261.9
p1_E_W.44,634.0,36.78,17.0,2,275.49
p1_W_E.108,648.0,23.69,1.0,1,268.52
p1_E_W.45,648.0,25.26,6.0,1,263.28
p1_W_E.109,654.0,19.37,0.0,0,264.19
p1_N2_W.11,663.0,15.47,2.0,1,231.53
p1_N2_S2.34,680.0,20.91,11.0,1,197.57
p1_E_N1.11,660.0,9.76,0.0,0,214.82
p1_S2_N2.34,680.0,19.27,8.0,1,187.48
p1_N2_S2.35,700.0,6.05,0.0,0,157.67
p1_S2_N2.35,700.0,6.61,0.0,0,148.74
p1_N1_S1.35,700.0,15.17,5.0,1,191.26
p1_S1_N1.34,680.0,33.29,22.0,1,212.44
p1_W_E.110,660.0,22.79,9.0,1,238.55
p1_S1_N1.35,700.0,18.35,5.0,1,199.03
p1_S1_E.11,663.0,36.99,11.0,2,283.38
p1_W_E.111,666.0,36.32,12.0,1,270.61
p1_W_S2.11,663.0,27.06,12.0,1,257.95
p1_E_W.46,663.0,43.35,22.0,2,296.35
p1_E_W.47,677.0,31.68,13.0,2,275.63
p1_W_E.112,672.0,17.97,3.0,1,230.12
p1_E_W.48,692.0,23.67,11.0,1,250.05
p1_S2_N2.36,720.0,17.71,5.0,1,185.02
p1_W_E.113,678.0,38.58,3.0,1,256.91
p1_N2_S2.36,720.0,17.33,5.0,1,184.76
p1_W_E.114,684.0,34.39,2.0,1,264.35
p1_W_E.115,690.0,30.12,0.0,0,262.31
p1_N1_S1.36,720.0,24.67,13.0,1,201.5
p1_W_E.116,696.0,32.85,10.0,1,263.63
p1_W_E.117,702.0,28.99,8.0,1,263.52
p1_S1_N1.36,720.0,20.33,10.0,1,184.1
p1_N1_S1.37,740.0,6.24,0.0,0,147.88
p1_W_E.118,708.0,23.38,9.0,1,249.49
p1_S1_N1.37,740.0,15.2,0.0,0,187.62
p1_W_E.119,714.0,18.98,4.0,1,242.93
p1_W_E.120,720.0,10.85,0.0,0,216.73
p1_W_S2.12,723.0,17.12,0.0,0,240.14
p1_E_N1.12,723.0,19.74,5.0,1,226.56
p1_E_W.49,706.0,21.88,8.0,1,233.18
p1_E_W.50,720.0,26.24,7.0,1,240.55
p1_N2_W.12,723.0,23.44,3.0,1,257.37
p1_S2_N2.37,740.0,26.51,14.0,1,200.25
p1_E_W.51,735.0,16.53,4.0,1,228.38
p1_N2_S2.37,740.0,18.93,7.0,1,189.73
p1_S2_N2.38,760.0,6.77,0.0,0,156.74
p1_W_E.121,726.0,33.56,12.0,1,272.25
p1_N2_S2.38,760.0,20.96,0.0,0,200.17
p1_N1_S1.38,760.0,22.59,13.0,1,197.68
p1_S1_N1.38,760.0,22.27,11.0,1,200.37
p1_W_E.122,732.0,27.2,12.0,1,244.64
p1_S1_N1.39,780.0,5.86,0.0,0,155.71
p1_S1_E.12,723.0,42.41,17.0,2,285.83
p1_W_E.123,738.0,23.18,7.0,1,248.81
p1_N1_S1.39,780.0,5.85,0.0,0,147.68
p1_W_E.124,744.0,15.42,3.0,1,235.67
p1_E_W.52,749.0,25.17,12.0,1,239.45
p1_W_E.125,750.0,24.42,1.0,1,255.59
p1_W_E.126,756.0,20.15,0.0,0,237.54
p1_N2_S2.39,780.0,19.72,8.0,1,185.17
p1_S2_N2.39,780.0,19.24,6.0,1,192.16
p1_W_E.127,762.0,29.07,14.0,1,255.3
p1_E_W.53,764.0,13.03,0.0,0,218.54
p1_E_W.54,778.0,17.57,0.0,0,218.12
p1_N1_S1.40,800.0,18.53,7.0,1,183.18
p1_S1_N1.40,800.0,18.58,8.0,1,189.26
p1_S1_N1.41,820.0,5.21,0.0,0,148.64
p1_N2_S2.40,800.0,23.22,14.0,1,198.51
p1_N1_S1.41,820.0,5.87,0.0,0,149.75
p1_N2_S2.41,820.0,8.15,0.0,0,168.64
p1_S2_N2.40,800.0,19.15,7.0,1,180.1
p1_S2_N2.41,820.0,8.88,0.0,0,160.4
p1_E_N1.13,781.0,20.62,7.0,1,237.44
p1_N2_W.13,783.0,24.21,6.0,2,263.2
p1_E_W.55,792.0,16.14,3.0,1,218.49
p1_W_E.128,768.0,37.82,19.0,2,264.11
p1_W_E.129,774.0,52.12,16.0,2,272.64
p1_E_W.56,807.0,9.84,0.0,0,211.45
p1_W_E.130,780.0,38.87,12.0,2,274.2
p1_W_S2.13,783.0,35.4,10.0,2,263.67
p1_W_E.131,786.0,35.35,5.0,1,266.1
p1_W_E.132,792.0,39.52,5.0,1,272.74
p1_N2_S2.42,840.0,16.53,6.0,1,183.68
p1_S2_N2.42,840.0,16.31,6.0,1,184.56
p1_S1_N1.42,840.0,18.72,7.0,1,185.79
p1_N1_S1.42,840.0,19.14,9.0,1,187.69
p1_N1_S1.43,860.0,5.65,0.0,0,145.66
p1_W_E.133,798.0,49.65,18.0,2,292.18
p1_W_E.134,804.0,42.52,17.0,2,271.91
p1_E_W.57,821.0,29.22,12.0,2,260.33
p1_S1_E.13,783.0,65.18,37.0,3,327.27
p1_E_W.58,836.0,17.31,3.0,1,229.43
p1_W_E.135,810.0,44.81,20.0,2,287.91
p1_W_E.136,816.0,40.57,15.0,2,293.81
p1_E_N1.14,840.0,12.4,0.0,0,214.75
p1_S2_N2.43,860.0,20.03,9.0,1,196.78
p1_S2_N2.44,880.0,5.78,0.0,0,151.8
p1_N2_S2.43,860.0,17.02,7.0,1,189.7
p1_N2_S2.44,880.0,10.55,0.0,0,157.02
p1_W_E.137,822.0,51.68,25.0,3,304.01
p1_N2_W.14,843.0,11.27,0.0,0,205.92
p1_E_W.59,850.0,25.85,9.0,1,254.87
p1_E_W.60,864.0,10.72,0.0,0,210.77
p1_N1_S1.44,880.0,20.04,8.0,1,191.95
p1_W_S2.14,843.0,39.35,9.0,1,261.29
p1_S1_N1.43,860.0,36.56,25.0,1,209.2
p1_S1_N1.44,880.0,22.49,10.0,1,196.64
p1_W_E.138,828.0,30.49,12.0,1,259.3
p1_S1_N1.45,900.0,8.0,0.0,0,172.26
p1_N1_S1.45,900.0,6.31,0.0,0,155.78
p1_W_E.139,834.0,43.0,12.0,1,276.09
p1_W_E.140,840.0,50.5,11.0,1,297.56
p1_W_E.141,846.0,45.89,10.0,1,280.86
p1_S1_E.14,843.0,50.74,16.0,2,311.17
p1_W_E.142,852.0,43.88,14.0,2,304.35
p1_W_E.143,858.0,30.7,4.0,2,276.87
p1_W_E.144,864.0,28.98,1.0,1,266.08
p1_W_E.145,870.0,31.57,1.0,1,287.49
p1_S2_N2.45,900.0,22.27,11.0,1,189.71
p1_W_E.146,876.0,18.31,0.0,0,253.1
p1_S2_N2.46,920.0,5.92,0.0,0,148.35
p1_N2_S2.45,900.0,18.37,7.0,1,179.05
p1_N2_S2.46,920.0,6.46,0.0,0,148.48
p1_N1_S1.46,920.0,16.1,5.0,1,185.87
p1_S1_N1.46,920.0,18.64,6.0,1,188.19
p1_E_W.61,879.0,9.3,0.0,0,219.31
p1_W_E.147,882.0,25.56,14.0,1,239.69
p1_W_E.148,888.0,33.28,13.0,1,263.47
p1_E_W.62,893.0,28.46,0.0,0,229.24
p1_W_E.149,894.0,28.94,7.0,1,271.99
p1_W_E.150,900.0,24.65,4.0,1,273.13
p1_W_E.151,906.0,21.07,0.0,0,236.9
p1_E_N1.15,900.0,28.2,13.0,1,248.43
p1_E_W.63,908.0,21.81,9.0,1,239.46
p1_W_S2.15,903.0,13.87,0.0,0,236.39
p1_W_E.152,912.0,12.09,0.0,0,218.47
p1_W_E.153,918.0,15.17,0.0,0,228.7
p1_N2_W.15,903.0,23.82,7.0,1,249.02
p1_W_E.154,924.0,7.52,0.0,0,200.37
p1_S1_E.15,903.0,34.67,21.0,1,257.31
p1_S1_N1.47,940.0,22.14,10.0,1,197.42
p1_N1_S1.47,940.0,22.32,10.0,1,192.86
p1_S2_N2.47,940.0,24.49,12.0,1,198.44
p1_N2_S2.47,940.0,24.98,14.0,1,199.18
p1_N1_S1.48,960.0,4.91,0.0,0,156.06
p1_N2_S2.48,960.0,6.76,0.0,0,150.91
p1_S2_N2.48,960.0,5.29,0.0,0,152.48
p1_E_W.64,922.0,31.92,14.0,2,270.63
p1_W_E.155,930.0,25.78,9.0,2,264.33
p1_E_W.65,936.0,19.85,6.0,1,232.7
p1_E_W.66,951.0,6.84,0.0,0,199.31
p1_W_E.156,936.0,16.46,1.0,1,238.59
p1_W_E.157,942.0,19.66,0.0,0,259.93
p1_W_E.158,948.0,15.46,0.0,0,245.74
p1_N2_W.16,963.0,7.99,0.0,0,206.65
p1_N1_S1.49,980.0,18.93,8.0,1,183.78
p1_N2_S2.49,980.0,20.51,9.0,1,196.8
p1_S2_N2.49,980.0,18.93,6.0,1,181.33
p1_S1_N1.48,960.0,32.55,22.0,1,202.23
p1_S1_N1.49,980.0,25.75,11.0,1,203.88
p1_N1_S1.50,1000.0,6.03,0.0,0,149.39
p1_N2_S2.50,1000.0,5.77,0.0,0,146.92
p1_E_N1.16,960.0,28.41,12.0,2,263.34
p1_E_W.67,965.0,26.7,7.0,2,264.98
p1_W_E.159,954.0,36.26,18.0,2,274.82
p1_W_E.160,960.0,34.63,16.0,2,281.55
p1_E_W.68,980.0,14.62,0.0,0,217.41
p1_W_S2.16,963.0,29.78,9.0,2,262.75
p1_W_E.161,966.0,26.28,7.0,2,252.11
p1_W_E.162,972.0,32.01,4.0,1,262.77
p1_W_E.163,978.0,27.71,3.0,1,264.41
p1_W_E.164,984.0,14.91,0.0,0,229.52
p1_N2_S2.51,1020.0,7.47,0.0,0,163.15
p1_N1_S1.51,1020.0,14.47,4.0,1,187.93
p1_S2_N2.50,1000.0,28.12,17.0,1,195.7
p1_S2_N2.51,1020.0,17.0,2.0,1,184.67
p1_S1_N1.50,1000.0,32.05,21.0,1,205.0
p1_S1_N1.51,1020.0,20.03,5.0,1,190.2
p1_S1_E.16,963.0,55.89,33.0,2,307.09
p1_E_W.69,994.0,32.21,15.0,2,274.79
p1_W_E.165,990.0,35.65,15.0,2,267.54
p1_E_W.70,1008.0,19.97,4.0,1,241.12
p1_W_E.166,996.0,33.88,9.0,2,291.43
p1_E_N1.17,1020.0,10.23,0.0,0,215.32
p1_N2_W.17,1023.0,10.32,0.0,0,221.24
p1_W_E.167,1002.0,11.42,0.0,0,218.44
p1_N1_S1.52,1040.0,19.31,9.0,1,185.36
p1_W_E.168,1008.0,22.7,0.0,0,239.14
p1_S1_N1.52,1040.0,17.82,7.0,1,183.27
p1_W_E.169,1014.0,29.61,0.0,0,247.81
p1_S1_N1.53,1060.0,5.75,0.0,0,147.89
p1_N1_S1.53,1060.0,5.87,0.0,0,153.58
p1_W_E.170,1020.0,18.78,0.0,0,232.16
p1_N2_S2.52,1040.0,27.67,17.0,1,200.39
p1_S2_N2.52,1040.0,22.67,11.0,1,184.26
p1_E_W.71,1023.0,28.89,11.0,2,268.31
p1_N2_S2.53,1060.0,7.14,0.0,0,154.54
p1_S2_N2.53,1060.0,14.28,0.0,0,179.45
p1_E_W.72,1037.0,17.11,0.0,0,239.78
p1_E_W.73,1052.0,7.2,0.0,0,199.13
p1_S1_E.17,1023.0,30.34,11.0,2,258.15
p1_W_E.171,1026.0,33.74,7.0,1,266.91
p1_W_E.172,1032.0,34.24,6.0,1,269.95
p1_W_E.173,1038.0,27.77,2.0,1,272.3
p1_W_S2.17,1023.0,26.55,9.0,2,260.2
p1_S2_N2.54,1080.0,18.69,6.0,1,192.89
p1_N2_S2.54,1080.0,14.51,5.0,1,177.1
p1_S1_N1.54,1080.0,26.61,14.0,1,207.09
p1_S1_N1.55,1100.0,10.32,0.0,0,173.67
p1_W_E.174,1044.0,40.49,23.0,2,290.01
p1_W_E.175,1050.0,45.17,20.0,2,294.97
p1_N1_S1.54,1080.0,16.0,6.0,1,179.98
p1_W_E.176,1056.0,40.84,16.0,2,304.91
p1_E_W.74,1066.0,31.64,16.0,2,265.35
p1_N1_S1.55,1100.0,19.03,0.0,0,178.24
p1_W_E.177,1062.0,24.89,6.0,1,255.02
p1_E_W.75,1080.0,15.11,2.0,1,223.2
p1_E_N1.18,1083.0,18.91,2.0,1,235.5
p1_N2_W.18,1083.0,21.06,4.0,1,239.5
p1_N2_S2.55,1100.0,22.38,12.0,1,194.69
p1_S2_N2.55,1100.0,21.63,10.0,1,192.25
p1_S2_N2.56,1120.0,9.08,0.0,0,168.07
p1_E_W.76,1095.0,17.16,5.0,1,230.73
p1_E_W.77,1109.0,7.56,0.0,0,202.66
p1_W_E.178,1068.0,44.02,18.0,2,289.43
p1_W_E.179,1074.0,45.62,17.0,2,295.42
p1_S1_N1.56,1120.0,22.61,12.0,1,195.45
p1_W_E.180,1080.0,41.38,14.0,2,280.77
p1_W_S2.18,1083.0,39.53,14.0,2,263.73
p1_W_E.181,1086.0,38.12,14.0,2,261.62
p1_N1_S1.56,1120.0,19.85,10.0,1,186.77
p1_W_E.182,1092.0,34.08,10.0,2,259.0
p1_S1_N1.57,1140.0,5.62,0.0,0,146.12
p1_S1_E.18,1083.0,40.9,20.0,2,278.51
p1_W_E.183,1098.0,33.93,11.0,1,277.86
p1_W_E.184,1104.0,29.65,7.0,1,276.12
p1_W_E.185,1110.0,25.39,1.0,1,264.88
p1_W_E.186,1116.0,21.16,0.0,0,250.86
p1_E_W.78,1124.0,12.8,1.0,1,215.93
p1_S2_N2.57,1140.0,20.63,10.0,1,194.79
p1_S2_N2.58,1160.0,12.84,0.0,0,179.38
p1_N2_S2.56,1120.0,37.92,26.0,1,211.12
p1_E_W.79,1138.0,7.5,0.0,0,196.28
p1_N2_S2.57,1140.0,35.75,15.0,1,221.67
p1_N2_S2.58,1160.0,17.68,0.0,0,190.12
p1_S1_E.19,1143.0,13.21,0.0,0,239.61
p1_S1_N1.58,1160.0,18.19,7.0,1,188.62
p1_N1_S1.57,1140.0,31.83,21.0,1,204.59
p1_N1_S1.58,1160.0,25.97,8.0,1,197.87
p1_N1_S1.59,1180.0,7.64,0.0,0,151.1
p1_E_W.80,1152.0,19.87,8.0,1,231.35
p1_E_N1.19,1141.0,23.72,12.0,1,240.89
p1_W_S2.19,1143.0,28.21,6.0,1,256.11
p1_N2_W.19,1143.0,27.81,12.0,1,247.42
p1_W_E.187,1122.0,25.59,11.0,1,240.27
p1_W_E.188,1128.0,36.72,11.0,1,260.56
p1_W_E.189,1134.0,46.21,10.0,1,279.89
p1_E_W.81,1167.0,10.0,0.0,0,205.88
p1_S2_N2.59,1180.0,21.17,10.0,1,182.99
p1_W_E.190,1140.0,32.98,6.0,1,271.4
p1_N2_S2.59,1180.0,18.9,6.0,1,186.52
p1_S2_N2.60,1200.0,5.48,0.0,0,150.0
p1_E_W.82,1181.0,6.49,0.0,0,199.57
p1_W_E.191,1146.0,47.32,19.0,2,303.08
p1_W_E.192,1152.0,40.98,14.0,2,282.68
p1_W_E.193,1158.0,40.36,11.0,1,259.61
p1_W_E.194,1164.0,35.97,11.0,1,259.07
p1_W_E.195,1170.0,25.8,9.0,1,260.71
p1_S1_N1.59,1180.0,42.89,33.0,1,221.63
p1_N1_S1.60,1200.0,22.41,13.0,1,184.78
p1_W_E.196,1176.0,27.49,5.0,1,267.29
p1_S1_N1.60,1200.0,27.64,16.0,1,200.32
p1_N1_S1.61,1220.0,8.17,0.0,0,157.1
p1_W_E.197,1182.0,19.06,0.0,0,246.54
p1_S1_N1.61,1220.0,9.59,0.0,0,167.33
p1_S2_N2.61,1220.0,6.46,0.0,0,145.49
p1_E_W.83,1196.0,20.28,8.0,1,241.18
p1_N2_S2.60,1200.0,26.43,16.0,1,196.21
p1_N2_S2.61,1220.0,20.02,5.0,1,185.26
p1_E_N1.20,1200.0,19.71,5.0,1,254.16
p1_E_W.84,1210.0,11.62,0.0,0,224.32
p1_W_E.198,1188.0,36.49,12.0,1,286.98
p1_W_S2.20,1203.0,26.95,9.0,1,251.35
p1_W_E.199,1194.0,23.45,10.0,1,236.87
p1_W_E.200,1200.0,32.82,10.0,1,246.7
p1_N1_S1.62,1240.0,15.59,5.0,1,179.31
p1_S1_N1.62,1240.0,15.19,6.0,1,189.04
p1_N2_S2.62,1240.0,16.64,7.0,1,184.2
p1_S2_N2.62,1240.0,16.24,6.0,1,184.59
p1_N2_S2.63,1260.0,5.33,0.0,0,154.41
p1_N2_W.20,1203.0,43.35,20.0,2,281.77
p1_W_E.201,1206.0,44.33,21.0,2,273.39
p1_S1_E.20,1203.0,46.63,26.0,2,285.57
p1_E_W.85,1224.0,20.73,8.0,1,223.65
p1_E_W.86,1239.0,14.95,0.0,0,237.88
p1_W_E.202,1212.0,30.38,12.0,2,263.85
p1_W_E.203,1218.0,35.2,8.0,2,267.89
p1_N2_S2.64,1280.0,6.01,0.0,0,162.14
p1_N1_S1.63,1260.0,26.23,14.0,1,205.24
p1_S1_N1.63,1260.0,25.76,15.0,1,196.8
p1_S2_N2.63,1260.0,21.71,9.0,1,190.54
p1_S2_N2.64,1280.0,9.01,0.0,0,157.58
p1_S1_N1.64,1280.0,10.26,0.0,0,171.85
p1_W_E.204,1224.0,52.01,19.0,3,294.71
p1_N1_S1.64,1280.0,6.46,0.0,0,147.32
p1_W_E.205,1230.0,47.84,13.0,2,296.75
p1_E_W.87,1253.0,18.43,4.0,1,243.8
p1_W_E.206,1236.0,43.61,11.0,1,299.67
p1_E_N1.21,1260.0,18.73,3.0,1,250.32
p1_W_E.207,1242.0,39.7,9.0,1,275.52
p1_W_E.208,1248.0,35.59,16.0,2,286.37
p1_N2_W.21,1263.0,22.0,9.0,1,233.58
p1_W_E.209,1254.0,29.18,10.0,2,261.61
p1_W_E.210,1260.0,28.58,5.0,2,268.89
p1_W_S2.21,1263.0,23.07,3.0,1,247.92
p1_W_E.211,1266.0,21.48,2.0,1,243.17
p1_N2_S2.65,1300.0,20.45,10.0,1,189.16
p1_S1_N1.65,1300.0,22.66,11.0,1,199.61
p1_N1_S1.65,1300.0,19.3,8.0,1,190.1
p1_S2_N2.65,1300.0,15.68,5.0,1,176.82
p1_S1_N1.66,1320.0,4.94,0.0,0,146.05
p1_N2_S2.66,1320.0,6.04,0.0,0,145.48
p1_S2_N2.66,1320.0,5.76,0.0,0,150.05
p1_N1_S1.66,1320.0,6.0,0.0,0,154.43
p1_S1_E.21,1263.0,48.16,25.0,2,300.13
p1_W_E.212,1272.0,33.06,15.0,2,265.47
p1_W_E.213,1278.0,43.67,14.0,2,289.66
p1_W_E.214,1284.0,32.68,8.0,2,290.2
p1_W_E.215,1290.0,35.31,4.0,2,290.61
p1_W_E.216,1296.0,30.15,1.0,1,276.94
p1_E_W.88,1268.0,23.06,7.0,2,249.71
p1_W_E.217,1302.0,26.69,1.0,1,282.9
p1_E_W.89,1282.0,47.67,4.0,1,273.44
p1_W_E.218,1308.0,22.45,0.0,0,259.97
p1_E_W.90,1296.0,34.32,0.0,0,256.45
p1_S1_E.22,1323.0,9.21,0.0,0,224.17
p1_E_W.91,1311.0,23.18,11.0,1,242.53
p1_S1_N1.67,1340.0,23.56,13.0,1,196.09
p1_N2_S2.67,1340.0,22.57,12.0,1,195.71
p1_S2_N2.67,1340.0,18.44,6.0,1,179.21
p1_S1_N1.68,1360.0,5.75,0.0,0,149.02
p1_N2_S2.68,1360.0,5.23,0.0,0,155.14
p1_N1_S1.67,1340.0,17.4,7.0,1,181.68
p1_N1_S1.68,1360.0,11.96,0.0,0,163.79
p1_S2_N2.68,1360.0,6.42,0.0,0,149.4
p1_W_E.219,1314.0,38.87,21.0,2,282.49
p1_W_E.220,1320.0,34.71,15.0,2,271.68
p1_E_N1.22,1320.0,32.54,18.0,2,276.41
p1_W_S2.22,1323.0,33.39,14.0,2,269.87
p1_E_W.92,1325.0,26.23,11.0,1,252.39
p1_W_E.221,1326.0,30.81,12.0,2,268.76
p1_W_E.222,1332.0,30.0,8.0,1,273.22
p1_E_W.93,1340.0,22.16,6.0,1,248.47
p1_W_E.223,1338.0,25.71,7.0,1,257.9
p1_W_E.224,1344.0,21.58,4.0,1,248.79
p1_W_E.225,1350.0,17.36,1.0,1,247.36
p1_N2_W.22,1323.0,34.23,22.0,1,254.97
p1_S1_N1.69,1380.0,19.86,8.0,1,197.17
p1_N1_S1.69,1380.0,17.68,5.0,1,186.28
p1_N2_S2.69,1380.0,22.11,12.0,1,200.57
p1_N1_S1.70,1400.0,6.07,0.0,0,150.92
p1_S1_N1.70,1400.0,6.64,0.0,0,150.18
p1_N2_S2.70,1400.0,6.01,0.0,0,156.37
p1_S2_N2.69,1380.0,17.72,7.0,1,181.03
p1_S2_N2.70,1400.0,6.16,0.0,0,152.92
p1_E_W.94,1354.0,36.79,21.0,2,283.19
p1_E_W.95,1368.0,24.91,10.0,1,253.74
p1_E_N1.23,1380.0,14.84,1.0,1,226.08
p1_W_E.226,1356.0,34.36,18.0,2,265.46
p1_E_W.96,1383.0,7.72,0.0,0,202.19
p1_W_S2.23,1383.0,20.47,0.0,0,243.42
p1_N2_W.23,1383.0,22.23,10.0,1,239.31
p1_W_E.227,1362.0,15.68,1.0,1,236.53
p1_W_E.228,1368.0,41.46,1.0,1,267.69
p1_W_E.229,1374.0,37.09,0.0,0,259.07
p1_W_E.230,1380.0,18.37,0.0,0,239.09
p1_W_E.231,1386.0,28.68,0.0,0,270.47
p1_S1_E.23,1383.0,29.4,4.0,1,278.04
p1_N2_S2.71,1420.0,18.31,8.0,1,182.74
p1_S2_N2.71,1420.0,18.89,6.0,1,194.14
p1_N1_S1.71,1420.0,20.63,10.0,1,194.89
p1_N1_S1.72,1440.0,5.39,0.0,0,151.25
p1_S2_N2.72,1440.0,5.43,0.0,0,147.44
p1_S1_N1.71,1420.0,14.51,4.0,1,180.3
p1_N2_S2.72,1440.0,5.97,0.0,0,145.97
p1_S1_N1.72,1440.0,8.64,0.0,0,159.68
p1_W_E.232,1392.0,34.73,16.0,2,274.09
p1_E_W.97,1397.0,35.27,16.0,2,281.77
p1_W_E.233,1398.0,33.09,11.0,2,279.52
p1_W_E.234,1404.0,31.88,8.0,2,279.74
p1_E_W.98,1412.0,16.03,2.0,1,225.02
p1_W_E.235,1410.0,22.03,7.0,1,239.45
p1_E_W.99,1426.0,12.27,0.0,0,215.42
p1_W_E.236,1416.0,24.29,6.0,1,242.48
p1_W_E.237,1422.0,8.9,0.0,0,199.88
p1_N1_S1.73,1460.0,16.45,4.0,1,187.79
p1_N2_S2.73,1460.0,21.27,11.0,1,191.37
p1_S1_N1.73,1460.0,15.36,4.0,1,175.56
p1_S2_N2.73,1460.0,14.66,3.0,1,175.5
p1_S2_N2.74,1480.0,5.74,0.0,0,150.54
p1_E_W.100,1440.0,27.61,9.0,1,267.21
p1_E_N1.24,1443.0,26.62,9.0,1,252.36
p1_E_W.101,1455.0,12.84,0.0,0,224.47
p1_W_E.238,1428.0,26.83,8.0,2,252.31
p1_W_S2.24,1443.0,28.27,2.0,1,246.93
p1_S1_N1.74,1480.0,19.74,9.0,1,188.25
p1_W_E.239,1434.0,45.92,7.0,2,281.06
p1_W_E.240,1440.0,44.92,6.0,2,285.59
p1_S1_N1.75,1500.0,6.43,0.0,0,148.36
p1_N1_S1.74,1480.0,17.91,7.0,1,184.11
p1_W_E.241,1446.0,25.53,0.0,0,260.2
p1_N1_S1.75,1500.0,8.94,0.0,0,156.87
p1_W_E.242,1452.0,37.03,1.0,1,272.34
p1_W_E.243,1458.0,32.69,1.0,1,272.4
p1_W_E.244,1464.0,28.4,0.0,0,255.71
p1_S1_E.24,1443.0,51.03,21.0,1,307.9
p1_S2_N2.75,1500.0,15.77,4.0,1,186.21
p1_N2_W.24,1443.0,44.37,27.0,2,276.41
p1_N2_S2.74,1480.0,30.17,20.0,1,200.73
p1_N2_S2.75,1500.0,22.98,4.0,1,201.75
p1_E_W.102,1469.0,21.46,7.0,1,230.16
p1_E_W.103,1484.0,20.34,0.0,0,241.84
p1_W_E.245,1470.0,37.03,18.0,2,275.84
p1_W_E.246,1476.0,33.46,14.0,2,268.89
p1_W_E.247,1482.0,29.76,9.0,1,266.26
p1_N1_S1.76,1520.0,16.69,6.0,1,178.56
p1_S1_N1.76,1520.0,20.42,7.0,1,189.14
p1_N2_S2.76,1520.0,21.85,10.0,1,190.29
p1_S2_N2.76,1520.0,20.24,9.0,1,188.24
p1_S2_N2.77,1540.0,5.26,0.0,0,155.49
p1_N1_S1.77,1540.0,5.87,0.0,0,148.79
p1_N2_W.25,1503.0,27.38,6.0,2,263.31
p1_W_E.248,1488.0,33.4,18.0,2,278.03
p1_W_E.249,1494.0,38.95,14.0,2,288.95
p1_E_N1.25,1501.0,34.12,12.0,1,255.04
p1_E_W.104,1498.0,24.84,13.0,1,237.33
p1_W_E.250,1500.0,37.18,12.0,2,293.9
p1_E_W.105,1512.0,31.38,7.0,1,282.54
p1_W_E.251,1506.0,31.91,3.0,1,265.01
p1_W_S2.25,1503.0,28.27,6.0,2,267.47
p1_E_W.106,1527.0,19.48,0.0,0,248.65
p1_W_E.252,1512.0,31.07,3.0,1,272.39
p1_W_E.253,1518.0,31.01,2.0,1,270.9
p1_W_E.254,1524.0,26.71,2.0,1,262.43
p1_S1_E.25,1503.0,44.45,24.0,1,289.2
p1_N1_S1.78,1560.0,14.16,4.0,1,184.07
p1_S1_N1.77,1540.0,32.44,23.0,1,217.8
p1_S2_N2.78,1560.0,17.35,6.0,1,188.57
p1_S1_N1.78,1560.0,12.75,3.0,1,180.3
p1_N2_S2.77,1540.0,32.57,21.0,1,199.8
p1_N2_S2.78,1560.0,20.23,7.0,1,196.03
p1_E_W.107,1541.0,23.28,7.0,2,253.02
p1_E_W.108,1556.0,12.14,0.0,0,218.24
p1_W_E.255,1530.0,36.62,18.0,2,269.14
p1_W_E.256,1536.0,36.18,14.0,2,278.43
p1_W_E.257,1542.0,23.01,6.0,1,241.86
p1_N1_S1.79,1580.0,20.34,9.0,1,190.9
p1_W_E.258,1548.0,27.64,5.0,1,258.85
p1_E_N1.26,1560.0,8.27,0.0,0,208.72
p1_S1_N1.79,1580.0,19.79,9.0,1,194.7
p1_S2_N2.79,1580.0,23.06,12.0,1,194.94
p1_N2_S2.79,1580.0,20.71,10.0,1,178.01
p1_S2_N2.80,1600.0,6.08,0.0,0,149.75
p1_N1_S1.80,1600.0,6.16,0.0,0,143.39
p1_S1_N1.80,1600.0,6.05,0.0,0,149.32
p1_N2_W.26,1563.0,28.74,9.0,2,263.56
p1_W_E.259,1554.0,40.58,19.0,2,286.21
p1_E_W.109,1570.0,19.75,7.0,1,227.4
p1_W_E.260,1560.0,36.8,17.0,2,269.28
p1_E_W.110,1584.0,10.37,0.0,0,218.46
p1_W_S2.26,1563.0,36.53,14.0,2,265.22
p1_S1_E.26,1563.0,36.17,12.0,1,269.0
p1_W_E.261,1566.0,39.06,17.0,2,285.88
p1_W_E.262,1572.0,34.77,13.0,2,280.72
p1_W_E.263,1578.0,28.08,7.0,1,275.99
p1_W_E.264,1584.0,22.55,5.0,1,248.96
p1_S2_N2.81,1620.0,17.59,5.0,1,180.15
p1_S1_N1.81,1620.0,26.09,14.0,1,203.64
p1_N2_S2.80,1600.0,32.19,22.0,1,205.45
p1_N2_S2.81,1620.0,22.84,7.0,1,194.6
p1_N1_S1.81,1620.0,22.27,12.0,1,196.36
p1_S1_N1.82,1640.0,10.45,0.0,0,175.48
p1_N1_S1.82,1640.0,7.91,0.0,0,164.17
p1_N2_S2.82,1640.0,10.86,0.0,0,164.9
p1_W_E.265,1590.0,37.85,22.0,2,281.9
p1_W_E.266,1596.0,28.2,9.0,2,245.76
p1_E_W.111,1599.0,32.16,13.0,2,270.73
p1_W_E.267,1602.0,31.01,5.0,2,262.05
p1_W_E.268,1608.0,33.48,3.0,1,268.91
p1_E_N1.27,1620.0,22.44,8.0,1,236.81
p1_E_W.112,1613.0,30.43,10.0,1,247.67
p1_W_E.269,1614.0,30.81,2.0,1,276.58
p1_W_S2.27,1623.0,21.54,2.0,1,237.51
p1_W_E.270,1620.0,23.84,2.0,1,252.87
p1_W_E.271,1626.0,22.53,1.0,1,252.98
p1_W_E.272,1632.0,18.3,0.0,0,249.99
p1_N2_S2.83,1660.0,15.57,4.0,1,185.3
p1_N2_W.27,1623.0,18.31,4.0,1,226.81
p1_S2_N2.82,1640.0,32.63,21.0,1,205.42
p1_S2_N2.83,1660.0,19.85,4.0,1,205.38
p1_S1_N1.83,1660.0,22.37,12.0,1,194.78
p1_N1_S1.83,1660.0,21.16,12.0,1,197.75
p1_S1_E.27,1623.0,43.37,24.0,2,292.58
p1_S1_N1.84,1680.0,5.43,0.0,0,148.28
p1_W_E.273,1638.0,31.03,14.0,2,268.8
p1_N1_S1.84,1680.0,5.65,0.0,0,147.85
p1_W_E.274,1644.0,23.94,5.0,2,254.47
p1_E_W.113,1628.0,41.54,26.0,2,281.0
p1_W_E.275,1650.0,17.56,0.0,0,239.81
p1_E_W.114,1642.0,35.68,13.0,1,281.86
p1_E_W.115,1656.0,23.44,9.0,1,241.82
p1_S2_N2.84,1680.0,18.01,6.0,1,185.88
p1_N2_S2.84,1680.0,15.94,5.0,1,189.14
p1_S2_N2.85,1700.0,7.27,0.0,0,153.03
p1_N2_S2.85,1700.0,8.08,0.0,0,151.42
p1_E_W.116,1671.0,17.0,5.0,1,221.23
p1_W_E.276,1656.0,31.11,13.0,1,252.0
p1_N1_S1.85,1700.0,18.32,9.0,1,189.95
p1_W_E.277,1662.0,30.99,13.0,1,251.52
p1_W_E.278,1668.0,31.43,12.0,1,250.84
p1_W_E.279,1674.0,27.54,11.0,1,265.34
p1_S1_N1.85,1700.0,18.11,6.0,1,192.14
p1_W_E.280,1680.0,23.34,6.0,1,256.41
p1_W_S2.28,1683.0,20.64,5.0,1,251.33
p1_N1_S1.86,1720.0,6.17,0.0,0,150.5
p1_W_E.281,1686.0,19.35,3.0,1,249.01
p1_W_E.282,1692.0,14.79,0.0,0,241.54
p1_W_E.283,1698.0,11.3,0.0,0,232.31
p1_E_N1.28,1680.0,24.85,11.0,1,244.25
p1_W_E.284,1704.0,6.95,0.0,0,199.03
p1_E_W.117,1685.0,23.9,10.0,1,235.12
p1_N2_W.28,1683.0,32.16,9.0,2,267.57
p1_N2_S2.86,1720.0,17.18,6.0,1,191.56
p1_E_W.118,1700.0,16.88,4.0,1,239.21
p1_S2_N2.86,1720.0,16.61,5.0,1,187.11
p1_S1_E.28,1683.0,39.65,23.0,2,283.7
p1_W_E.285,1710.0,22.63,9.0,1,242.25
p1_S1_N1.86,1720.0,44.62,34.0,1,228.35
p1_N2_S2.87,1740.0,24.33,12.0,1,192.23
p1_S2_N2.87,1740.0,22.47,11.0,1,189.38
p1_E_W.119,1714.0,8.12,0.0,0,200.23
p1_S1_N1.87,1740.0,26.31,14.0,1,201.07
p1_N2_S2.88,1760.0,7.42,0.0,0,165.76
p1_S2_N2.88,1760.0,5.39,0.0,0,149.07
p1_N1_S1.87,1740.0,21.72,11.0,1,192.83
p1_N1_S1.88,1760.0,7.72,0.0,0,162.46
p1_S1_N1.88,1760.0,9.19,0.0,0,166.57
p1_E_W.120,1728.0,27.76,11.0,1,251.02
p1_W_E.286,1716.0,31.83,15.0,2,264.35
p1_W_E.287,1722.0,29.08,10.0,1,257.4
p1_E_N1.29,1740.0,14.07,0.0,0,233.14
p1_E_W.121,1743.0,17.38,0.0,0,234.12
p1_W_E.288,1728.0,32.47,9.0,1,260.23
p1_W_E.289,1734.0,30.06,9.0,1,246.45
p1_W_E.290,1740.0,26.24,8.0,1,250.53
p1_N2_W.29,1743.0,24.01,10.0,1,237.5
p1_W_E.291,1746.0,23.13,1.0,1,241.39
p1_W_S2.29,1743.0,19.23,2.0,1,234.57
p1_S1_E.29,1743.0,24.68,11.0,1,234.87
p1_N1_S1.89,1780.0,20.75,8.0,1,190.87
p1_N2_S2.89,1780.0,19.81,8.0,1,191.83
p1_S2_N2.89,1780.0,18.92,8.0,1,182.93
p1_S1_N1.89,1780.0,16.0,5.0,1,183.71
p2_N1_S1.0,1800.0,5.43,0.0,0,150.34
p2_S1_N1.0,1800.0,6.29,0.0,0,156.43
p2_S2_N2.0,1800.0,5.86,0.0,0,153.4
p2_N2_S2.0,1800.0,5.75,0.0,0,151.0
p1_E_W.122,1757.0,34.89,17.0,2,268.7
p1_W_E.292,1752.0,34.28,18.0,2,268.32
p1_E_W.123,1772.0,22.25,8.0,1,241.19
p1_W_E.293,1758.0,37.26,13.0,2,284.52
p1_W_E.294,1764.0,26.73,6.0,2,254.52
p1_E_W.124,1786.0,8.17,0.0,0,198.6
p1_W_E.295,1770.0,28.69,3.0,1,260.01
p1_W_E.296,1776.0,25.15,2.0,1,254.74
p2_W_N1.0,1803.0,15.37,1.0,1,189.43
p1_W_E.297,1782.0,20.84,1.0,1,248.77
p1_W_E.298,1788.0,16.24,0.0,0,251.87
p2_S1_N1.1,1820.0,14.72,5.0,1,180.31
p2_N1_S1.1,1820.0,20.18,6.0,1,190.55
p2_N2_S2.1,1820.0,17.37,8.0,1,182.56
p2_N2_S2.2,1840.0,5.97,0.0,0,153.77
p2_E_W.0,1800.0,28.76,8.0,2,262.24
p2_E_S1.0,1803.0,30.05,7.0,1,267.72
p1_W_E.299,1794.0,30.5,12.0,2,265.94
p2_W_E.0,1800.0,37.04,10.0,2,276.65
p2_E_W.1,1806.0,23.08,6.0,1,240.95
p2_W_E.1,1815.0,21.75,7.0,1,237.92
p2_N1_E.0,1803.0,37.43,26.0,2,263.75
p2_N1_S1.2,1840.0,21.91,11.0,1,189.42
p2_N1_S1.3,1860.0,6.22,0.0,0,147.91
p2_S1_N1.2,1840.0,18.11,7.0,1,179.96
p2_S1_N1.3,1860.0,9.39,0.0,0,159.17
p2_E_W.2,1812.0,40.31,17.0,2,257.61
p2_S2_N2.1,1820.0,56.66,39.0,3,243.52
p2_N2_S2.3,1860.0,16.66,6.0,1,188.51
p2_S2_N2.2,1840.0,38.5,23.0,1,218.68
p2_E_W.3,1818.0,34.42,11.0,1,254.73
p2_S2_N2.3,1860.0,20.26,6.0,1,192.48
p2_E_W.4,1824.0,35.39,11.0,1,264.83
p2_S2_W.0,1803.0,57.43,38.0,3,325.18
p2_E_W.5,1830.0,30.05,12.0,2,271.47
p2_E_W.6,1836.0,27.33,7.0,1,267.73
p2_E_W.7,1842.0,23.41,3.0,1,256.17
p2_E_W.8,1848.0,20.03,0.0,0,265.75
p2_W_E.2,1829.0,39.68,20.0,2,280.71
p2_E_W.9,1854.0,13.1,0.0,0,220.58
p2_W_E.3,1844.0,26.09,11.0,1,246.27
p2_E_W.10,1860.0,11.41,0.0,0,221.54
p2_N1_E.1,1863.0,9.01,0.0,0,213.54
p2_W_N1.1,1861.0,34.86,20.0,2,221.39
p2_W_E.4,1858.0,18.65,6.0,1,233.85
p2_E_S1.1,1863.0,16.63,3.0,1,236.49
p2_N1_S1.4,1880.0,24.59,12.0,1,195.26
p2_S1_N1.4,1880.0,24.59,12.0,1,196.86
p2_N1_S1.5,1900.0,6.46,0.0,0,156.13
p2_S1_N1.5,1900.0,6.45,0.0,0,151.64
p2_S2_N2.4,1880.0,27.06,16.0,1,206.35
p2_S2_N2.5,1900.0,8.53,0.0,0,165.52
p2_N2_S2.4,1880.0,24.2,12.0,1,190.23
p2_N2_S2.5,1900.0,11.96,0.0,0,179.76
p2_S2_W.1,1863.0,31.4,8.0,2,272.44
p2_W_E.5,1872.0,26.31,12.0,1,245.73
p2_E_W.11,1866.0,19.25,7.0,1,236.43
p2_E_W.12,1872.0,34.03,4.0,1,250.73
p2_E_W.13,1878.0,29.81,3.0,1,268.01
p2_W_N1.2,1920.0,10.1,0.0,0,167.58
p2_E_W.14,1884.0,25.6,0.0,0,268.37
p2_E_W.15,1890.0,17.4,0.0,0,252.87
p2_E_W.16,1896.0,17.06,0.0,0,247.12
p2_N2_S2.6,1920.0,18.54,8.0,1,185.42
p2_N1_S1.6,1920.0,17.7,6.0,1,183.85
p2_S2_N2.6,1920.0,16.78,5.0,1,181.35
p2_S1_N1.6,1920.0,16.01,5.0,1,174.84
p2_N1_S1.7,1940.0,5.62,0.0,0,146.93
p2_S1_N1.7,1940.0,5.24,0.0,0,149.5
p2_N2_S2.7,1940.0,5.21,0.0,0,152.11
p2_S2_N2.7,1940.0,5.23,0.0,0,145.0
p2_W_E.6,1887.0,42.47,20.0,3,290.7
p2_E_W.17,1902.0,29.08,11.0,2,263.8
p2_W_E.7,1901.0,30.61,11.0,2,268.19
p2_E_W.18,1908.0,21.93,4.0,2,252.66
p2_E_W.19,1914.0,22.24,2.0,1,261.89
p2_E_W.20,1920.0,17.99,2.0,1,234.98
p2_W_E.8,1916.0,9.2,0.0,0,208.76
p2_E_W.21,1926.0,16.71,0.0,0,228.58
p2_E_S1.2,1923.0,12.87,0.0,0,226.37
p2_S2_W.2,1923.0,20.86,5.0,1,246.74
p2_E_W.22,1932.0,20.81,8.0,1,237.17
p2_S2_N2.8,1960.0,19.54,9.0,1,192.77
p2_S1_N1.8,1960.0,20.45,10.0,1,193.29
p2_N2_S2.8,1960.0,19.98,8.0,1,191.63
p2_S1_N1.9,1980.0,4.73,0.0,0,142.89
p2_N1_E.2,1923.0,11.08,0.0,0,215.7
p2_N1_S1.8,1960.0,15.44,6.0,1,181.84
p2_S2_N2.9,1980.0,5.86,0.0,0,147.57
p2_N1_S1.9,1980.0,6.27,0.0,0,148.46
p2_E_W.23,1938.0,33.71,14.0,2,272.76
p2_E_W.24,1944.0,29.58,11.0,1,273.07
p2_W_E.9,1930.0,29.31,12.0,2,262.98
p2_E_W.25,1950.0,22.04,9.0,1,237.02
p2_W_E.10,1944.0,35.15,6.0,1,259.39
p2_E_W.26,1956.0,18.97,5.0,1,226.02
p2_W_E.11,1959.0,11.92,0.0,0,213.53
p2_E_W.27,1962.0,14.97,2.0,1,225.21
p2_E_W.28,1968.0,14.65,1.0,1,230.84
p2_W_N1.3,1980.0,26.89,12.0,2,209.12
p2_N2_S2.9,1980.0,19.63,9.0,1,188.89
p2_S2_N2.10,2000.0,13.21,2.0,1,184.74
p2_N2_S2.10,2000.0,13.98,0.0,0,180.58
p2_W_E.12,1973.0,21.6,9.0,1,244.1
p2_S1_N1.10,2000.0,15.56,6.0,1,182.5
p2_N1_S1.10,2000.0,17.09,4.0,1,182.93
p2_E_W.29,1974.0,33.38,16.0,2,276.87
p2_E_W.30,1980.0,27.91,8.0,2,265.94
p2_E_S1.3,1983.0,29.52,7.0,1,272.18
p2_W_E.13,1988.0,20.75,5.0,1,237.28
p2_E_W.31,1986.0,26.35,6.0,1,259.14
p2_W_E.14,2002.0,11.18,0.0,0,218.56
p2_S2_N2.11,2020.0,20.87,10.0,1,197.41
p2_N1_S1.11,2020.0,19.96,10.0,1,187.39
p2_S1_N1.11,2020.0,19.67,8.0,1,181.98
p2_N1_S1.12,2040.0,5.82,0.0,0,143.85
p2_N2_S2.11,2020.0,15.86,5.0,1,176.99
p2_S2_N2.12,2040.0,6.08,0.0,0,146.89
p2_S1_N1.12,2040.0,5.9,0.0,0,156.15
p2_N2_S2.12,2040.0,8.86,0.0,0,154.01
p2_N1_E.3,1983.0,46.16,27.0,2,293.39
p2_E_W.32,1992.0,40.41,17.0,2,271.52
p2_W_E.15,2016.0,19.2,3.0,1,254.62
p2_S2_W.3,1983.0,53.3,26.0,3,308.46
p2_W_E.16,2031.0,6.7,0.0,0,200.3
p2_E_W.33,1998.0,40.57,20.0,2,289.99
p2_E_W.34,2004.0,36.38,16.0,2,278.86
p2_E_W.35,2010.0,32.08,11.0,2,271.97
p2_N2_S2.13,2060.0,6.2,0.0,0,150.81
p2_S2_N2.13,2060.0,11.64,0.0,0,173.3
p2_E_W.36,2016.0,16.68,3.0,1,229.32
p2_E_W.37,2022.0,25.97,2.0,1,250.23
p2_W_N1.4,2040.0,32.65,22.0,2,212.14
p2_E_W.38,2028.0,25.78,1.0,1,254.09
p2_N1_E.4,2043.0,14.14,0.0,0,232.19
p2_S1_N1.13,2060.0,23.76,13.0,1,192.32
p2_S1_N1.14,2080.0,6.16,0.0,0,147.38
p2_N1_S1.13,2060.0,17.65,8.0,1,181.55
p2_N1_S1.14,2080.0,10.59,0.0,0,148.76
p2_W_E.17,2045.0,30.97,16.0,1,256.25
p2_W_E.18,2060.0,18.58,5.0,1,238.31
p2_E_S1.4,2043.0,36.4,10.0,2,275.99
p2_E_W.39,2034.0,30.99,13.0,2,252.34
p2_E_W.40,2040.0,42.43,13.0,2,269.77
p2_E_W.41,2046.0,38.07,10.0,2,288.24
p2_E_W.42,2052.0,33.75,7.0,1,274.57
p2_N2_S2.14,2080.0,29.08,17.0,1,204.61
p2_N2_S2.15,2100.0,8.95,0.0,0,173.86
p2_S2_W.4,2043.0,31.78,9.0,2,262.42
p2_S2_N2.14,2080.0,24.15,13.0,1,194.39
p2_E_W.43,2058.0,35.66,12.0,1,281.95
p2_S2_N2.15,2100.0,13.48,0.0,0,172.48
p2_E_W.44,2064.0,31.4,6.0,1,273.54
p2_E_W.45,2070.0,23.55,1.0,1,279.73
p2_W_E.19,2074.0,23.84,11.0,1,231.21
p2_W_N1.5,2100.0,12.57,2.0,1,177.45
p2_N1_S1.15,2100.0,16.08,5.0,1,177.48
p2_S1_N1.15,2100.0,18.6,6.0,1,190.34
p2_N1_S1.16,2120.0,5.71,0.0,0,152.62
p2_S1_N1.16,2120.0,5.52,0.0,0,149.55
p2_W_E.20,2088.0,8.24,0.0,0,200.08
p2_E_W.46,2076.0,34.43,12.0,1,279.8
p2_E_W.47,2082.0,31.15,12.0,1,265.43
p2_E_W.48,2088.0,27.15,11.0,1,246.13
p2_E_W.49,2094.0,22.95,10.0,1,239.65
p2_S2_W.5,2103.0,14.95,0.0,0,243.02
p2_E_W.50,2100.0,21.46,9.0,1,233.04
p2_N2_S2.16,2120.0,22.13,11.0,1,186.7
p2_E_S1.5,2103.0,23.08,8.0,1,256.21
p2_N2_S2.17,2140.0,8.21,0.0,0,160.86
p2_E_W.51,2106.0,22.02,6.0,1,251.04
p2_S2_N2.16,2120.0,20.62,8.0,1,188.69
p2_S2_N2.17,2140.0,10.76,0.0,0,167.37
p2_N1_E.5,2103.0,29.3,11.0,2,267.82
p2_E_W.52,2112.0,12.22,0.0,0,225.0
p2_W_E.21,2103.0,36.78,13.0,2,290.84
p2_S1_N1.17,2140.0,20.9,8.0,1,188.72
p2_N1_S1.17,2140.0,19.88,8.0,1,190.28
p2_W_E.22,2117.0,24.49,4.0,1,278.39
p2_W_E.23,2132.0,9.56,0.0,0,215.01
p2_N1_S1.18,2160.0,5.31,0.0,0,147.24
p2_E_W.53,2118.0,33.48,12.0,1,265.66
p2_S2_N2.18,2160.0,15.43,4.0,1,180.52
p2_E_W.54,2124.0,28.14,12.0,1,257.03
p2_E_W.55,2130.0,22.65,10.0,1,234.4
p2_E_W.56,2136.0,22.99,9.0,1,241.2
p2_N2_S2.18,2160.0,11.21,1.0,1,176.67
p2_W_N1.6,2163.0,21.08,5.0,1,192.25
p2_W_E.24,2146.0,21.41,9.0,1,237.61
p2_S1_N1.18,2160.0,24.01,13.0,1,194.64
p2_S1_N1.19,2180.0,10.03,0.0,0,165.47
p2_N1_S1.19,2180.0,13.92,1.0,1,172.48
p2_W_E.25,2160.0,14.04,3.0,1,229.03
p2_E_W.57,2142.0,31.55,14.0,2,268.14
p2_N2_S2.19,2180.0,20.53,10.0,1,197.87
p2_S2_N2.19,2180.0,20.64,7.0,1,188.43
p2_N2_S2.20,2200.0,5.21,0.0,0,150.6
p2_E_W.58,2148.0,22.44,7.0,1,250.85
p2_E_W.59,2154.0,32.34,7.0,1,262.46
p2_S2_N2.20,2200.0,5.68,0.0,0,146.72
p2_E_W.60,2160.0,27.94,5.0,1,255.2
p2_S2_W.6,2163.0,19.89,0.0,0,272.17
p2_N1_E.6,2163.0,29.03,17.0,2,251.4
p2_W_E.26,2175.0,25.33,11.0,1,233.74
p2_E_S1.6,2163.0,23.73,9.0,1,247.29
p2_N1_S1.20,2200.0,24.62,12.0,1,200.45
p2_S1_N1.20,2200.0,17.13,8.0,1,181.69
p2_W_E.27,2189.0,11.38,0.0,0,218.81
p2_N1_S1.21,2220.0,5.99,0.0,0,147.64
p2_E_W.61,2166.0,47.73,21.0,2,281.53
p2_S2_N2.21,2220.0,17.73,7.0,1,184.66
p2_E_W.62,2172.0,40.9,18.0,2,274.44
p2_N2_S2.21,2220.0,15.68,4.0,1,184.44
p2_E_W.63,2178.0,32.66,12.0,2,262.7
p2_E_W.64,2184.0,27.6,15.0,1,252.22
p2_E_W.65,2190.0,36.44,14.0,1,263.85
p2_E_W.66,2196.0,32.03,9.0,1,272.27
p2_W_E.28,2204.0,25.05,12.0,1,238.86
p2_E_W.67,2202.0,18.75,3.0,1,250.75
p2_E_W.68,2208.0,19.07,0.0,0,256.52
p2_N1_E.7,2223.0,8.93,0.0,0,215.91
p2_E_W.69,2214.0,19.58,0.0,0,255.53
p2_W_N1.7,2221.0,30.97,17.0,2,210.53
p2_W_E.29,2218.0,18.31,6.0,1,232.4
p2_S2_N2.22,2240.0,23.4,12.0,1,197.22
p2_N1_S1.22,2240.0,23.88,10.0,1,196.03
p2_N1_S1.23,2260.0,6.44,0.0,0,151.71
p2_S2_N2.23,2260.0,5.78,0.0,0,146.7
p2_N2_S2.22,2240.0,20.32,10.0,1,188.57
p2_S1_N1.21,2220.0,38.68,27.0,1,209.7
p2_N2_S2.23,2260.0,9.05,0.0,0,171.74
p2_S1_N1.22,2240.0,30.32,12.0,1,208.06
p2_S1_N1.23,2260.0,5.65,0.0,0,152.37
p2_S2_W.7,2223.0,31.54,13.0,2,271.21
p2_W_N1.8,2280.0,7.14,0.0,0,167.98
p2_E_S1.7,2223.0,44.85,11.0,2,271.84
p2_E_W.70,2220.0,22.78,10.0,1,240.3
p2_E_W.71,2226.0,45.52,11.0,2,289.38
p2_W_E.30,2232.0,17.03,3.0,1,225.66
p2_E_W.72,2232.0,35.09,8.0,2,283.74
p2_W_E.31,2247.0,25.18,0.0,0,238.79
p2_S1_N1.24,2280.0,19.72,10.0,1,183.81
p2_S2_N2.24,2280.0,18.67,8.0,1,183.61
p2_N1_S1.24,2280.0,19.06,8.0,1,188.75
p2_N2_S2.24,2280.0,19.96,8.0,1,186.18
p2_N1_S1.25,2300.0,5.65,0.0,0,149.43
p2_S1_N1.25,2300.0,5.82,0.0,0,154.58
p2_E_W.73,2238.0,52.83,28.0,3,308.3
p2_W_E.32,2261.0,29.53,12.0,2,264.35
p2_W_E.33,2276.0,16.72,4.0,1,228.1
p2_E_W.74,2244.0,47.41,21.0,3,306.4
p2_E_W.75,2250.0,45.84,17.0,2,307.67
p2_E_W.76,2256.0,37.24,17.0,2,270.31
p2_E_W.77,2262.0,37.75,15.0,2,277.62
p2_E_W.78,2268.0,33.42,7.0,2,280.25
p2_N1_E.8,2283.0,18.48,6.0,1,233.04
p2_E_W.79,2274.0,23.89,3.0,1,254.24
p2_E_W.80,2280.0,26.05,2.0,1,252.48
p2_E_S1.8,2283.0,27.07,4.0,2,279.0
p2_S2_N2.25,2300.0,29.41,17.0,1,198.09
p2_E_W.81,2286.0,26.78,1.0,1,262.06
p2_S2_N2.26,2320.0,14.09,1.0,1,176.09
p2_N2_S2.25,2300.0,22.2,12.0,1,190.46
p2_S1_N1.26,2320.0,20.6,9.0,1,185.84
p2_N2_S2.26,2320.0,16.98,0.0,0,203.98
p2_N1_S1.26,2320.0,18.12,7.0,1,184.88
p2_W_E.34,2290.0,29.02,11.0,2,260.93
p2_S1_N1.27,2340.0,5.96,0.0,0,156.4
p2_N1_S1.27,2340.0,6.05,0.0,0,144.95
p2_S2_W.8,2283.0,48.12,20.0,2,309.53
p2_E_W.82,2292.0,41.52,21.0,2,280.59
p2_W_E.35,2304.0,9.15,0.0,0,212.44
p2_W_E.36,2319.0,11.92,0.0,0,213.67
p2_E_W.83,2298.0,27.53,11.0,1,254.2
p2_E_W.84,2304.0,39.35,10.0,1,290.43
p2_W_N1.9,2340.0,25.01,10.0,2,202.41
p2_E_W.85,2310.0,35.08,9.0,1,283.46
p2_S2_N2.27,2340.0,26.59,15.0,1,204.0
p2_N2_S2.27,2340.0,22.8,12.0,1,189.67
p2_N2_S2.28,2360.0,9.72,0.0,0,168.28
p2_E_W.86,2316.0,24.29,12.0,1,227.06
p2_S2_N2.28,2360.0,14.03,0.0,0,180.63
p2_S1_N1.28,2360.0,15.7,5.0,1,183.96
p2_E_W.87,2322.0,27.09,11.0,1,242.4
p2_W_E.37,2333.0,22.66,8.0,1,251.4
p2_N1_S1.28,2360.0,22.11,5.0,1,198.04
p2_W_E.38,2348.0,20.08,5.0,1,232.34
p2_W_E.39,2362.0,8.25,0.0,0,214.02
p2_E_W.88,2328.0,31.02,14.0,2,260.04
p2_E_W.89,2334.0,39.99,12.0,2,286.34
p2_E_W.90,2340.0,35.71,9.0,1,283.7
p2_N2_S2.29,2380.0,22.51,11.0,1,197.37
p2_E_S1.9,2343.0,31.46,9.0,2,259.41
p2_S1_N1.29,2380.0,23.48,11.0,1,197.03
p2_N1_S1.29,2380.0,24.75,11.0,1,202.71
p2_S2_N2.29,2380.0,21.45,11.0,1,195.76
p2_S2_N2.30,2400.0,5.77,0.0,0,148.31
p2_N1_S1.30,2400.0,6.57,0.0,0,146.87
p2_N2_S2.30,2400.0,6.16,0.0,0,157.66
p2_S1_N1.30,2400.0,6.55,0.0,0,152.01
p2_N1_E.9,2343.0,49.42,28.0,3,301.16
p2_E_W.91,2346.0,49.62,20.0,3,292.36
p2_W_E.40,2376.0,20.67,3.0,1,259.73
p2_E_W.92,2352.0,45.91,16.0,2,286.14
p2_W_E.41,2391.0,7.49,0.0,0,207.86
p2_S2_W.9,2343.0,53.77,21.0,2,297.58
p2_E_W.93,2358.0,44.71,18.0,2,287.97
p2_E_W.94,2364.0,40.49,13.0,2,279.97
p2_E_W.95,2370.0,36.15,10.0,2,283.62
p2_E_W.96,2376.0,25.56,7.0,1,240.83
p2_E_W.97,2382.0,23.5,6.0,1,242.94
p2_E_W.98,2388.0,26.11,6.0,1,253.55
p2_S2_W.10,2403.0,12.33,0.0,0,250.1
p2_S2_N2.31,2420.0,18.44,7.0,1,191.03
p2_E_W.99,2394.0,23.77,10.0,1,247.49
p2_N2_S2.31,2420.0,15.55,5.0,1,177.72
p2_W_N1.10,2400.0,40.41,26.0,2,227.22
p2_N2_S2.32,2440.0,5.86,0.0,0,152.5
p2_S2_N2.32,2440.0,6.24,0.0,0,151.66
p2_E_W.100,2400.0,14.12,0.0,0,218.91
p2_N1_E.10,2403.0,26.25,10.0,2,267.55
p2_E_S1.10,2403.0,26.62,1.0,1,261.47
p2_N1_S1.31,2420.0,34.3,22.0,1,209.65
p2_S1_N1.31,2420.0,34.23,23.0,1,210.6
p2_N1_S1.32,2440.0,16.06,4.0,1,192.94
p2_S1_N1.32,2440.0,16.48,4.0,1,186.97
p2_E_W.101,2406.0,37.28,12.0,1,270.83
p2_E_W.102,2412.0,33.85,10.0,1,271.17
p2_W_E.42,2405.0,38.09,24.0,1,262.11
p2_E_W.103,2418.0,24.28,10.0,1,241.99
p2_W_E.43,2420.0,33.41,14.0,1,258.51
p2_W_E.44,2434.0,21.11,2.0,1,243.99
p2_E_W.104,2424.0,21.19,7.0,1,240.84
p2_S2_N2.33,2460.0,19.08,8.0,1,189.71
p2_N1_S1.33,2460.0,20.2,9.0,1,193.89
p2_N2_S2.33,2460.0,19.96,8.0,1,188.75
p2_W_N1.11,2460.0,11.46,0.0,0,182.78
p2_S1_N1.33,2460.0,18.18,5.0,1,189.5
p2_N1_S1.34,2480.0,5.5,0.0,0,151.81
p2_N2_S2.34,2480.0,5.41,0.0,0,155.09
p2_S2_N2.34,2480.0,5.55,0.0,0,142.89
p2_S1_N1.34,2480.0,5.53,0.0,0,146.82
p2_W_E.45,2448.0,20.91,7.0,1,249.77
p2_E_W.105,2430.0,41.37,22.0,2,281.06
p2_E_W.106,2436.0,30.88,12.0,2,261.28
p2_E_W.107,2442.0,30.89,10.0,2,255.98
p2_E_W.108,2448.0,23.92,7.0,1,244.39
p2_E_W.109,2454.0,27.99,7.0,1,251.48
p2_E_W.110,2460.0,23.96,6.0,1,259.79
p2_E_S1.11,2463.0,18.45,3.0,1,237.85
p2_S2_W.11,2463.0,15.06,3.0,1,224.53
p2_N1_E.11,2463.0,16.79,2.0,1,224.56
p2_W_E.46,2463.0,30.66,11.0,1,248.37
p2_N2_S2.35,2500.0,20.06,8.0,1,187.96
p2_N1_S1.35,2500.0,20.97,9.0,1,187.29
p2_S1_N1.35,2500.0,18.68,8.0,1,191.08
p2_S2_N2.35,2500.0,17.63,8.0,1,188.67
p2_S1_N1.36,2520.0,5.76,0.0,0,152.69
p2_N1_S1.36,2520.0,6.16,0.0,0,146.33
p2_N2_S2.36,2520.0,5.96,0.0,0,154.75
p2_S2_N2.36,2520.0,5.55,0.0,0,151.12
p2_W_E.47,2477.0,34.89,16.0,2,270.14
p2_W_E.48,2492.0,21.88,9.0,1,235.69
p2_E_W.111,2466.0,40.59,22.0,2,284.33
p2_W_E.49,2506.0,8.0,0.0,0,208.07
p2_E_W.112,2472.0,44.68,20.0,2,300.68
p2_E_W.113,2478.0,34.82,12.0,2,280.81
p2_E_W.114,2484.0,32.6,8.0,2,281.33
p2_E_W.115,2490.0,32.08,6.0,1,290.16
p2_E_W.116,2496.0,27.75,6.0,1,291.42
p2_E_W.117,2502.0,20.34,5.0,1,240.41
p2_E_W.118,2508.0,19.41,3.0,1,256.35
p2_W_N1.12,2523.0,28.13,12.0,1,203.47
p2_W_E.50,2520.0,14.96,2.0,1,226.35
p2_S1_N1.37,2540.0,16.22,5.0,1,182.42
p2_N1_S1.37,2540.0,21.76,9.0,2,197.65
p2_N2_S2.37,2540.0,16.83,6.0,1,178.3
p2_E_W.119,2514.0,33.93,17.0,2,275.37
p2_S2_N2.37,2540.0,22.72,9.0,2,188.02
p2_E_W.120,2520.0,29.97,9.0,2,261.48
p2_S2_N2.38,2560.0,11.11,0.0,0,174.18
p2_E_S1.12,2523.0,32.3,7.0,2,263.43
p2_E_W.121,2526.0,30.81,4.0,1,264.23
p2_E_W.122,2532.0,27.71,4.0,2,262.74
p2_N1_E.12,2523.0,37.26,25.0,2,269.47
p2_E_W.123,2538.0,23.44,3.0,2,249.41
p2_N1_S1.38,2560.0,26.56,15.0,1,195.66
p2_N1_S1.39,2580.0,11.07,0.0,0,181.04
p2_W_E.51,2535.0,35.3,21.0,2,257.42
p2_S2_N2.39,2580.0,17.74,7.0,1,188.13
p2_S1_N1.38,2560.0,17.99,8.0,1,183.66
p2_S1_N1.39,2580.0,13.65,0.0,0,164.62
p2_E_W.124,2544.0,34.8,12.0,1,259.94
p2_N2_S2.38,2560.0,33.5,24.0,1,203.73
p2_E_W.125,2550.0,30.7,10.0,1,248.06
p2_N2_S2.39,2580.0,22.91,7.0,1,188.71
p2_S2_W.12,2523.0,59.0,37.0,3,317.2
p2_W_E.52,2549.0,39.84,22.0,2,286.01
p2_E_W.126,2556.0,21.58,5.0,2,249.96
p2_E_W.127,2562.0,27.11,1.0,1,255.57
p2_W_E.53,2564.0,27.06,10.0,1,259.43
p2_E_W.128,2568.0,23.7,0.0,0,261.04
p2_N1_E.13,2583.0,9.97,0.0,0,213.47
p2_E_W.129,2574.0,8.79,0.0,0,199.43
p2_E_W.130,2580.0,20.02,0.0,0,218.96
p2_S2_N2.40,2600.0,22.35,11.0,1,186.8
p2_N2_S2.40,2600.0,23.18,11.0,1,189.88
p2_N2_S2.41,2620.0,6.74,0.0,0,157.82
p2_S2_N2.41,2620.0,6.18,0.0,0,142.32
p2_W_N1.13,2581.0,34.33,20.0,2,207.33
p2_E_S1.13,2583.0,25.27,10.0,1,251.61
p2_E_W.131,2586.0,26.15,9.0,1,248.0
p2_W_E.54,2578.0,37.1,18.0,2,271.8
p2_N1_S1.40,2600.0,38.45,28.0,1,215.12
p2_S1_N1.40,2600.0,38.08,28.0,1,217.56
p2_N1_S1.41,2620.0,20.38,9.0,1,194.98
p2_N1_S1.42,2640.0,5.09,0.0,0,154.69
p2_W_E.55,2592.0,33.33,16.0,2,258.08
p2_W_E.56,2607.0,20.21,8.0,1,243.49
p2_W_E.57,2621.0,7.92,0.0,0,208.89
p2_S2_W.13,2583.0,43.05,19.0,4,284.87
p2_S1_N1.41,2620.0,9.16,0.0,0,163.39
p2_E_W.132,2592.0,40.93,20.0,2,292.0
p2_E_W.133,2598.0,36.65,14.0,2,291.61
p2_E_W.134,2604.0,32.43,10.0,1,277.08
p2_E_W.135,2610.0,28.13,10.0,1,250.03
p2_S2_N2.42,2640.0,19.58,9.0,1,189.32
p2_N2_S2.42,2640.0,18.01,7.0,1,187.67
p2_W_N1.14,2640.0,22.54,7.0,2,193.0
p2_N2_S2.43,2660.0,5.7,0.0,0,151.82
p2_S2_N2.43,2660.0,5.94,0.0,0,151.81
p2_S1_N1.42,2640.0,21.61,10.0,1,185.23
p2_S1_N1.43,2660.0,10.95,0.0,0,173.01
p2_N1_S1.43,2660.0,12.44,1.0,1,176.84
p2_W_E.58,2636.0,15.62,2.0,1,228.28
p2_E_W.136,2616.0,23.93,7.0,2,251.46
p2_E_W.137,2622.0,45.17,4.0,1,271.96
p2_E_S1.14,2643.0,23.28,2.0,1,240.34
p2_E_W.138,2628.0,17.56,4.0,1,234.16
p2_E_W.139,2634.0,36.91,2.0,1,260.74
p2_E_W.140,2640.0,32.66,2.0,1,278.22
p2_N1_E.14,2643.0,28.96,15.0,2,255.49
p2_E_W.141,2646.0,25.96,0.0,0,252.2
p2_S2_W.14,2643.0,32.48,6.0,1,291.3
p2_E_W.142,2652.0,25.85,11.0,1,254.13
p2_N2_S2.44,2680.0,20.97,10.0,1,192.92
p2_S2_N2.44,2680.0,16.78,8.0,1,183.6
p2_N2_S2.45,2700.0,5.66,0.0,0,147.42
p2_S2_N2.45,2700.0,5.66,0.0,0,147.59
p2_S1_N1.44,2680.0,23.59,12.0,1,191.79
p2_N1_S1.44,2680.0,19.26,7.0,1,177.41
p2_N1_S1.45,2700.0,12.15,0.0,0,167.77
p2_S1_N1.45,2700.0,6.08,0.0,0,145.35
p2_W_E.59,2650.0,34.15,14.0,2,265.09
p2_W_E.60,2664.0,19.5,2.0,1,248.4
p2_W_E.61,2679.0,19.49,1.0,1,235.64
p2_E_W.143,2658.0,28.69,13.0,1,264.39
p2_E_W.144,2664.0,41.11,12.0,1,276.56
p2_E_W.145,2670.0,30.15,10.0,1,263.66
p2_E_W.146,2676.0,32.47,9.0,1,261.17
p2_E_W.147,2682.0,19.73,3.0,1,244.58
p2_W_N1.15,2700.0,31.71,13.0,2,214.39
p2_E_W.148,2688.0,24.05,3.0,1,258.65
p2_E_W.149,2694.0,20.53,8.0,1,225.92
p2_N2_S2.46,2720.0,17.06,5.0,1,180.91
p2_N1_S1.46,2720.0,21.3,10.0,1,193.98
p2_S1_N1.46,2720.0,21.83,10.0,1,196.57
p2_S2_N2.46,2720.0,22.73,8.0,2,199.41
p2_N1_S1.47,2740.0,5.15,0.0,0,150.29
p2_N1_E.15,2703.0,24.53,10.0,1,259.27
p2_S1_N1.47,2740.0,5.92,0.0,0,144.51
p2_E_W.150,2700.0,32.61,15.0,2,278.62
p2_W_E.62,2693.0,23.73,6.0,1,253.98
p2_W_E.63,2708.0,32.09,9.0,2,254.72
p2_E_S1.15,2703.0,36.88,14.0,3,283.51
p2_N2_S2.47,2740.0,22.34,12.0,1,194.06
p2_N2_S2.48,2760.0,6.09,0.0,0,146.97
p2_E_W.151,2706.0,30.6,8.0,2,259.45
p2_S2_N2.47,2740.0,16.54,6.0,1,188.27
p2_S2_N2.48,2760.0,6.4,0.0,0,154.59
p2_W_N1.16,2760.0,13.82,2.0,1,176.73
p2_E_W.152,2712.0,15.29,1.0,1,228.34
p2_S1_N1.48,2760.0,16.97,5.0,1,182.96
p2_E_W.153,2718.0,24.15,0.0,0,243.77
p2_N1_S1.48,2760.0,15.0,4.0,1,181.06
p2_S2_W.15,2703.0,53.65,24.0,2,309.6
p2_W_E.64,2722.0,20.04,7.0,1,237.51
p2_W_E.65,2736.0,27.23,8.0,1,248.63
p2_N1_S1.49,2780.0,5.2,0.0,0,145.98
p2_W_E.66,2751.0,11.55,0.0,0,211.17
p2_E_W.154,2724.0,45.12,25.0,2,277.94
p2_E_W.155,2730.0,38.86,21.0,2,272.67
p2_E_W.156,2736.0,37.87,15.0,2,280.18
p2_E_W.157,2742.0,33.61,9.0,1,282.69
p2_N2_S2.49,2780.0,18.78,8.0,1,192.28
p2_S2_N2.49,2780.0,18.36,7.0,1,185.23
p2_E_W.158,2748.0,29.38,9.0,1,268.65
p2_S2_W.16,2763.0,15.31,0.0,0,247.72
p2_E_W.159,2754.0,22.5,8.0,1,239.56
p2_N2_S2.50,2800.0,5.76,0.0,0,149.66
p2_S2_N2.50,2800.0,6.08,0.0,0,154.96
p2_E_W.160,2760.0,16.8,3.0,1,227.88
p2_E_S1.16,2763.0,20.25,2.0,1,247.35
p2_E_W.161,2766.0,13.14,0.0,0,224.34
p2_N1_E.16,2763.0,18.83,3.0,2,244.59
p2_E_W.162,2772.0,22.56,0.0,0,250.94
p2_W_E.67,2765.0,30.57,12.0,1,259.45
p2_E_W.163,2778.0,18.26,0.0,0,248.39
p2_W_E.68,2780.0,17.17,2.0,1,240.48
p2_N1_S1.50,2800.0,18.99,7.0,1,186.5
p2_S1_N1.49,2780.0,34.89,24.0,1,205.64
p2_W_E.69,2794.0,6.94,0.0,0,196.57
p2_S1_N1.50,2800.0,20.58,8.0,1,188.4
p2_N1_S1.51,2820.0,5.63,0.0,0,154.76
p2_S1_N1.51,2820.0,6.03,0.0,0,153.48
p2_E_W.164,2784.0,25.8,10.0,1,242.68
p2_E_W.165,2790.0,22.56,11.0,1,241.65
p2_E_W.166,2796.0,18.39,6.0,1,230.63
p2_S2_N2.51,2820.0,19.56,9.0,1,191.37
p2_E_W.167,2802.0,13.3,1.0,1,227.0
p2_N2_S2.51,2820.0,17.76,6.0,1,193.3
p2_W_N1.17,2820.0,19.76,5.0,2,186.04
p2_N2_S2.52,2840.0,5.91,0.0,0,150.21
p2_S2_N2.52,2840.0,6.06,0.0,0,152.12
p2_E_W.168,2808.0,7.08,0.0,0,201.8
p2_E_W.169,2814.0,11.76,0.0,0,216.11
p2_E_W.170,2820.0,12.32,0.0,0,215.47
p2_S1_N1.52,2840.0,14.08,4.0,1,185.06
p2_N1_S1.52,2840.0,20.43,4.0,1,193.69
p2_W_E.70,2808.0,18.11,6.0,1,232.92
p2_W_E.71,2823.0,24.94,3.0,1,241.95
p2_W_E.72,2837.0,9.49,0.0,0,212.91
p2_E_S1.17,2823.0,21.86,10.0,2,237.89
p2_E_W.171,2826.0,23.07,8.0,2,242.52
p2_S2_W.17,2823.0,30.41,8.0,2,279.04
p2_N1_S1.53,2860.0,20.55,9.0,1,193.2
p2_S2_N2.53,2860.0,19.31,9.0,1,185.27
p2_S1_N1.53,2860.0,19.41,8.0,1,184.39
p2_N2_S2.53,2860.0,17.18,6.0,1,184.65
p2_S1_N1.54,2880.0,5.48,0.0,0,147.27
p2_N2_S2.54,2880.0,6.49,0.0,0,153.79
p2_S2_N2.54,2880.0,6.01,0.0,0,144.19
p2_N1_S1.54,2880.0,5.76,0.0,0,150.48
p2_N1_E.17,2823.0,48.17,30.0,3,302.25
p2_W_E.73,2852.0,21.63,4.0,1,248.49
p2_E_W.172,2832.0,34.59,17.0,2,268.82
p2_E_W.173,2838.0,28.67,8.0,1,258.64
p2_E_W.174,2844.0,35.66,7.0,1,266.95
p2_E_W.175,2850.0,31.4,6.0,1,274.76
p2_W_E.74,2866.0,7.23,0.0,0,198.88
p2_E_W.176,2856.0,27.16,5.0,1,249.53
p2_E_W.177,2862.0,20.62,4.0,1,244.15
p2_E_W.178,2868.0,18.74,1.0,1,256.78
p2_W_N1.18,2883.0,25.48,9.0,1,196.91
p2_S2_W.18,2883.0,7.64,0.0,0,213.19
p2_E_W.179,2874.0,19.91,7.0,1,226.25
p2_N2_S2.55,2900.0,20.58,10.0,1,188.58
p2_S2_N2.55,2900.0,19.85,8.0,1,185.4
p2_S1_N1.55,2900.0,18.74,8.0,1,183.08
p2_S1_N1.56,2920.0,6.66,0.0,0,156.11
p2_N2_S2.56,2920.0,6.01,0.0,0,152.92
p2_S2_N2.56,2920.0,5.9,0.0,0,153.32
p2_E_W.180,2880.0,31.7,13.0,2,265.45
p2_W_E.75,2880.0,29.53,13.0,2,263.01
p2_E_S1.18,2883.0,32.11,11.0,1,266.41
p2_E_W.181,2886.0,31.44,9.0,1,272.14
p2_E_W.182,2892.0,24.52,9.0,1,247.67
p2_W_E.76,2895.0,12.55,0.0,0,215.08
p2_E_W.183,2898.0,24.71,7.0,1,241.48
p2_W_E.77,2909.0,13.36,0.0,0,212.36
p2_E_W.184,2904.0,13.89,0.0,0,217.91
p2_W_N1.19,2941.0,6.81,0.0,0,164.58
p2_N1_E.18,2883.0,44.96,33.0,2,274.22
p2_S1_N1.57,2940.0,17.9,7.0,1,188.54
p2_W_E.78,2924.0,13.68,0.0,0,234.85
p2_N1_S1.55,2900.0,54.16,39.0,3,243.71
p2_N1_S1.56,2920.0,36.09,24.0,1,212.11
p2_N1_S1.57,2940.0,25.09,8.0,1,202.16
p2_N2_S2.57,2940.0,19.25,9.0,1,183.17
p2_S2_N2.57,2940.0,18.39,7.0,1,178.98
p2_S2_N2.58,2960.0,9.42,0.0,0,165.26
p2_N2_S2.58,2960.0,5.08,0.0,0,151.35
p2_E_W.185,2910.0,34.07,17.0,2,265.61
p2_E_W.186,2916.0,37.26,13.0,2,281.11
p2_E_W.187,2922.0,32.96,8.0,2,280.21
p2_W_E.79,2938.0,16.49,3.0,1,228.94
p2_E_W.188,2928.0,28.65,3.0,1,267.84
p2_E_W.189,2934.0,24.36,2.0,1,266.82
p2_N1_S1.58,2960.0,22.08,11.0,1,191.84
p2_S1_N1.58,2960.0,20.58,9.0,1,188.72
p2_N1_E.19,2943.0,22.04,8.0,1,238.3
p2_S1_N1.59,2980.0,8.66,0.0,0,155.46
p2_E_W.190,2940.0,33.64,11.0,2,259.55
p2_E_S1.19,2943.0,33.35,10.0,1,255.76
p2_S2_N2.59,2980.0,19.14,8.0,1,188.12
p2_N2_S2.59,2980.0,15.93,4.0,1,180.2
p2_S2_W.19,2943.0,28.9,10.0,2,260.06
p2_N2_S2.60,3000.0,6.35,0.0,0,151.27
p2_E_W.191,2946.0,24.34,12.0,1,236.08
p2_W_E.80,2952.0,36.41,19.0,2,274.21
p2_E_W.192,2952.0,36.84,10.0,1,253.64
p2_E_W.193,2958.0,32.35,8.0,1,268.52
p2_E_W.194,2964.0,29.15,5.0,1,274.12
p2_W_E.81,2967.0,21.44,8.0,1,228.76
p2_W_N1.20,3000.0,16.09,5.0,1,185.04
p2_E_W.195,2970.0,15.43,0.0,0,262.79
p2_E_W.196,2976.0,21.71,0.0,0,271.52
p2_W_E.82,2981.0,16.84,4.0,1,227.85
p2_S1_N1.60,3000.0,19.71,8.0,1,199.28
p2_W_E.83,2996.0,6.59,0.0,0,195.88
p2_N1_S1.59,2980.0,33.55,23.0,1,207.47
p2_N1_S1.60,3000.0,28.1,10.0,1,203.01
p2_N1_S1.61,3020.0,8.98,0.0,0,166.77
p2_N2_S2.61,3020.0,14.14,4.0,1,188.77
p2_E_W.197,2982.0,23.84,12.0,1,235.61
p2_S2_N2.60,3000.0,33.29,23.0,1,216.85
p2_E_W.198,2988.0,27.76,12.0,1,253.52
p2_E_W.199,2994.0,22.25,6.0,1,250.57
p2_S2_N2.61,3020.0,11.04,0.0,0,163.97
p2_E_S1.20,3003.0,24.69,0.0,0,233.99
p2_N1_E.20,3003.0,19.55,8.0,1,233.04
p2_W_E.84,3010.0,24.05,11.0,1,243.06
p2_E_W.200,3000.0,8.73,0.0,0,203.72
p2_E_W.201,3006.0,31.01,0.0,0,244.49
p2_E_W.202,3012.0,25.48,0.0,0,255.29
p2_N1_S1.62,3040.0,20.54,8.0,1,193.27
p2_N2_S2.62,3040.0,20.56,8.0,1,192.03
p2_S2_N2.62,3040.0,20.22,9.0,1,187.97
p2_E_W.203,3018.0,22.42,0.0,0,247.51
p2_S1_N1.61,3020.0,38.14,28.0,1,218.04
p2_S1_N1.62,3040.0,19.65,7.0,1,181.61
p2_N2_S2.63,3060.0,6.54,0.0,0,154.18
p2_N1_S1.63,3060.0,5.79,0.0,0,149.78
p2_W_E.85,3024.0,27.69,9.0,1,262.93
p2_W_E.86,3039.0,15.11,2.0,1,230.83
p2_S2_W.20,3003.0,42.11,25.0,2,280.13
p2_E_W.204,3024.0,28.35,9.0,1,265.4
p2_E_W.205,3030.0,14.89,0.0,0,233.65
p2_W_N1.21,3060.0,25.81,12.0,2,200.56
p2_E_W.206,3036.0,27.4,0.0,0,238.58
p2_E_W.207,3042.0,20.0,0.0,0,243.72
p2_E_W.208,3048.0,19.96,0.0,0,233.47
p2_W_E.87,3053.0,21.03,10.0,1,227.39
p2_S1_N1.63,3060.0,33.46,22.0,1,207.88
p2_S1_N1.64,3080.0,21.96,7.0,1,190.17
p2_N1_S1.64,3080.0,24.15,8.0,2,195.23
p2_N2_S2.64,3080.0,19.55,8.0,1,180.47
p2_S2_N2.63,3060.0,38.49,29.0,1,212.73
p2_S2_N2.64,3080.0,21.28,10.0,1,188.11
p2_N2_S2.65,3100.0,6.36,0.0,0,154.3
p2_S2_N2.65,3100.0,11.17,0.0,0,163.28
p2_W_E.88,3068.0,22.56,8.0,1,246.67
p2_E_W.209,3054.0,26.82,9.0,2,256.58
p2_E_W.210,3060.0,32.95,7.0,2,281.31
p2_E_S1.21,3063.0,28.7,6.0,2,266.91
p2_W_E.89,3082.0,10.64,0.0,0,230.62
p2_E_W.211,3066.0,26.45,3.0,1,263.05
p2_E_W.212,3072.0,22.3,3.0,1,255.72
p2_N1_S1.65,3100.0,22.66,11.0,1,196.72
p2_N1_E.21,3063.0,39.87,22.0,2,268.51
p2_N1_S1.66,3120.0,5.67,0.0,0,144.66
p2_S1_N1.65,3100.0,19.27,8.0,1,188.22
p2_S1_N1.66,3120.0,8.79,0.0,0,156.64
p2_W_E.90,3096.0,13.18,2.0,1,224.48
p2_E_W.213,3078.0,35.57,14.0,2,266.09
p2_E_W.214,3084.0,31.48,10.0,1,262.31
p2_E_W.215,3090.0,27.55,10.0,1,251.48
p2_S2_W.21,3063.0,54.32,33.0,2,307.8
p2_S2_N2.66,3120.0,20.98,9.0,1,190.51
p2_N2_S2.66,3120.0,19.59,8.0,1,181.65
p2_S2_N2.67,3140.0,6.33,0.0,0,156.8
p2_E_W.216,3096.0,19.83,4.0,1,247.1
p2_E_W.217,3102.0,24.97,3.0,1,256.97
p2_N2_S2.67,3140.0,5.04,0.0,0,151.52
p2_E_W.218,3108.0,20.68,0.0,0,259.03
p2_E_W.219,3114.0,16.37,0.0,0,256.54
p2_E_W.220,3120.0,12.15,0.0,0,229.91
p2_W_E.91,3111.0,23.36,11.0,1,240.08
p2_W_N1.22,3120.0,32.99,19.0,2,209.04
p2_E_S1.22,3123.0,22.52,12.0,1,234.05
p2_S1_N1.67,3140.0,32.15,23.0,1,209.0
p2_S1_N1.68,3160.0,15.94,3.0,1,193.09
p2_N1_S1.67,3140.0,41.53,25.0,2,216.08
p2_W_E.92,3125.0,35.37,18.0,1,246.0
p2_E_W.221,3126.0,39.33,23.0,2,259.24
p2_N2_S2.68,3160.0,28.56,18.0,1,204.88
p2_S2_W.22,3123.0,43.9,23.0,2,290.95
p2_N2_S2.69,3180.0,10.44,0.0,0,173.14
p2_S2_N2.68,3160.0,24.74,13.0,1,189.58
p2_S2_N2.69,3180.0,15.11,0.0,0,185.2
p2_W_N1.23,3180.0,16.78,5.0,1,186.54
p2_E_W.222,3132.0,27.04,8.0,2,256.98
p2_E_W.223,3138.0,40.07,4.0,1,278.75
p2_S1_N1.69,3180.0,20.08,9.0,1,188.06
p2_W_E.93,3140.0,38.69,19.0,2,287.48
p2_N1_S1.68,3160.0,37.81,17.0,2,225.39
p2_W_E.94,3154.0,22.99,8.0,1,239.75
p2_N1_S1.69,3180.0,20.66,8.0,1,191.24
p2_S1_N1.70,3200.0,5.69,0.0,0,146.74
p2_N1_E.22,3123.0,55.05,39.0,2,286.25
p2_W_E.95,3168.0,17.92,6.0,1,231.33
p2_E_W.224,3144.0,45.76,15.0,2,305.57
p2_E_W.225,3150.0,36.93,12.0,1,283.79
p2_E_W.226,3156.0,43.07,12.0,1,286.48
p2_E_W.227,3162.0,29.39,11.0,1,244.87
p2_E_W.228,3168.0,31.56,10.0,1,272.73
p2_E_W.229,3174.0,30.39,10.0,1,265.63
p2_S2_W.23,3183.0,22.64,0.0,0,276.83
p2_S2_N2.70,3200.0,22.23,12.0,1,189.97
p2_E_W.230,3180.0,28.01,9.0,1,275.54
p2_N2_S2.70,3200.0,18.35,9.0,1,189.33
p2_S2_N2.71,3220.0,5.99,0.0,0,147.68
p2_N2_S2.71,3220.0,7.97,0.0,0,164.63
p2_E_S1.23,3183.0,29.97,10.0,2,276.33
p2_N1_E.23,3183.0,32.19,9.0,2,282.74
p2_W_E.96,3183.0,34.68,17.0,2,278.53
p2_W_E.97,3197.0,22.52,6.0,1,247.23
p2_N1_S1.70,3200.0,40.11,26.0,1,223.33
p2_W_E.98,3212.0,9.18,0.0,0,204.75
p2_S1_N1.71,3220.0,17.15,6.0,1,180.51
p2_N1_S1.71,3220.0,20.92,9.0,1,185.32
p2_N1_S1.72,3240.0,6.07,0.0,0,153.9
p2_S1_N1.72,3240.0,5.97,0.0,0,150.2
p2_E_W.231,3186.0,43.45,23.0,3,276.19
p2_N2_S2.72,3240.0,15.42,3.0,1,180.09
p2_E_W.232,3192.0,41.67,16.0,2,287.06
p2_S2_N2.72,3240.0,16.23,5.0,1,187.18
p2_E_W.233,3198.0,38.49,13.0,1,283.23
p2_E_W.234,3204.0,34.33,12.0,1,263.5
p2_E_W.235,3210.0,30.12,12.0,1,253.21
p2_E_W.236,3216.0,23.85,11.0,1,264.65
p2_W_E.99,3226.0,20.83,10.0,1,235.84
p2_E_W.237,3222.0,13.64,0.0,0,231.42
p2_E_W.238,3228.0,26.42,0.0,0,260.24
p2_E_W.239,3234.0,15.59,0.0,0,238.87
p2_W_N1.24,3243.0,34.49,21.0,2,213.14
p2_E_W.240,3240.0,10.77,0.0,0,221.59
p2_S2_N2.73,3260.0,21.57,11.0,1,186.14
p2_N2_S2.73,3260.0,20.43,10.0,1,182.54
p2_E_S1.24,3243.0,16.71,5.0,1,224.9
p2_N2_S2.74,3280.0,6.26,0.0,0,153.02
p2_S1_N1.73,3260.0,26.99,15.0,1,205.19
p2_W_E.100,3240.0,32.45,16.0,2,265.55
p2_N1_S1.73,3260.0,29.28,15.0,2,199.83
p2_S2_W.24,3243.0,30.55,13.0,2,266.87
p2_E_W.241,3246.0,35.36,16.0,2,277.05
p2_S1_N1.74,3280.0,6.62,0.0,0,153.26
p2_E_W.242,3252.0,28.05,9.0,2,271.42
p2_E_W.243,3258.0,27.02,6.0,2,279.97
p2_W_E.101,3255.0,23.49,11.0,1,236.78
p2_E_W.244,3264.0,22.76,2.0,1,259.58
p2_N2_S2.75,3300.0,17.27,5.0,1,188.1
p2_W_N1.25,3301.0,7.46,0.0,0,164.89
p2_N1_S1.74,3280.0,37.86,20.0,1,226.12
p2_N1_S1.75,3300.0,19.57,9.0,1,185.69
p2_S1_N1.75,3300.0,19.02,7.0,1,191.4
p2_S2_N2.74,3280.0,33.33,22.0,1,208.28
p2_S2_N2.75,3300.0,23.25,9.0,1,202.7
p2_N1_S1.76,3320.0,5.26,0.0,0,152.52
p2_N1_E.24,3243.0,66.01,47.0,3,324.54
p2_W_E.102,3269.0,42.0,18.0,2,291.18
p2_W_E.103,3284.0,28.95,9.0,2,261.14
p2_E_W.245,3270.0,32.35,13.0,2,260.13
p2_E_W.246,3276.0,34.6,11.0,2,272.93
p2_E_W.247,3282.0,32.94,6.0,2,290.17
p2_E_W.248,3288.0,30.67,1.0,1,292.01
p2_W_E.104,3298.0,9.9,0.0,0,221.1
p2_E_W.249,3294.0,26.31,1.0,1,277.3
p2_E_S1.25,3303.0,18.4,0.0,0,240.74
p2_N2_S2.76,3320.0,23.34,13.0,1,195.2
p2_S2_N2.76,3320.0,23.63,12.0,1,195.33
p2_E_W.250,3300.0,17.55,0.0,0,235.61
p2_S2_N2.77,3340.0,5.74,0.0,0,151.7
p2_S2_W.25,3303.0,17.46,3.0,1,219.34
p2_N2_S2.77,3340.0,5.81,0.0,0,150.2
p2_N1_E.25,3303.0,31.47,14.0,2,275.01
p2_N1_S1.77,3340.0,18.26,6.0,1,185.61
p2_W_E.105,3312.0,25.64,7.0,1,258.57
p2_S1_N1.76,3320.0,38.86,29.0,1,225.43
p2_S1_N1.77,3340.0,20.63,10.0,1,188.62
p2_S1_N1.78,3360.0,5.47,0.0,0,146.92
p2_E_W.251,3306.0,39.19,21.0,2,272.94
p2_E_W.252,3312.0,41.76,18.0,2,282.0
p2_W_E.106,3327.0,8.43,0.0,0,198.14
p2_W_E.107,3341.0,14.17,0.0,0,216.34
p2_E_W.253,3318.0,37.5,14.0,2,282.86
p2_E_W.254,3324.0,33.24,8.0,1,283.52
p2_N2_S2.78,3360.0,18.83,8.0,1,183.54
p2_S2_N2.78,3360.0,19.7,9.0,1,190.65
p2_E_W.255,3330.0,28.98,7.0,1,266.11
p2_E_W.256,3336.0,24.73,11.0,1,268.93
p2_E_W.257,3342.0,15.64,2.0,1,218.98
p2_E_W.258,3348.0,18.46,0.0,0,243.44
p2_E_W.259,3354.0,14.08,0.0,0,224.8
p2_E_W.260,3360.0,9.01,0.0,0,215.72
p2_W_N1.26,3360.0,32.79,17.0,2,215.97
p2_W_E.108,3356.0,16.43,5.0,1,228.69
p2_S1_N1.79,3380.0,19.6,10.0,1,196.11
p2_N1_S1.78,3360.0,31.63,20.0,1,204.38
p2_N1_S1.79,3380.0,29.69,12.0,1,208.85
p2_S2_N2.79,3380.0,29.4,19.0,1,203.08
p2_N1_S1.80,3400.0,11.36,0.0,0,170.2
p2_N2_S2.79,3380.0,29.35,19.0,1,202.28
p2_S2_N2.80,3400.0,13.11,1.0,1,185.81
p2_N2_S2.80,3400.0,14.64,1.0,1,185.33
p2_W_E.109,3370.0,32.43,15.0,2,268.59
p2_N1_E.26,3363.0,40.7,19.0,1,281.25
p2_S2_W.26,3363.0,35.3,13.0,3,269.9
p2_E_S1.26,3363.0,29.0,13.0,2,245.91
p2_E_W.261,3366.0,41.98,17.0,2,300.18
p2_E_W.262,3372.0,37.66,16.0,2,292.61
p2_E_W.263,3378.0,22.48,6.0,2,246.36
p2_E_W.264,3384.0,32.98,1.0,1,275.96
p2_W_E.110,3384.0,27.14,12.0,1,242.94
p2_E_W.265,3390.0,28.64,0.0,0,278.23
p2_W_E.111,3399.0,20.71,2.0,1,240.01
p2_N1_S1.81,3420.0,20.56,8.0,1,188.83
p2_W_N1.27,3420.0,14.13,5.0,1,182.51
p2_S1_N1.80,3400.0,39.59,28.0,1,216.61
p2_S1_N1.81,3420.0,22.4,9.0,1,188.32
p2_S2_N2.81,3420.0,26.34,14.0,1,197.32
p2_S1_N1.82,3440.0,7.57,0.0,0,164.11
p2_N2_S2.81,3420.0,23.06,12.0,1,196.85
p2_N2_S2.82,3440.0,13.01,0.0,0,183.17
p2_S2_N2.82,3440.0,14.21,0.0,0,181.65
p2_E_W.266,3396.0,32.44,12.0,1,267.63
p2_E_W.267,3402.0,33.5,15.0,2,279.76
p2_E_W.268,3408.0,29.28,7.0,2,286.41
p2_W_E.112,3413.0,25.08,11.0,1,242.8
p2_E_W.269,3414.0,23.48,1.0,1,257.53
p2_E_W.270,3420.0,20.72,1.0,1,260.82
p2_E_S1.27,3423.0,19.17,0.0,0,251.47
p2_E_W.271,3426.0,18.13,0.0,0,235.69
p2_E_W.272,3432.0,14.15,0.0,0,222.23
p2_N1_E.27,3423.0,27.32,10.0,2,248.2
p2_W_E.113,3428.0,26.56,11.0,2,246.08
p2_N1_S1.82,3440.0,37.01,22.0,1,216.13
p2_S1_N1.83,3460.0,17.08,7.0,1,183.45
p2_N1_S1.83,3460.0,18.35,7.0,1,181.09
p2_N2_S2.83,3460.0,21.61,11.0,1,194.86
p2_S2_N2.83,3460.0,23.13,11.0,1,197.21
p2_N2_S2.84,3480.0,6.12,0.0,0,148.74
p2_S2_N2.84,3480.0,6.03,0.0,0,148.04
p2_S2_W.27,3423.0,44.12,22.0,2,288.94
p2_E_W.273,3438.0,24.49,4.0,1,255.94
p2_W_E.114,3442.0,32.29,13.0,2,273.96
p2_E_W.274,3444.0,31.76,4.0,1,266.23
p2_W_E.115,3456.0,20.37,6.0,1,233.7
p2_E_W.275,3450.0,22.84,1.0,1,274.6
p2_E_W.276,3456.0,23.3,0.0,0,276.59
p2_E_W.277,3462.0,18.96,0.0,0,265.4
p2_E_W.278,3468.0,14.88,0.0,0,247.66
p2_W_N1.28,3480.0,22.57,10.0,1,194.04
p2_S1_N1.84,3480.0,32.53,22.0,1,209.29
p2_N1_S1.84,3480.0,31.15,21.0,1,202.62
p2_N2_S2.85,3500.0,13.91,3.0,1,185.62
p2_N1_S1.85,3500.0,19.41,5.0,1,190.83
p2_S1_N1.85,3500.0,9.43,0.0,0,170.96
p2_S2_N2.85,3500.0,14.27,0.0,0,179.18
p2_E_W.279,3474.0,30.13,11.0,2,261.26
p2_W_E.116,3471.0,31.11,15.0,2,270.61
p2_E_W.280,3480.0,22.88,3.0,1,249.81
p2_E_S1.28,3483.0,24.19,2.0,1,251.2
p2_W_E.117,3485.0,22.11,9.0,1,231.4
p2_E_W.281,3486.0,24.32,1.0,1,249.56
p2_E_W.282,3492.0,20.16,0.0,0,255.42
p2_E_W.283,3498.0,15.99,0.0,0,232.66
p2_N2_S2.86,3520.0,19.22,8.0,1,193.22
p2_S2_N2.86,3520.0,17.43,7.0,1,186.61
p2_N1_S1.86,3520.0,22.45,11.0,1,193.91
p2_S1_N1.86,3520.0,21.46,8.0,1,190.0
p2_N2_S2.87,3540.0,6.23,0.0,0,148.43
p2_S2_N2.87,3540.0,5.49,0.0,0,148.02
p2_S1_N1.87,3540.0,6.2,0.0,0,147.89
p2_N1_S1.87,3540.0,5.53,0.0,0,147.91
p2_N1_E.28,3483.0,47.71,25.0,2,296.49
p2_W_E.118,3500.0,30.87,14.0,1,265.85
p2_W_E.119,3514.0,22.75,1.0,1,259.09
p2_S2_W.28,3483.0,45.18,29.0,3,283.27
p2_W_E.120,3528.0,10.51,0.0,0,225.41
p2_E_W.284,3504.0,34.1,15.0,2,279.05
p2_E_W.285,3510.0,31.26,10.0,2,280.39
p2_W_N1.29,3540.0,24.06,8.0,2,199.52
p2_N2_S2.88,3560.0,15.35,4.0,1,183.89
p2_S1_N1.88,3560.0,18.78,7.0,1,183.64
p2_S2_N2.88,3560.0,21.3,6.0,1,188.82
p2_N1_S1.88,3560.0,15.48,5.0,1,177.49
p2_N1_E.29,3543.0,23.96,9.0,1,256.59
p2_W_E.121,3543.0,26.03,7.0,2,255.81
p2_W_E.122,3557.0,13.88,0.0,0,232.39
p2_S2_N2.89,3580.0,21.23,11.0,1,192.94
p2_N2_S2.89,3580.0,20.47,9.0,1,193.65
p2_E_W.286,3516.0,32.78,14.0,2,261.1
p2_S1_N1.89,3580.0,22.75,13.0,1,190.34
p2_E_W.287,3522.0,62.88,13.0,2,295.09
p2_E_W.288,3528.0,61.03,12.0,2,299.32
p2_N1_S1.89,3580.0,21.95,10.0,1,192.05
p2_E_W.289,3534.0,54.66,11.0,2,303.7
p2_E_W.290,3540.0,56.66,20.0,2,316.93
p2_W_E.123,3572.0,18.32,4.0,1,232.69
p2_W_E.124,3586.0,16.06,0.0,0,219.53
p2_E_S1.29,3543.0,47.58,14.0,2,282.16
p2_E_W.291,3546.0,50.02,12.0,2,291.87
p2_E_W.292,3552.0,50.63,11.0,1,297.48
p2_E_W.293,3558.0,49.4,9.0,1,301.93
p2_S2_W.29,3543.0,65.6,32.0,3,343.07
p2_E_W.294,3564.0,40.9,19.0,2,282.41
p2_E_W.295,3570.0,33.21,12.0,2,269.67
p2_E_W.296,3576.0,40.38,10.0,2,291.75
p2_E_W.297,3582.0,36.1,8.0,1,302.47
p2_E_W.298,3588.0,31.41,6.0,1,283.89
p2_E_W.299,3594.0,18.57,7.0,1,237.59
