variante,base,episodio,semilla,lr,segundos,vehiculos,espera_prom,timeloss_prom,cola_prom,cola_max,recompensa,recompensa_decision,recompensa_total_decision,decisiones,decisiones_libres,cambios_fase,paradas_prom,throughput,co2_prom,nox_prom,no_terminados,spillback_tasa,spillback_seg,spillback_eventos,cola_max_enlace,veh_max_enlace,viaje_corredor_prom,retraso_corredor_prom,retraso_corredor_punta,paradas_corredor,paradas_corredor_le1,spill_activaciones,spill_suma,epsilon,perdida_q,q_medio,actualizaciones,transiciones,eval_timeloss,eval_espera,ret_retraso,ret_colas,ret_spill,val_999,val,algoritmo,recompensa_tipo
vecinos,42,1,43,5.00e-04,4.4,1844,25.95,63.35,12.79,57,-10813.7,-13.917,-36.508,649,432,215,2.344,1743,258.8,89.2,0,0.0,0,0,0,0,,,,,,0,0.0,1.0,,,0,649,,,-118468.39,-54347.83,-118468.39,,,dqn,retraso
vecinos,42,2,44,5.00e-04,5.5,1844,35.06,79.95,16.75,73,-14591.9,-18.378,-45.328,665,448,216,3.047,1723,286.7,99.2,0,0.0,0,0,0,0,,,,,,0,0.0,0.9683,0.04878,-0.1289,315,1314,,,-150715.44,-72970.88,-150715.44,,,dqn,retraso
vecinos,42,3,45,5.00e-04,6.1,1844,21.98,52.22,11.18,48,-9150.6,-12.072,-30.535,635,425,207,2.102,1787,245.0,84.1,0,0.0,0,0,0,0,,,,,,0,0.0,0.9367,0.00621,-0.2672,950,1949,,,-96949.0,-45907.83,-96949.0,,,dqn,retraso
vecinos,42,4,46,5.00e-04,6.4,1844,27.18,70.89,13.39,53,-11202.6,-14.436,-40.675,649,434,213,2.6,1713,269.6,92.9,0,0.0,0,0,0,0,,,,,,0,0.0,0.905,0.00867,-0.7759,1599,2598,,,-131991.86,-56282.81,-131991.86,,,dqn,retraso
vecinos,42,5,47,5.00e-04,6.4,1844,35.23,79.8,17.5,69,-14818.2,-19.421,-46.606,650,456,190,2.838,1742,286.3,99.1,0,0.0,0,0,0,0,,,,,,0,0.0,0.8733,0.00766,-1.1079,2249,3248,,,-151468.89,-74155.02,-151468.89,,,dqn,retraso
vecinos,42,6,48,5.00e-04,5.8,1844,17.19,40.45,9.1,33,-7173.4,-9.733,-24.078,615,408,205,1.613,1792,225.8,77.5,0,0.0,0,0,0,0,,,,,,0,0.0,0.8417,0.00549,-1.4756,2864,3863,,,-74041.27,-36028.23,-74041.27,,,dqn,retraso
vecinos,42,7,49,5.00e-04,5.8,1844,16.63,42.74,8.8,46,-6959.5,-9.43,-25.24,620,418,199,1.695,1805,228.4,78.3,0,0.0,0,0,0,0,,,,,,0,0.0,0.81,0.00948,-1.8315,3484,4483,,,-78245.26,-34969.5,-78245.26,,,dqn,retraso
vecinos,42,8,50,5.00e-04,5.4,1844,7.49,21.19,4.25,21,-3311.3,-4.499,-12.082,619,421,196,0.751,1811,191.3,65.5,0,0.0,0,0,0,0,,,,,,0,0.0,0.7783,0.0099,-1.8647,4103,5102,,,-37393.42,-16729.25,-37393.42,,,dqn,retraso
vecinos,42,9,51,5.00e-04,5.2,1844,10.02,25.96,5.49,29,-4321.2,-5.839,-14.867,622,419,199,0.953,1809,200.2,68.6,0,0.0,0,0,0,0,,,,,,0,0.0,0.7467,0.00986,-1.9866,4725,5724,,,-46236.96,-21789.22,-46236.96,,,dqn,retraso
vecinos,42,10,52,5.00e-04,5.4,1844,7.99,22.14,4.45,25,-3513.5,-4.716,-12.367,628,430,196,0.766,1794,193.8,66.3,0,0.0,0,0,0,0,,,,,,0,0.0,0.715,0.01139,-1.9633,5353,6352,15.91,5.27,-38831.74,-17758.94,-38831.74,15.91,15.91,dqn,retraso
vecinos,42,11,53,5.00e-04,5.4,1844,7.09,20.46,4.06,22,-3171.8,-4.327,-11.461,620,429,190,0.688,1810,190.1,65.1,0,0.0,0,0,0,0,,,,,,0,0.0,0.6833,0.01103,-1.9723,5973,6972,,,-35530.51,-15929.22,-35530.51,,,dqn,retraso
vecinos,42,12,54,5.00e-04,5.5,1844,8.7,23.59,4.87,24,-3797.2,-5.173,-13.568,617,418,197,0.879,1803,195.8,67.1,0,0.0,0,0,0,0,,,,,,0,0.0,0.6517,0.01315,-2.0319,6590,7589,,,-41857.89,-19052.64,-41857.89,,,dqn,retraso
vecinos,42,13,55,5.00e-04,5.6,1844,9.09,23.86,5.05,28,-3962.1,-5.383,-13.666,618,419,198,0.857,1805,196.9,67.5,0,0.0,0,0,0,0,,,,,,0,0.0,0.62,0.01269,-2.0228,7208,8207,,,-42227.63,-19921.36,-42227.63,,,dqn,retraso
vecinos,42,14,56,5.00e-04,5.7,1844,6.8,19.97,3.91,24,-3057.1,-4.154,-11.203,623,431,190,0.678,1803,189.0,64.7,0,0.0,0,0,0,0,,,,,,0,0.0,0.5883,0.01314,-2.0769,7831,8830,,,-34898.22,-15392.97,-34898.22,,,dqn,retraso
vecinos,42,15,57,5.00e-04,5.6,1844,6.47,19.31,3.75,18,-2911.2,-3.966,-10.8,622,431,188,0.659,1807,188.5,64.6,0,0.0,0,0,0,0,,,,,,0,0.0,0.5567,0.01432,-2.1193,8453,9452,,,-33587.83,-14668.55,-33587.83,,,dqn,retraso
vecinos,42,16,58,5.00e-04,5.6,1844,6.61,19.58,3.8,18,-2951.8,-4.0,-10.955,624,431,192,0.67,1809,188.3,64.5,0,0.0,0,0,0,0,,,,,,0,0.0,0.525,0.01397,-2.1155,9077,10076,,,-34179.2,-14972.32,-34179.2,,,dqn,retraso
vecinos,42,17,59,5.00e-04,5.5,1844,5.57,17.72,3.29,21,-2551.0,-3.471,-9.842,619,422,195,0.597,1808,184.5,63.2,0,0.0,0,0,0,0,,,,,,0,0.0,0.4933,0.01421,-2.1976,9696,10695,,,-30459.81,-12882.81,-30459.81,,,dqn,retraso
vecinos,42,18,60,5.00e-04,5.7,1844,5.77,18.07,3.4,14,-2641.7,-3.599,-10.016,623,435,187,0.596,1805,185.0,63.3,0,0.0,0,0,0,0,,,,,,0,0.0,0.4617,0.01414,-2.1892,10319,11318,,,-31199.73,-13311.83,-31199.73,,,dqn,retraso
vecinos,42,19,61,5.00e-04,5.5,1844,6.0,18.52,3.51,19,-2729.1,-3.713,-10.253,626,441,183,0.6,1810,185.8,63.6,0,0.0,0,0,0,0,,,,,,0,0.0,0.43,0.01389,-2.2059,10945,11944,,,-32090.35,-13795.54,-32090.35,,,dqn,retraso
vecinos,42,20,62,5.00e-04,5.4,1844,4.88,16.75,2.95,14,-2267.4,-3.085,-9.248,618,421,196,0.553,1811,182.6,62.5,0,0.0,0,0,0,0,,,,,,0,0.0,0.3983,0.01393,-2.2457,11563,12562,15.08,4.01,-28576.99,-11493.02,-28576.99,15.08,15.08,dqn,retraso
vecinos,42,21,63,5.00e-04,5.5,1844,4.97,16.98,2.96,14,-2306.1,-3.104,-9.147,629,436,191,0.547,1805,183.3,62.7,0,0.0,0,0,0,0,,,,,,0,0.0,0.3667,0.01385,-2.2343,12192,13191,,,-28767.66,-11662.92,-28767.66,,,dqn,retraso
vecinos,42,22,64,5.00e-04,5.5,1844,5.18,16.7,3.1,15,-2417.9,-3.294,-9.11,632,457,173,0.508,1804,181.8,62.3,0,0.0,0,0,0,0,,,,,,0,0.0,0.335,0.0139,-2.2683,12824,13823,,,-28786.09,-12229.75,-28786.09,,,dqn,retraso
vecinos,42,23,65,5.00e-04,5.6,1844,5.06,16.68,3.03,15,-2378.6,-3.232,-9.062,631,452,177,0.508,1810,181.5,62.2,0,0.0,0,0,0,0,,,,,,0,0.0,0.3033,0.01344,-2.2738,13455,14454,,,-28591.99,-11964.09,-28591.99,,,dqn,retraso
vecinos,42,24,66,5.00e-04,5.5,1844,5.01,16.51,3.0,16,-2333.1,-3.166,-8.912,633,455,176,0.503,1811,181.6,62.2,0,0.0,0,0,0,0,,,,,,0,0.0,0.2717,0.01335,-2.3282,14088,15087,,,-28206.56,-11820.22,-28206.56,,,dqn,retraso
vecinos,42,25,67,5.00e-04,5.5,1844,4.79,16.37,2.9,18,-2262.9,-3.079,-8.955,628,446,180,0.514,1809,181.5,62.2,0,0.0,0,0,0,0,,,,,,0,0.0,0.24,0.01361,-2.3518,14716,15715,,,-28118.97,-11377.75,-28118.97,,,dqn,retraso
vecinos,42,26,68,5.00e-04,5.3,1844,4.63,16.15,2.82,15,-2167.5,-2.945,-8.826,622,429,191,0.515,1806,181.3,62.1,0,0.0,0,0,0,0,,,,,,0,0.0,0.2083,0.01343,-2.3564,15338,16337,,,-27449.31,-10995.9,-27449.31,,,dqn,retraso
vecinos,42,27,69,5.00e-04,5.4,1844,4.45,15.67,2.72,12,-2110.8,-2.86,-8.422,636,463,171,0.467,1804,179.8,61.6,0,0.0,0,0,0,0,,,,,,0,0.0,0.1767,0.01308,-2.3678,15974,16973,,,-26781.65,-10741.06,-26781.65,,,dqn,retraso
vecinos,42,28,70,5.00e-04,5.3,1844,4.4,15.35,2.71,12,-2123.6,-2.889,-8.185,640,476,160,0.426,1807,178.7,61.3,0,0.0,0,0,0,0,,,,,,0,0.0,0.145,0.01341,-2.4578,16614,17613,,,-26193.35,-10729.94,-26193.35,,,dqn,retraso
vecinos,42,29,71,5.00e-04,5.6,1844,4.59,15.69,2.81,11,-2200.2,-2.998,-8.414,639,476,160,0.458,1806,179.2,61.4,0,0.0,0,0,0,0,,,,,,0,0.0,0.1133,0.01308,-2.4612,17253,18252,,,-26882.82,-11111.97,-26882.82,,,dqn,retraso
vecinos,42,30,72,5.00e-04,5.5,1844,4.29,15.59,2.65,13,-2033.2,-2.759,-8.418,625,435,188,0.485,1808,179.8,61.6,0,0.0,0,0,0,0,,,,,,0,0.0,0.0817,0.01354,-2.5207,17878,18877,15.1,4.1,-26306.65,-10327.02,-26306.65,15.1,15.1,dqn,retraso
vecinos,42,31,73,5.00e-04,7.1,1844,4.76,15.65,2.89,11,-2287.6,-3.117,-8.368,648,497,144,0.42,1809,178.7,61.3,0,0.0,0,0,0,0,,,,,,0,0.0,0.05,0.01294,-2.5668,18526,19525,,,-27111.71,-11591.76,-27111.71,,,dqn,retraso
vecinos,42,32,74,5.00e-04,6.8,1844,4.91,15.5,2.95,12,-2374.2,-3.221,-8.351,650,494,148,0.411,1807,178.2,61.2,0,0.0,0,0,0,0,,,,,,0,0.0,0.05,0.01319,-2.5908,19176,20175,,,-27141.64,-11973.33,-27141.64,,,dqn,retraso
vecinos,42,33,75,5.00e-04,6.3,1844,4.06,15.35,2.53,12,-1932.1,-2.622,-8.424,619,419,198,0.499,1806,179.9,61.6,0,0.0,0,0,0,0,,,,,,0,0.0,0.05,0.01317,-2.6198,19795,20794,,,-26071.11,-9843.75,-26071.11,,,dqn,retraso
vecinos,42,34,76,5.00e-04,5.8,1844,4.28,15.8,2.64,15,-2042.0,-2.771,-8.432,631,450,178,0.477,1805,180.2,61.7,0,0.0,0,0,0,0,,,,,,0,0.0,0.05,0.0132,-2.6809,20426,21425,,,-26603.34,-10333.4,-26603.34,,,dqn,retraso
vecinos,42,35,77,5.00e-04,6.3,1844,4.89,15.76,2.94,11,-2363.0,-3.202,-8.469,648,483,152,0.434,1810,178.7,61.3,0,0.0,0,0,0,0,,,,,,0,0.0,0.05,0.01311,-2.6843,21074,22073,,,-27439.37,-11880.4,-27439.37,,,dqn,retraso
vecinos,42,36,78,5.00e-04,6.7,1844,3.95,15.26,2.48,10,-1892.8,-2.575,-8.274,621,428,192,0.485,1806,179.7,61.5,0,0.0,0,0,0,0,,,,,,0,0.0,0.05,0.01287,-2.6959,21695,22694,,,-25691.29,-9600.74,-25691.29,,,dqn,retraso
vecinos,42,37,79,5.00e-04,6.8,1844,4.33,15.57,2.67,13,-2085.1,-2.837,-8.455,629,446,179,0.476,1811,179.5,61.5,0,0.0,0,0,0,0,,,,,,0,0.0,0.05,0.01267,-2.7279,22324,23323,,,-26590.12,-10500.48,-26590.12,,,dqn,retraso
vecinos,42,38,80,5.00e-04,6.8,1844,4.13,14.9,2.57,11,-1981.1,-2.695,-7.98,638,471,164,0.434,1807,177.9,61.0,0,0.0,0,0,0,0,,,,,,0,0.0,0.05,0.01258,-2.748,22962,23961,,,-25457.69,-10116.95,-25457.69,,,dqn,retraso
vecinos,42,39,81,5.00e-04,6.1,1844,4.22,15.81,2.61,12,-1984.4,-2.689,-8.688,614,405,207,0.517,1806,181.3,62.0,0,0.0,0,0,0,0,,,,,,0,0.0,0.05,0.01269,-2.82,23576,24575,,,-26671.47,-10142.95,-26671.47,,,dqn,retraso
vecinos,42,40,82,5.00e-04,7.6,1844,4.31,15.99,2.66,12,-2062.1,-2.802,-8.68,621,424,193,0.488,1806,181.1,62.0,0,0.0,0,0,0,0,,,,,,0,0.0,0.05,0.01288,-2.8396,24197,25196,16.52,5.94,-26951.1,-10456.86,-26951.1,16.52,16.52,dqn,retraso
vecinos,42,41,83,5.00e-04,6.6,1844,5.18,15.53,3.09,13,-2503.2,-3.396,-8.364,658,510,133,0.387,1805,177.7,61.1,0,0.0,0,0,0,0,,,,,,0,0.0,0.05,0.01313,-2.871,24855,25854,,,-27516.53,-12686.83,-27516.53,,,dqn,retraso
vecinos,42,42,84,5.00e-04,6.2,1844,4.07,15.35,2.54,11,-1952.1,-2.66,-8.319,624,435,184,0.459,1808,179.7,61.5,0,0.0,0,0,0,0,,,,,,0,0.0,0.05,0.01285,-2.8701,25479,26478,,,-25955.0,-9945.58,-25955.0,,,dqn,retraso
vecinos,42,43,85,5.00e-04,6.5,1844,4.03,15.28,2.52,12,-1934.6,-2.629,-8.335,622,428,191,0.475,1807,179.1,61.3,0,0.0,0,0,0,0,,,,,,0,0.0,0.05,0.0127,-2.871,26101,27100,,,-25920.6,-9819.45,-25920.6,,,dqn,retraso
vecinos,42,44,86,5.00e-04,7.8,1844,4.94,15.93,2.97,11,-2347.4,-3.189,-8.533,648,486,149,0.421,1807,179.2,61.5,0,0.0,0,0,0,0,,,,,,0,0.0,0.05,0.01281,-2.8987,26749,27748,,,-27646.82,-12005.42,-27646.82,,,dqn,retraso
vecinos,42,45,87,5.00e-04,8.0,1844,4.87,15.53,2.94,13,-2357.8,-3.208,-8.349,651,493,141,0.397,1805,178.0,61.1,0,0.0,0,0,0,0,,,,,,0,0.0,0.05,0.01239,-2.8752,27400,28399,,,-27174.84,-11934.75,-27174.84,,,dqn,retraso
vecinos,42,46,88,5.00e-04,6.4,1844,4.87,15.46,2.94,11,-2365.1,-3.214,-8.246,652,499,141,0.396,1810,177.8,61.1,0,0.0,0,0,0,0,,,,,,0,0.0,0.05,0.01243,-2.8637,28052,29051,,,-26882.49,-11912.81,-26882.49,,,dqn,retraso
vecinos,42,47,89,5.00e-04,7.8,1844,4.73,15.62,2.87,11,-2275.9,-3.092,-8.321,647,486,151,0.418,1806,178.4,61.2,0,0.0,0,0,0,0,,,,,,0,0.0,0.05,0.01243,-2.8829,28699,29698,,,-26919.95,-11583.6,-26919.95,,,dqn,retraso
vecinos,42,48,90,5.00e-04,6.4,1844,4.93,16.22,2.97,11,-2361.5,-3.204,-8.878,634,449,174,0.468,1807,180.3,61.8,0,0.0,0,0,0,0,,,,,,0,0.0,0.05,0.01226,-2.8991,29333,30332,,,-28144.76,-11949.07,-28144.76,,,dqn,retraso
vecinos,42,49,91,5.00e-04,6.3,1844,4.11,15.48,2.56,11,-1950.7,-2.654,-8.51,614,409,204,0.518,1807,180.3,61.7,0,0.0,0,0,0,0,,,,,,0,0.0,0.05,0.01201,-2.9022,29947,30946,,,-26126.96,-9909.21,-26126.96,,,dqn,retraso
vecinos,42,50,92,5.00e-04,6.6,1844,4.74,15.57,2.87,13,-2283.6,-3.098,-8.309,650,491,147,0.413,1804,178.6,61.3,0,0.0,0,0,0,0,,,,,,0,0.0,0.05,0.0127,-2.9462,30597,31596,15.01,4.28,-27002.65,-11591.75,-27002.65,15.01,15.01,dqn,retraso
vecinos,42,51,93,5.00e-04,6.2,1844,4.64,15.33,2.83,12,-2247.1,-3.057,-8.239,645,486,151,0.42,1808,177.9,61.1,0,0.0,0,0,0,0,,,,,,0,0.0,0.05,0.01239,-2.9611,31242,32241,,,-26572.11,-11339.02,-26572.11,,,dqn,retraso
vecinos,42,52,94,5.00e-04,6.8,1844,4.03,15.43,2.52,12,-1916.8,-2.604,-8.478,615,410,203,0.494,1809,180.0,61.6,0,0.0,0,0,0,0,,,,,,0,0.0,0.05,0.01264,-3.0062,31857,32856,,,-26068.58,-9776.98,-26068.58,,,dqn,retraso
vecinos,42,53,95,5.00e-04,6.9,1844,4.64,15.75,2.82,12,-2218.0,-3.005,-8.544,637,460,171,0.47,1809,179.4,61.5,0,0.0,0,0,0,0,,,,,,0,0.0,0.05,0.01244,-3.0275,32494,33493,,,-27212.72,-11205.3,-27212.72,,,dqn,retraso
vecinos,42,54,96,5.00e-04,6.2,1844,4.51,15.48,2.76,11,-2155.5,-2.925,-8.313,639,471,165,0.457,1804,179.4,61.5,0,0.0,0,0,0,0,,,,,,0,0.0,0.05,0.01255,-3.008,33133,34132,,,-26561.42,-10883.85,-26561.42,,,dqn,retraso
vecinos,42,55,97,5.00e-04,6.1,1844,4.72,15.64,2.88,12,-2264.0,-3.089,-8.432,641,474,155,0.434,1810,179.1,61.4,0,0.0,0,0,0,0,,,,,,0,0.0,0.05,0.01227,-3.0548,33774,34773,,,-27024.27,-11478.6,-27024.27,,,dqn,retraso
vecinos,42,56,98,5.00e-04,6.0,1844,4.93,15.75,2.94,12,-2388.2,-3.219,-8.29,659,503,141,0.401,1805,179.0,61.5,0,0.0,0,0,0,0,,,,,,0,0.0,0.05,0.01214,-3.0669,34433,35432,,,-27314.98,-12059.34,-27314.98,,,dqn,retraso
vecinos,42,57,99,5.00e-04,5.5,1844,4.78,15.31,2.89,10,-2310.8,-3.14,-8.181,651,497,143,0.406,1808,177.7,61.1,0,0.0,0,0,0,0,,,,,,0,0.0,0.05,0.01203,-3.0708,35084,36083,,,-26630.41,-11739.11,-26630.41,,,dqn,retraso
vecinos,42,58,100,5.00e-04,5.7,1844,4.41,15.39,2.71,12,-2143.2,-2.92,-8.175,642,481,155,0.424,1806,178.6,61.3,0,0.0,0,0,0,0,,,,,,0,0.0,0.05,0.01227,-3.0794,35726,36725,,,-26242.83,-10815.91,-26242.83,,,dqn,retraso
vecinos,42,59,101,5.00e-04,6.2,1844,4.31,15.08,2.65,11,-2082.0,-2.817,-8.028,645,482,159,0.435,1807,178.3,61.2,0,0.0,0,0,0,0,,,,,,0,0.0,0.05,0.01206,-3.0835,36371,37370,,,-25889.17,-10536.63,-25889.17,,,dqn,retraso
vecinos,42,60,102,5.00e-04,5.8,1844,4.74,15.53,2.87,12,-2292.5,-3.111,-8.227,653,507,141,0.386,1808,178.2,61.2,0,0.0,0,0,0,0,,,,,,0,0.0,0.05,0.01174,-3.0771,37024,38023,15.07,3.92,-26860.13,-11601.56,-26860.13,15.07,15.07,dqn,retraso
